Temp,Humid (%),Light (Fux),CO2 (pmm),Fruit_Banana,Fruit_Orange,Fruit_Pineapple,Fruit_Tomato,Class_Encoded
22,95.0,7.358649263,361.0,0.0,1.0,0.0,0.0,1
24,95.0,14.83589827,370.0,0.0,1.0,0.0,0.0,0
25,95.0,10.10404473,355.0,0.0,0.0,1.0,0.0,0
25,89.0,20.17964285,388.0,1.0,0.0,0.0,0.0,1
23,90.0,12.62144823,316.0,0.0,0.0,0.0,1.0,1
23,95.0,5.809598838,347.0,0.0,1.0,0.0,0.0,1
25,95.0,10.28117628,365.0,0.0,0.0,1.0,0.0,0
25,95.0,14.67251295,380.0,0.0,0.0,0.0,1.0,0
24,95.0,19.00030193,292.0,1.0,0.0,0.0,0.0,0
24,95.0,14.51078894,315.0,0.0,0.0,1.0,0.0,1
26,93.0,6.613669965,399.0,0.0,0.0,0.0,1.0,1
22,87.5,12.34050263,322.0,0.0,0.0,1.0,0.0,1
25,95.0,12.27113269,411.0,0.0,0.0,1.0,0.0,0
24,95.0,16.38466179,391.0,0.0,1.0,0.0,0.0,0
24,93.0,10.58215896,377.0,0.0,0.0,0.0,1.0,1
24,95.0,16.29477154,348.0,0.0,0.0,0.0,1.0,0
22,95.0,6.613669965,244.0,0.0,1.0,0.0,0.0,1
24,95.0,14.1136139,317.0,0.0,0.0,1.0,0.0,1
25,95.0,13.80304952,379.0,0.0,0.0,0.0,1.0,0
23,93.0,12.62144823,340.0,0.0,0.0,1.0,0.0,1
25,95.0,11.46485093,455.0,0.0,0.0,1.0,0.0,0
23,95.0,8.775098629,191.0,0.0,1.0,0.0,0.0,1
22,95.0,7.969740423,379.0,0.0,1.0,0.0,0.0,1
26,90.0,19.95991509,299.0,1.0,0.0,0.0,0.0,1
23,87.5,6.48823229,292.0,0.0,0.0,0.0,1.0,1
23,91.0,9.987371503,358.0,0.0,0.0,0.0,1.0,1
24,95.0,14.91822038,381.0,0.0,1.0,0.0,0.0,0
22,93.0,11.92938136,354.0,0.0,0.0,0.0,1.0,1
23,89.0,8.619414571,297.0,0.0,0.0,0.0,1.0,1
24,94.0,19.20950925,314.0,1.0,0.0,0.0,0.0,1
22,95.0,4.538130868,342.0,0.0,1.0,0.0,0.0,1
22,91.0,12.76402932,338.0,0.0,0.0,1.0,0.0,1
24,92.0,11.20647613,374.0,0.0,0.0,0.0,1.0,1
24,87.5,13.57421101,335.0,1.0,0.0,0.0,0.0,1
24,95.0,14.1136139,315.0,0.0,0.0,1.0,0.0,1
26,88.0,7.450253315,396.0,0.0,0.0,0.0,1.0,1
24,95.0,14.83589827,406.0,0.0,1.0,0.0,0.0,0
22,95.0,7.450253315,299.0,0.0,1.0,0.0,0.0,1
24,95.0,12.48027818,249.0,1.0,0.0,0.0,0.0,0
23,95.0,6.655874013,244.0,0.0,1.0,0.0,0.0,1
25,89.0,19.31496687,383.0,1.0,0.0,0.0,0.0,1
25,95.0,11.20647613,320.0,0.0,0.0,1.0,0.0,0
23,90.0,12.90803823,332.0,0.0,0.0,0.0,1.0,1
25,95.0,11.59594835,427.0,0.0,0.0,1.0,0.0,0
25,95.0,12.98058343,387.0,0.0,0.0,0.0,1.0,0
22,95.0,6.740875089,251.0,0.0,1.0,0.0,0.0,1
25,87.5,13.65010619,346.0,1.0,0.0,0.0,0.0,1
22,95.0,8.516848104,373.0,0.0,1.0,0.0,0.0,1
23,89.0,8.568009903,310.0,0.0,0.0,0.0,1.0,1
24,95.0,16.02789778,346.0,0.0,0.0,0.0,1.0,0
22,95.0,7.000692513,347.0,0.0,1.0,0.0,0.0,1
22,95.0,6.826673276,292.0,0.0,1.0,0.0,0.0,1
23,95.0,4.47356027,331.0,0.0,1.0,0.0,0.0,1
23,87.5,12.62144823,331.0,0.0,0.0,1.0,0.0,1
22,95.0,7.404343951,351.0,0.0,1.0,0.0,0.0,1
23,91.0,13.42356205,338.0,0.0,0.0,0.0,1.0,1
25,95.0,11.39978246,314.0,0.0,0.0,1.0,0.0,0
24,95.0,15.25176672,368.0,0.0,1.0,0.0,0.0,0
24,95.0,16.02789778,376.0,0.0,1.0,0.0,0.0,0
25,87.5,13.57421101,349.0,1.0,0.0,0.0,0.0,1
23,95.0,14.75399666,380.0,0.0,1.0,0.0,0.0,0
22,95.0,6.364536513,256.0,0.0,1.0,0.0,0.0,1
23,90.0,12.48027818,329.0,0.0,0.0,0.0,1.0,1
23,95.0,4.904260592,348.0,0.0,1.0,0.0,0.0,1
24,95.0,16.38466179,254.0,1.0,0.0,0.0,0.0,0
24,95.0,14.35070581,396.0,0.0,0.0,0.0,1.0,1
24,95.0,12.48027818,251.0,1.0,0.0,0.0,0.0,0
24,95.0,16.29477154,404.0,0.0,1.0,0.0,0.0,0
25,87.5,13.72638492,348.0,1.0,0.0,0.0,0.0,1
24,95.0,11.99705843,286.0,0.0,0.0,0.0,1.0,0
24,95.0,16.29477154,385.0,0.0,0.0,0.0,1.0,0
23,95.0,15.50647254,218.0,0.0,1.0,0.0,0.0,0
25,95.0,11.59594835,436.0,0.0,0.0,1.0,0.0,0
22,95.0,9.039550676,184.5,0.0,1.0,0.0,0.0,1
25,87.5,13.72638492,345.0,1.0,0.0,0.0,0.0,1
24,95.0,14.75399666,382.0,0.0,1.0,0.0,0.0,0
26,95.0,17.21524677,317.0,1.0,0.0,0.0,0.0,1
22,95.0,7.873279406,184.5,0.0,1.0,0.0,0.0,1
25,87.5,13.27441976,356.0,1.0,0.0,0.0,0.0,1
25,95.0,11.01598084,291.0,0.0,0.0,1.0,0.0,0
24,95.0,15.08413665,364.0,0.0,1.0,0.0,0.0,0
24,95.0,12.55068787,251.0,1.0,0.0,0.0,0.0,0
23,90.0,12.69256136,318.0,0.0,0.0,0.0,1.0,1
26,94.0,14.43054353,302.0,1.0,0.0,0.0,0.0,1
23,90.0,12.55068787,329.0,0.0,0.0,0.0,1.0,1
22,95.0,7.0889296,292.0,0.0,1.0,0.0,0.0,1
25,95.0,15.42113219,403.0,0.0,0.0,0.0,1.0,0
23,95.0,4.904260592,349.0,0.0,1.0,0.0,0.0,1
25,89.0,19.10462223,403.0,1.0,0.0,0.0,0.0,1
26,94.0,6.48823229,402.0,0.0,0.0,0.0,1.0,1
22,95.0,12.90803823,335.0,0.0,0.0,1.0,0.0,1
22,95.0,6.740875089,260.0,0.0,1.0,0.0,0.0,1
23,95.0,14.59144457,398.0,0.0,1.0,0.0,0.0,0
23,95.0,4.702223982,343.0,0.0,1.0,0.0,0.0,1
22,90.0,13.20040797,324.0,0.0,0.0,0.0,1.0,1
25,95.0,9.987371503,310.0,0.0,0.0,1.0,0.0,0
24,95.0,12.98058343,301.0,0.0,0.0,0.0,1.0,0
26,91.0,6.956882353,407.0,0.0,0.0,0.0,1.0,1
24,95.0,16.74896501,250.0,1.0,0.0,0.0,0.0,0
26,91.0,20.40179801,298.0,1.0,0.0,0.0,0.0,1
23,91.0,8.364807255,371.0,0.0,0.0,0.0,1.0,1
24,89.0,13.20040797,412.0,0.0,0.0,0.0,1.0,1
22,95.0,12.69256136,340.0,0.0,0.0,1.0,0.0,1
23,90.0,12.76402932,329.0,0.0,0.0,0.0,1.0,1
26,95.0,20.85352641,405.0,1.0,0.0,0.0,0.0,1
24,95.0,14.03538213,313.0,0.0,0.0,1.0,0.0,1
24,95.0,14.1136139,325.0,0.0,0.0,1.0,0.0,1
24,95.0,16.74896501,388.0,0.0,1.0,0.0,0.0,0
26,90.0,19.20950925,392.0,1.0,0.0,0.0,0.0,1
23,95.0,4.441500903,336.0,0.0,1.0,0.0,0.0,1
25,95.0,12.90803823,374.0,0.0,0.0,0.0,1.0,0
22,95.0,6.869873736,296.0,0.0,1.0,0.0,0.0,1
26,95.0,17.40523312,318.0,1.0,0.0,0.0,0.0,1
24,95.0,14.83589827,421.0,0.0,1.0,0.0,0.0,0
24,88.0,10.28117628,242.0,0.0,0.0,0.0,1.0,1
25,89.0,19.00030193,393.0,1.0,0.0,0.0,0.0,1
23,95.0,4.904260592,317.0,0.0,1.0,0.0,0.0,1
24,95.0,12.48027818,254.0,1.0,0.0,0.0,0.0,0
25,95.0,10.04556771,301.0,0.0,0.0,1.0,0.0,0
22,95.0,7.404343951,352.0,0.0,1.0,0.0,0.0,1
23,95.0,14.43054353,211.0,0.0,1.0,0.0,0.0,0
24,95.0,14.75399666,407.0,0.0,1.0,0.0,0.0,0
22,95.0,12.90803823,337.0,0.0,0.0,1.0,0.0,1
23,92.0,12.76402932,339.0,0.0,0.0,1.0,0.0,1
24,95.0,13.27441976,259.0,1.0,0.0,0.0,0.0,0
24,95.0,14.91822038,393.0,0.0,1.0,0.0,0.0,0
26,87.5,7.542720421,415.0,0.0,0.0,0.0,1.0,1
23,95.0,15.00096563,220.0,0.0,1.0,0.0,0.0,0
26,88.0,7.404343951,391.0,0.0,0.0,0.0,1.0,1
23,95.0,14.83589827,403.0,0.0,1.0,0.0,0.0,0
24,95.0,14.91822038,376.0,0.0,1.0,0.0,0.0,0
23,95.0,16.20534945,257.0,0.0,1.0,0.0,0.0,0
22,95.0,13.80304952,348.0,0.0,0.0,1.0,0.0,1
23,92.0,10.22184745,358.0,0.0,0.0,0.0,1.0,1
22,95.0,7.133358572,292.0,0.0,1.0,0.0,0.0,1
23,91.0,8.465927903,363.0,0.0,0.0,0.0,1.0,1
24,89.0,8.018312629,291.0,0.0,0.0,0.0,1.0,1
23,95.0,12.34050263,336.0,0.0,0.0,1.0,0.0,1
22,95.0,6.956882353,352.0,0.0,1.0,0.0,0.0,1
22,95.0,6.613669965,288.0,0.0,1.0,0.0,0.0,1
24,95.0,15.16773612,373.0,0.0,1.0,0.0,0.0,0
26,95.0,13.95754575,304.0,1.0,0.0,0.0,0.0,1
24,88.0,14.59144457,321.0,1.0,0.0,0.0,0.0,1
24,95.0,15.00096563,381.0,0.0,1.0,0.0,0.0,0
22,95.0,8.619414571,184.5,0.0,1.0,0.0,0.0,1
25,89.0,19.95991509,302.0,1.0,0.0,0.0,0.0,1
23,95.0,15.59225501,261.0,0.0,1.0,0.0,0.0,0
23,95.0,12.62144823,330.0,0.0,0.0,1.0,0.0,1
24,95.0,14.67251295,388.0,0.0,1.0,0.0,0.0,0
25,95.0,12.62144823,404.0,0.0,0.0,1.0,0.0,0
23,87.5,6.529850053,292.0,0.0,0.0,0.0,1.0,1
24,95.0,16.11639251,345.0,0.0,0.0,0.0,1.0,0
23,89.0,8.0671142,298.0,0.0,0.0,0.0,1.0,1
25,95.0,11.46485093,322.0,0.0,0.0,1.0,0.0,0
24,88.0,10.16280412,244.0,0.0,0.0,0.0,1.0,1
23,95.0,12.98058343,339.0,0.0,0.0,1.0,0.0,1
23,90.0,12.76402932,328.0,0.0,0.0,0.0,1.0,1
22,95.0,7.358649263,352.0,0.0,1.0,0.0,0.0,1
24,95.0,13.05349201,299.0,0.0,0.0,0.0,1.0,0
25,87.5,14.1136139,337.0,1.0,0.0,0.0,0.0,1
22,95.0,9.201267821,184.5,0.0,1.0,0.0,0.0,1
23,89.0,8.465927903,313.0,0.0,0.0,0.0,1.0,1
24,87.5,13.95754575,336.0,1.0,0.0,0.0,0.0,1
24,95.0,13.49869706,385.0,0.0,0.0,0.0,1.0,0
25,95.0,9.8718154,321.0,0.0,0.0,1.0,0.0,0
26,90.0,19.20950925,384.0,1.0,0.0,0.0,0.0,1
23,95.0,15.08413665,253.0,0.0,1.0,0.0,0.0,0
24,95.0,14.59144457,313.0,0.0,0.0,0.0,1.0,0
22,95.0,4.47356027,350.0,0.0,1.0,0.0,0.0,1
25,95.0,13.95754575,372.0,0.0,0.0,0.0,1.0,0
25,95.0,13.05349201,380.0,0.0,0.0,0.0,1.0,0
25,95.0,13.88010234,392.0,0.0,0.0,0.0,1.0,0
24,95.0,16.38466179,360.0,0.0,0.0,0.0,1.0,0
22,93.0,11.862037,354.0,0.0,0.0,0.0,1.0,1
25,95.0,11.01598084,316.0,0.0,0.0,1.0,0.0,0
23,95.0,16.20534945,258.0,0.0,1.0,0.0,0.0,0
23,91.0,8.31460431,370.0,0.0,0.0,0.0,1.0,1
24,95.0,11.862037,280.0,0.0,0.0,0.0,1.0,0
25,95.0,11.72833871,431.0,0.0,0.0,1.0,0.0,0
23,95.0,8.31460431,184.5,0.0,1.0,0.0,0.0,1
25,95.0,11.99705843,438.0,0.0,0.0,1.0,0.0,0
24,95.0,14.03538213,331.0,0.0,0.0,1.0,0.0,1
23,95.0,13.3488037,366.0,0.0,0.0,1.0,0.0,1
22,95.0,13.42356205,332.0,0.0,0.0,1.0,0.0,1
24,95.0,17.79130513,254.0,1.0,0.0,0.0,0.0,0
25,87.5,13.65010619,351.0,1.0,0.0,0.0,0.0,1
23,88.0,7.730278953,294.0,0.0,0.0,0.0,1.0,1
24,95.0,13.3488037,254.0,1.0,0.0,0.0,0.0,0
22,91.0,12.69256136,334.0,0.0,0.0,1.0,0.0,1
25,95.0,15.33623116,316.0,0.0,0.0,0.0,1.0,0
23,95.0,8.364807255,184.5,0.0,1.0,0.0,0.0,1
25,95.0,9.814452454,326.0,0.0,0.0,1.0,0.0,0
26,95.0,20.85352641,386.0,1.0,0.0,0.0,0.0,1
23,95.0,12.27113269,333.0,0.0,0.0,1.0,0.0,1
22,95.0,4.938486566,356.0,0.0,1.0,0.0,0.0,1
25,91.0,6.405576451,400.0,0.0,0.0,0.0,1.0,1
23,89.0,8.619414571,312.0,0.0,0.0,0.0,1.0,1
23,95.0,12.41021712,325.0,0.0,0.0,1.0,0.0,1
22,95.0,7.0889296,289.0,0.0,1.0,0.0,0.0,1
23,92.0,9.814452454,356.0,0.0,0.0,0.0,1.0,1
24,95.0,16.38466179,256.0,0.0,1.0,0.0,0.0,0
25,87.5,12.41021712,344.0,1.0,0.0,0.0,0.0,1
25,87.5,14.27127328,328.0,1.0,0.0,0.0,0.0,1
25,93.0,6.48823229,394.0,0.0,0.0,0.0,1.0,1
24,95.0,15.59225501,372.0,0.0,1.0,0.0,0.0,0
23,95.0,13.57421101,361.0,0.0,0.0,1.0,0.0,1
26,94.0,13.49869706,307.0,1.0,0.0,0.0,0.0,1
23,95.0,16.11639251,257.0,0.0,1.0,0.0,0.0,0
25,95.0,13.20040797,405.0,0.0,0.0,1.0,0.0,0
26,94.0,15.33623116,304.0,1.0,0.0,0.0,0.0,1
24,95.0,15.08413665,374.0,0.0,1.0,0.0,0.0,0
24,95.0,11.07916988,356.0,0.0,0.0,0.0,1.0,1
25,95.0,10.04556771,294.0,0.0,0.0,1.0,0.0,0
23,94.0,10.76627794,380.0,0.0,0.0,0.0,1.0,1
24,95.0,14.1136139,333.0,0.0,0.0,1.0,0.0,1
24,93.0,18.69070341,318.0,1.0,0.0,0.0,0.0,1
22,87.5,12.62144823,321.0,0.0,0.0,1.0,0.0,1
22,87.5,7.22284254,298.0,0.0,1.0,0.0,0.0,1
26,95.0,15.25176672,309.0,1.0,0.0,0.0,0.0,1
24,95.0,14.67251295,315.0,0.0,0.0,0.0,1.0,0
25,95.0,11.14266773,317.0,0.0,0.0,1.0,0.0,0
23,90.0,13.12676612,336.0,0.0,0.0,0.0,1.0,1
22,95.0,7.404343951,361.0,0.0,1.0,0.0,0.0,1
24,95.0,6.698275399,437.0,0.0,0.0,1.0,0.0,0
26,87.5,8.415248038,405.0,0.0,0.0,0.0,1.0,1
24,87.5,17.69401633,459.0,0.0,0.0,0.0,1.0,1
22,95.0,6.446808067,282.0,0.0,1.0,0.0,0.0,1
25,95.0,15.67848238,315.0,0.0,0.0,0.0,1.0,0
24,95.0,13.95754575,316.0,0.0,0.0,1.0,0.0,1
23,95.0,17.5009837,408.0,0.0,1.0,0.0,0.0,0
24,95.0,13.95754575,336.0,0.0,0.0,1.0,0.0,1
23,95.0,12.34050263,325.0,0.0,0.0,1.0,0.0,1
25,95.0,15.42113219,406.0,0.0,0.0,0.0,1.0,0
24,95.0,14.1136139,302.0,0.0,0.0,1.0,0.0,1
24,95.0,11.59594835,365.0,0.0,0.0,0.0,1.0,1
24,95.0,13.88010234,402.0,0.0,0.0,1.0,0.0,0
25,93.0,6.48823229,410.0,0.0,0.0,0.0,1.0,1
25,93.0,6.529850053,394.0,0.0,0.0,0.0,1.0,1
23,89.0,8.264637967,297.0,0.0,0.0,0.0,1.0,1
24,95.0,14.1136139,345.0,0.0,0.0,1.0,0.0,1
25,87.5,13.80304952,348.0,1.0,0.0,0.0,0.0,1
25,95.0,13.3488037,377.0,0.0,0.0,0.0,1.0,0
24,95.0,14.03538213,330.0,0.0,0.0,1.0,0.0,1
25,95.0,15.33623116,385.0,0.0,0.0,0.0,1.0,0
22,95.0,6.405576451,255.0,0.0,1.0,0.0,0.0,1
24,95.0,15.67848238,257.0,0.0,1.0,0.0,0.0,0
26,90.0,19.00030193,384.0,1.0,0.0,0.0,0.0,1
24,95.0,16.47502321,250.0,1.0,0.0,0.0,0.0,0
23,95.0,15.85228317,257.0,0.0,1.0,0.0,0.0,0
25,95.0,14.35070581,407.0,0.0,0.0,1.0,0.0,0
23,95.0,17.12100442,248.0,0.0,1.0,0.0,0.0,0
23,95.0,13.88010234,246.0,0.0,1.0,0.0,0.0,0
22,90.0,12.83585424,333.0,0.0,0.0,1.0,0.0,1
23,95.0,14.51078894,213.0,0.0,1.0,0.0,0.0,0
22,92.0,11.14266773,353.0,0.0,0.0,0.0,1.0,1
25,95.0,12.83585424,371.0,0.0,0.0,0.0,1.0,0
23,87.5,5.925488904,282.0,0.0,0.0,0.0,1.0,1
24,95.0,12.27113269,256.0,1.0,0.0,0.0,0.0,0
22,95.0,12.62144823,322.0,0.0,0.0,1.0,0.0,1
23,95.0,19.95991509,342.0,0.0,1.0,0.0,0.0,0
26,90.0,19.20950925,400.0,1.0,0.0,0.0,0.0,1
22,95.0,4.870193845,346.0,0.0,1.0,0.0,0.0,1
24,89.0,13.80304952,393.0,0.0,0.0,0.0,1.0,1
24,95.0,14.1136139,301.0,0.0,0.0,1.0,0.0,1
23,95.0,16.56585884,247.0,0.0,1.0,0.0,0.0,0
23,95.0,4.570643409,335.0,0.0,1.0,0.0,0.0,1
24,95.0,12.41021712,252.0,1.0,0.0,0.0,0.0,0
25,95.0,12.76402932,300.0,0.0,0.0,0.0,1.0,0
24,88.0,10.40069682,244.0,0.0,0.0,0.0,1.0,1
22,95.0,7.044707922,301.0,0.0,1.0,0.0,0.0,1
23,88.0,7.825388265,295.0,0.0,0.0,0.0,1.0,1
25,95.0,11.39978246,344.0,0.0,0.0,1.0,0.0,0
26,94.0,15.50647254,306.0,1.0,0.0,0.0,0.0,1
24,89.0,8.165410187,289.0,0.0,0.0,0.0,1.0,1
22,95.0,8.264637967,369.0,0.0,1.0,0.0,0.0,1
26,87.5,8.165410187,425.0,0.0,0.0,0.0,1.0,1
22,95.0,7.0889296,297.0,0.0,1.0,0.0,0.0,1
23,87.5,12.62144823,346.0,0.0,0.0,1.0,0.0,1
22,95.0,7.358649263,357.0,0.0,1.0,0.0,0.0,1
23,90.0,12.69256136,312.0,0.0,0.0,0.0,1.0,1
23,95.0,15.76515749,424.0,0.0,1.0,0.0,0.0,0
24,89.0,13.80304952,406.0,0.0,0.0,0.0,1.0,1
23,93.0,11.01598084,391.0,0.0,0.0,0.0,1.0,1
22,95.0,8.214906999,371.0,0.0,1.0,0.0,0.0,1
25,95.0,9.929454577,314.0,0.0,0.0,1.0,0.0,0
26,91.0,6.446808067,391.0,0.0,0.0,0.0,1.0,1
22,95.0,12.76402932,328.0,0.0,0.0,1.0,0.0,1
23,95.0,15.59225501,403.0,0.0,1.0,0.0,0.0,0
25,93.0,6.529850053,395.0,0.0,0.0,0.0,1.0,1
24,94.0,19.74258151,322.0,1.0,0.0,0.0,0.0,1
24,89.0,13.49869706,403.0,0.0,0.0,0.0,1.0,1
24,93.0,11.20647613,373.0,0.0,0.0,0.0,1.0,1
25,95.0,15.85228317,310.0,0.0,0.0,0.0,1.0,0
23,89.0,7.313168177,291.0,0.0,0.0,0.0,1.0,1
25,95.0,11.53023895,317.0,0.0,0.0,1.0,0.0,0
22,95.0,9.201267821,184.5,0.0,1.0,0.0,0.0,1
24,89.0,13.42356205,401.0,0.0,0.0,0.0,1.0,1
24,95.0,12.41021712,256.0,1.0,0.0,0.0,0.0,0
23,95.0,15.76515749,256.0,0.0,1.0,0.0,0.0,0
23,95.0,14.75399666,376.0,0.0,1.0,0.0,0.0,0
23,95.0,15.16773612,394.0,0.0,1.0,0.0,0.0,0
22,89.0,12.69256136,322.0,0.0,0.0,1.0,0.0,1
22,95.0,7.873279406,184.5,0.0,1.0,0.0,0.0,1
24,95.0,14.75399666,406.0,0.0,1.0,0.0,0.0,0
24,88.0,14.67251295,322.0,1.0,0.0,0.0,0.0,1
24,95.0,15.93986231,340.0,0.0,0.0,0.0,1.0,0
26,90.0,19.74258151,375.0,1.0,0.0,0.0,0.0,1
23,95.0,14.83589827,218.0,0.0,1.0,0.0,0.0,0
22,92.0,10.16280412,357.0,0.0,0.0,0.0,1.0,1
22,95.0,6.242557594,245.0,0.0,1.0,0.0,0.0,1
23,95.0,7.542720421,299.0,0.0,1.0,0.0,0.0,1
22,95.0,5.43477585,303.0,0.0,1.0,0.0,0.0,1
23,95.0,7.873279406,184.5,0.0,1.0,0.0,0.0,1
26,87.5,7.730278953,402.0,0.0,0.0,0.0,1.0,1
25,95.0,12.34050263,409.0,0.0,0.0,1.0,0.0,0
24,95.0,16.93400512,258.0,1.0,0.0,0.0,0.0,0
23,90.0,12.48027818,308.0,0.0,0.0,0.0,1.0,1
22,91.0,10.28117628,361.0,0.0,0.0,0.0,1.0,1
25,93.0,6.446808067,403.0,0.0,0.0,0.0,1.0,1
22,90.0,12.41021712,321.0,0.0,0.0,1.0,0.0,1
24,95.0,14.03538213,310.0,0.0,0.0,1.0,0.0,1
22,93.0,11.59594835,356.0,0.0,0.0,0.0,1.0,1
23,95.0,13.12676612,358.0,0.0,0.0,1.0,0.0,1
23,90.0,12.55068787,326.0,0.0,0.0,0.0,1.0,1
22,95.0,6.162179985,266.0,0.0,1.0,0.0,0.0,1
23,95.0,12.27113269,326.0,0.0,0.0,1.0,0.0,1
26,94.0,15.25176672,307.0,1.0,0.0,0.0,0.0,1
24,95.0,15.50647254,251.0,1.0,0.0,0.0,0.0,0
23,95.0,8.364807255,184.5,0.0,1.0,0.0,0.0,1
24,95.0,16.93400512,253.0,1.0,0.0,0.0,0.0,0
22,95.0,8.018312629,184.5,0.0,1.0,0.0,0.0,1
25,95.0,10.04556771,306.0,0.0,0.0,1.0,0.0,0
25,95.0,10.16280412,357.0,0.0,0.0,1.0,0.0,0
24,89.0,12.90803823,336.0,0.0,0.0,0.0,1.0,1
22,87.5,12.69256136,343.0,0.0,0.0,1.0,0.0,1
25,95.0,10.76627794,291.0,0.0,0.0,1.0,0.0,0
24,95.0,15.67848238,399.0,0.0,1.0,0.0,0.0,0
22,95.0,6.655874013,253.0,0.0,1.0,0.0,0.0,1
23,95.0,14.59144457,360.0,0.0,1.0,0.0,0.0,0
25,95.0,14.19224347,383.0,0.0,0.0,0.0,1.0,0
22,95.0,5.042126986,357.0,0.0,1.0,0.0,0.0,1
24,95.0,19.20950925,306.0,1.0,0.0,0.0,0.0,0
25,95.0,11.14266773,310.0,0.0,0.0,1.0,0.0,0
24,89.0,13.72638492,400.0,0.0,0.0,0.0,1.0,1
23,95.0,8.214906999,184.5,0.0,1.0,0.0,0.0,1
23,95.0,15.93986231,254.0,0.0,1.0,0.0,0.0,0
23,91.0,8.31460431,372.0,0.0,0.0,0.0,1.0,1
25,95.0,10.10404473,294.0,0.0,0.0,1.0,0.0,0
23,87.5,12.69256136,332.0,0.0,0.0,1.0,0.0,1
25,95.0,10.04556771,288.0,0.0,0.0,1.0,0.0,0
23,95.0,5.398243871,360.0,0.0,1.0,0.0,0.0,1
24,95.0,11.99705843,367.0,0.0,0.0,0.0,1.0,1
22,95.0,7.589280351,300.0,0.0,1.0,0.0,0.0,1
22,95.0,7.404343951,360.0,0.0,1.0,0.0,0.0,1
22,95.0,9.8718154,360.0,0.0,1.0,0.0,0.0,1
25,95.0,11.07916988,308.0,0.0,0.0,1.0,0.0,0
24,95.0,17.88911347,257.0,1.0,0.0,0.0,0.0,0
23,95.0,17.21524677,257.0,0.0,1.0,0.0,0.0,0
25,95.0,15.50647254,320.0,0.0,0.0,0.0,1.0,0
25,95.0,15.50647254,391.0,0.0,0.0,0.0,1.0,0
24,88.0,15.00096563,322.0,1.0,0.0,0.0,0.0,1
26,94.0,14.1136139,306.0,1.0,0.0,0.0,0.0,1
26,91.0,20.06947764,301.0,1.0,0.0,0.0,0.0,1
22,95.0,6.698275399,248.0,0.0,1.0,0.0,0.0,1
22,95.0,6.162179985,244.0,0.0,1.0,0.0,0.0,1
25,89.0,18.89654455,387.0,1.0,0.0,0.0,0.0,1
25,95.0,11.01598084,295.0,0.0,0.0,1.0,0.0,0
23,95.0,4.570643409,343.0,0.0,1.0,0.0,0.0,1
24,95.0,16.56585884,358.0,0.0,0.0,0.0,1.0,0
25,95.0,10.16280412,308.0,0.0,0.0,1.0,0.0,0
24,95.0,14.91822038,368.0,0.0,1.0,0.0,0.0,0
23,95.0,6.446808067,253.0,0.0,1.0,0.0,0.0,1
24,95.0,12.98058343,302.0,0.0,0.0,0.0,1.0,0
24,91.0,8.364807255,360.0,0.0,0.0,0.0,1.0,1
23,90.0,12.90803823,321.0,0.0,0.0,0.0,1.0,1
24,95.0,11.66198098,434.0,0.0,0.0,1.0,0.0,0
24,95.0,15.50647254,380.0,0.0,1.0,0.0,0.0,0
22,95.0,12.83585424,341.0,0.0,0.0,1.0,0.0,1
24,95.0,13.88010234,319.0,0.0,0.0,1.0,0.0,1
24,95.0,14.19224347,309.0,0.0,0.0,1.0,0.0,1
26,93.0,6.48823229,408.0,0.0,0.0,0.0,1.0,1
24,95.0,16.11639251,250.0,1.0,0.0,0.0,0.0,0
25,95.0,9.929454577,310.0,0.0,0.0,1.0,0.0,0
25,95.0,11.53023895,334.0,0.0,0.0,1.0,0.0,0
24,95.0,20.17964285,321.0,1.0,0.0,0.0,0.0,1
24,95.0,17.30998858,263.0,1.0,0.0,0.0,0.0,0
23,95.0,15.08413665,217.0,0.0,1.0,0.0,0.0,0
24,95.0,14.75399666,373.0,0.0,1.0,0.0,0.0,0
24,95.0,14.1136139,304.0,0.0,0.0,1.0,0.0,1
23,95.0,15.67848238,252.0,0.0,1.0,0.0,0.0,0
25,87.5,14.1136139,327.0,1.0,0.0,0.0,0.0,1
24,95.0,14.83589827,316.0,0.0,0.0,0.0,1.0,0
23,95.0,12.90803823,343.0,0.0,0.0,1.0,0.0,1
25,95.0,9.814452454,327.0,0.0,0.0,1.0,0.0,0
23,90.0,12.90803823,328.0,0.0,0.0,0.0,1.0,1
24,95.0,12.90803823,302.0,0.0,0.0,0.0,1.0,0
24,95.0,17.12100442,249.0,1.0,0.0,0.0,0.0,0
25,95.0,9.987371503,349.0,0.0,0.0,1.0,0.0,0
24,95.0,16.02789778,379.0,0.0,1.0,0.0,0.0,0
23,95.0,15.93986231,257.0,0.0,1.0,0.0,0.0,0
22,95.0,10.22184745,205.0,0.0,1.0,0.0,0.0,1
23,95.0,14.83589827,213.0,0.0,1.0,0.0,0.0,0
22,95.0,6.364536513,251.0,0.0,1.0,0.0,0.0,1
22,95.0,6.446808067,254.0,0.0,1.0,0.0,0.0,1
25,87.5,18.48706888,395.0,1.0,0.0,0.0,0.0,1
22,95.0,7.000692513,300.0,0.0,1.0,0.0,0.0,1
23,95.0,14.83589827,216.0,0.0,1.0,0.0,0.0,0
24,95.0,15.85228317,250.0,1.0,0.0,0.0,0.0,0
22,95.0,12.76402932,332.0,0.0,0.0,1.0,0.0,1
22,95.0,5.007419045,354.0,0.0,1.0,0.0,0.0,1
25,95.0,9.8718154,306.0,0.0,0.0,1.0,0.0,0
22,95.0,4.802535216,341.0,0.0,1.0,0.0,0.0,1
22,95.0,6.202275223,254.0,0.0,1.0,0.0,0.0,1
24,95.0,12.20210529,250.0,1.0,0.0,0.0,0.0,0
25,95.0,7.730278953,199.0,0.0,0.0,0.0,1.0,1
22,95.0,7.404343951,354.0,0.0,1.0,0.0,0.0,1
24,94.0,11.14266773,390.0,0.0,0.0,0.0,1.0,1
23,91.0,13.12676612,335.0,0.0,0.0,0.0,1.0,1
22,95.0,6.740875089,256.0,0.0,1.0,0.0,0.0,1
23,95.0,16.65717174,244.0,0.0,1.0,0.0,0.0,0
23,95.0,14.43054353,312.0,0.0,0.0,0.0,1.0,0
23,89.0,12.76402932,349.0,0.0,0.0,0.0,1.0,1
23,91.0,9.757364232,359.0,0.0,0.0,0.0,1.0,1
23,91.0,8.214906999,370.0,0.0,0.0,0.0,1.0,1
22,95.0,7.404343951,353.0,0.0,1.0,0.0,0.0,1
23,87.5,4.22124279,325.0,0.0,1.0,0.0,0.0,1
25,89.0,19.63480231,395.0,1.0,0.0,0.0,0.0,1
24,89.0,13.80304952,398.0,0.0,0.0,0.0,1.0,1
24,95.0,12.41021712,243.0,1.0,0.0,0.0,0.0,0
23,95.0,20.06947764,331.0,0.0,1.0,0.0,0.0,0
25,95.0,16.02789778,328.0,0.0,0.0,0.0,1.0,0
25,95.0,15.76515749,321.0,0.0,0.0,0.0,1.0,0
23,92.0,10.52137857,356.0,0.0,0.0,0.0,1.0,1
24,95.0,14.67251295,399.0,0.0,1.0,0.0,0.0,0
23,90.0,12.83585424,330.0,0.0,0.0,0.0,1.0,1
22,95.0,12.69256136,338.0,0.0,0.0,1.0,0.0,1
26,90.0,19.20950925,385.0,1.0,0.0,0.0,0.0,1
25,95.0,15.67848238,313.0,0.0,0.0,0.0,1.0,0
25,95.0,13.72638492,397.0,0.0,0.0,1.0,0.0,0
24,95.0,14.1136139,343.0,0.0,0.0,1.0,0.0,1
23,92.0,4.870193845,343.0,0.0,1.0,0.0,0.0,1
25,95.0,11.20647613,313.0,0.0,0.0,1.0,0.0,0
24,95.0,13.12676612,329.0,0.0,0.0,1.0,0.0,1
25,95.0,11.27059687,292.0,0.0,0.0,1.0,0.0,0
25,95.0,11.14266773,301.0,0.0,0.0,1.0,0.0,0
24,95.0,20.51379641,323.0,1.0,0.0,0.0,0.0,1
23,89.0,8.0671142,301.0,0.0,0.0,0.0,1.0,1
24,95.0,15.33623116,375.0,0.0,1.0,0.0,0.0,0
25,95.0,12.98058343,378.0,0.0,0.0,0.0,1.0,0
23,90.0,12.90803823,329.0,0.0,0.0,0.0,1.0,1
23,88.0,7.358649263,296.0,0.0,0.0,0.0,1.0,1
26,90.0,19.63480231,399.0,1.0,0.0,0.0,0.0,1
26,88.0,7.22284254,390.0,0.0,0.0,0.0,1.0,1
23,88.0,7.177995872,288.0,0.0,0.0,0.0,1.0,1
23,95.0,7.542720421,300.0,0.0,1.0,0.0,0.0,1
24,87.5,13.65010619,336.0,1.0,0.0,0.0,0.0,1
22,95.0,8.31460431,371.0,0.0,1.0,0.0,0.0,1
25,95.0,11.20647613,294.0,0.0,0.0,1.0,0.0,0
23,91.0,13.80304952,327.0,0.0,0.0,0.0,1.0,1
23,90.0,12.83585424,328.0,0.0,0.0,0.0,1.0,1
23,89.0,7.683058499,295.0,0.0,0.0,0.0,1.0,1
23,95.0,8.31460431,184.5,0.0,1.0,0.0,0.0,1
25,95.0,13.80304952,365.0,0.0,0.0,0.0,1.0,0
22,95.0,12.62144823,339.0,0.0,0.0,1.0,0.0,1
22,93.0,12.62144823,341.0,0.0,0.0,1.0,0.0,1
23,95.0,11.99705843,373.0,0.0,0.0,0.0,1.0,1
24,95.0,17.02725828,248.0,1.0,0.0,0.0,0.0,0
24,95.0,12.27113269,372.0,0.0,0.0,0.0,1.0,1
23,95.0,16.74896501,247.0,0.0,1.0,0.0,0.0,0
24,95.0,11.66198098,184.5,1.0,0.0,0.0,0.0,0
24,95.0,16.93400512,254.0,1.0,0.0,0.0,0.0,0
22,95.0,6.529850053,292.0,0.0,1.0,0.0,0.0,1
25,95.0,9.8718154,332.0,0.0,0.0,1.0,0.0,0
24,95.0,12.20210529,360.0,0.0,0.0,0.0,1.0,1
23,89.0,8.214906999,301.0,0.0,0.0,0.0,1.0,1
23,95.0,16.11639251,256.0,0.0,1.0,0.0,0.0,0
25,95.0,15.42113219,319.0,0.0,0.0,0.0,1.0,0
25,95.0,11.27059687,299.0,0.0,0.0,1.0,0.0,0
22,95.0,8.415248038,184.5,0.0,1.0,0.0,0.0,1
22,94.0,13.27441976,325.0,0.0,0.0,1.0,0.0,1
22,95.0,7.730278953,184.5,0.0,1.0,0.0,0.0,1
24,95.0,16.11639251,343.0,0.0,0.0,0.0,1.0,0
22,95.0,7.542720421,297.0,0.0,1.0,0.0,0.0,1
25,87.5,13.57421101,339.0,1.0,0.0,0.0,0.0,1
25,95.0,14.1136139,184.5,1.0,0.0,0.0,0.0,0
25,89.0,18.89654455,382.0,1.0,0.0,0.0,0.0,1
22,95.0,6.740875089,250.0,0.0,1.0,0.0,0.0,1
24,95.0,9.644005982,425.0,0.0,0.0,0.0,1.0,1
23,95.0,19.74258151,347.0,0.0,1.0,0.0,0.0,0
26,95.0,14.03538213,311.0,1.0,0.0,0.0,0.0,1
24,95.0,18.89654455,281.0,1.0,0.0,0.0,0.0,0
24,95.0,15.42113219,370.0,0.0,1.0,0.0,0.0,0
22,91.0,13.42356205,333.0,0.0,0.0,0.0,1.0,1
23,95.0,4.938486566,272.0,0.0,1.0,0.0,0.0,1
22,95.0,7.358649263,347.0,0.0,1.0,0.0,0.0,1
22,95.0,7.404343951,358.0,0.0,1.0,0.0,0.0,1
22,95.0,5.886678992,262.0,0.0,1.0,0.0,0.0,1
24,95.0,18.89654455,266.0,0.0,1.0,0.0,0.0,0
22,95.0,12.62144823,326.0,0.0,0.0,1.0,0.0,1
22,95.0,7.404343951,348.0,0.0,1.0,0.0,0.0,1
25,95.0,9.644005982,302.0,0.0,0.0,1.0,0.0,0
24,95.0,16.65717174,356.0,0.0,0.0,0.0,1.0,0
24,95.0,14.75399666,363.0,0.0,1.0,0.0,0.0,0
25,95.0,10.16280412,294.0,0.0,0.0,1.0,0.0,0
25,95.0,15.50647254,323.0,0.0,0.0,0.0,1.0,0
24,95.0,14.91822038,412.0,0.0,1.0,0.0,0.0,0
23,89.0,7.825388265,299.0,0.0,0.0,0.0,1.0,1
24,95.0,16.74896501,205.0,0.0,1.0,0.0,0.0,0
25,87.5,14.1136139,331.0,1.0,0.0,0.0,0.0,1
23,90.0,12.90803823,333.0,0.0,0.0,0.0,1.0,1
24,95.0,14.75399666,320.0,0.0,0.0,0.0,1.0,0
22,89.0,12.62144823,330.0,0.0,0.0,1.0,0.0,1
23,95.0,12.90803823,348.0,0.0,0.0,1.0,0.0,1
25,95.0,13.20040797,409.0,0.0,0.0,1.0,0.0,0
23,95.0,17.5009837,400.0,0.0,1.0,0.0,0.0,0
24,95.0,15.08413665,375.0,0.0,1.0,0.0,0.0,0
23,95.0,5.147226326,304.0,0.0,1.0,0.0,0.0,1
25,95.0,16.47502321,361.0,0.0,0.0,0.0,1.0,0
23,95.0,16.84124175,248.0,0.0,1.0,0.0,0.0,0
22,95.0,12.83585424,335.0,0.0,0.0,1.0,0.0,1
23,95.0,15.08413665,379.0,0.0,1.0,0.0,0.0,0
25,87.5,13.57421101,348.0,1.0,0.0,0.0,0.0,1
24,87.5,17.30998858,466.0,0.0,0.0,0.0,1.0,1
25,95.0,9.987371503,304.0,0.0,0.0,1.0,0.0,0
24,90.0,8.116146322,290.0,0.0,0.0,0.0,1.0,1
25,89.0,20.17964285,399.0,1.0,0.0,0.0,0.0,1
23,95.0,8.415248038,184.5,0.0,1.0,0.0,0.0,1
22,95.0,7.133358572,298.0,0.0,1.0,0.0,0.0,1
23,90.0,12.76402932,320.0,0.0,0.0,0.0,1.0,1
23,95.0,12.20210529,324.0,0.0,0.0,1.0,0.0,1
23,95.0,19.85095108,359.0,0.0,1.0,0.0,0.0,0
23,91.0,8.214906999,369.0,0.0,0.0,0.0,1.0,1
23,95.0,4.570643409,347.0,0.0,1.0,0.0,0.0,1
25,95.0,11.862037,370.0,0.0,0.0,1.0,0.0,0
22,95.0,8.264637967,184.5,0.0,1.0,0.0,0.0,1
23,95.0,15.33623116,251.0,0.0,1.0,0.0,0.0,0
23,90.0,12.98058343,316.0,0.0,0.0,0.0,1.0,1
22,95.0,7.589280351,350.0,0.0,1.0,0.0,0.0,1
23,95.0,19.85095108,326.0,0.0,1.0,0.0,0.0,0
23,95.0,12.76402932,321.0,0.0,0.0,1.0,0.0,1
23,95.0,14.83589827,409.0,0.0,1.0,0.0,0.0,0
25,95.0,6.740875089,445.0,0.0,0.0,1.0,0.0,0
22,92.0,10.28117628,359.0,0.0,0.0,0.0,1.0,1
25,95.0,10.52137857,449.0,0.0,0.0,1.0,0.0,0
25,95.0,10.10404473,357.0,0.0,0.0,1.0,0.0,0
23,89.0,9.255689372,308.0,0.0,0.0,0.0,1.0,1
24,94.0,10.76627794,386.0,0.0,0.0,0.0,1.0,1
25,87.5,13.88010234,350.0,1.0,0.0,0.0,0.0,1
22,93.0,12.69256136,337.0,0.0,0.0,1.0,0.0,1
24,95.0,15.08413665,371.0,0.0,1.0,0.0,0.0,0
24,95.0,12.13341843,286.0,0.0,0.0,0.0,1.0,0
24,95.0,14.83589827,393.0,0.0,1.0,0.0,0.0,0
22,95.0,7.404343951,349.0,0.0,1.0,0.0,0.0,1
25,95.0,15.76515749,315.0,0.0,0.0,0.0,1.0,0
23,95.0,14.51078894,306.0,0.0,0.0,0.0,1.0,0
23,95.0,14.83589827,217.0,0.0,1.0,0.0,0.0,0
23,95.0,15.25176672,453.0,0.0,1.0,0.0,0.0,0
24,95.0,15.25176672,380.0,0.0,1.0,0.0,0.0,0
22,94.0,12.83585424,327.0,0.0,0.0,1.0,0.0,1
22,95.0,12.83585424,336.0,0.0,0.0,1.0,0.0,1
25,95.0,9.420521035,437.0,0.0,0.0,1.0,0.0,0
22,95.0,6.48823229,251.0,0.0,1.0,0.0,0.0,1
23,95.0,16.84124175,247.0,0.0,1.0,0.0,0.0,0
23,95.0,8.264637967,184.5,0.0,1.0,0.0,0.0,1
23,95.0,16.29477154,260.0,0.0,1.0,0.0,0.0,0
24,95.0,14.75399666,372.0,0.0,1.0,0.0,0.0,0
26,95.0,17.79130513,314.0,1.0,0.0,0.0,0.0,1
23,89.0,7.969740423,297.0,0.0,0.0,0.0,1.0,1
23,88.0,6.956882353,292.0,0.0,0.0,0.0,1.0,1
22,95.0,5.042126986,350.0,0.0,1.0,0.0,0.0,1
26,90.0,20.85352641,407.0,1.0,0.0,0.0,0.0,1
24,95.0,14.19224347,341.0,0.0,0.0,1.0,0.0,1
22,95.0,5.471478228,304.0,0.0,1.0,0.0,0.0,1
24,95.0,17.02725828,246.0,1.0,0.0,0.0,0.0,0
22,95.0,13.95754575,344.0,0.0,0.0,1.0,0.0,1
23,87.5,6.043008199,284.0,0.0,0.0,0.0,1.0,1
24,95.0,14.1136139,347.0,0.0,0.0,1.0,0.0,1
22,95.0,6.48823229,250.0,0.0,1.0,0.0,0.0,1
24,95.0,16.11639251,338.0,0.0,0.0,0.0,1.0,0
23,95.0,8.465927903,188.0,0.0,1.0,0.0,0.0,1
24,95.0,16.02789778,246.0,1.0,0.0,0.0,0.0,0
25,95.0,7.542720421,193.0,0.0,0.0,0.0,1.0,1
22,95.0,5.007419045,346.0,0.0,1.0,0.0,0.0,1
23,87.5,12.76402932,345.0,0.0,0.0,1.0,0.0,1
25,95.0,9.987371503,316.0,0.0,0.0,1.0,0.0,0
25,95.0,14.19224347,381.0,0.0,0.0,0.0,1.0,0
23,95.0,15.16773612,449.0,0.0,1.0,0.0,0.0,0
23,95.0,12.41021712,331.0,0.0,0.0,1.0,0.0,1
23,95.0,13.05349201,345.0,0.0,0.0,1.0,0.0,1
23,89.0,12.48027818,340.0,0.0,0.0,0.0,1.0,1
26,95.0,16.74896501,308.0,1.0,0.0,0.0,0.0,1
22,95.0,7.873279406,307.0,0.0,1.0,0.0,0.0,1
23,95.0,8.364807255,184.5,0.0,1.0,0.0,0.0,1
24,95.0,12.98058343,303.0,0.0,0.0,0.0,1.0,0
23,92.0,10.10404473,357.0,0.0,0.0,0.0,1.0,1
24,95.0,14.03538213,323.0,0.0,0.0,1.0,0.0,1
23,91.0,8.31460431,369.0,0.0,0.0,0.0,1.0,1
25,95.0,9.8718154,308.0,0.0,0.0,1.0,0.0,0
23,95.0,16.65717174,248.0,0.0,1.0,0.0,0.0,0
22,92.0,9.587732994,360.0,0.0,0.0,0.0,1.0,1
25,95.0,10.04556771,308.0,0.0,0.0,1.0,0.0,0
26,90.0,20.29041491,376.0,1.0,0.0,0.0,0.0,1
24,87.5,12.69256136,346.0,1.0,0.0,0.0,0.0,1
24,95.0,14.83589827,383.0,0.0,1.0,0.0,0.0,0
23,95.0,8.516848104,185.0,0.0,1.0,0.0,0.0,1
22,95.0,9.365314571,184.5,0.0,1.0,0.0,0.0,1
22,95.0,8.827487661,184.5,0.0,1.0,0.0,0.0,1
22,95.0,6.48823229,256.0,0.0,1.0,0.0,0.0,1
23,91.0,12.76402932,340.0,0.0,0.0,1.0,0.0,1
23,95.0,19.95991509,362.0,0.0,1.0,0.0,0.0,0
24,95.0,15.00096563,365.0,0.0,1.0,0.0,0.0,0
23,88.0,8.165410187,290.0,0.0,0.0,0.0,1.0,1
25,95.0,15.76515749,313.0,0.0,0.0,0.0,1.0,0
24,93.0,11.20647613,371.0,0.0,0.0,0.0,1.0,1
24,95.0,12.69256136,413.0,0.0,0.0,1.0,0.0,0
22,95.0,8.619414571,376.0,0.0,1.0,0.0,0.0,1
23,95.0,15.59225501,253.0,0.0,1.0,0.0,0.0,0
22,95.0,8.0671142,184.5,0.0,1.0,0.0,0.0,1
24,95.0,12.27113269,249.0,1.0,0.0,0.0,0.0,0
22,95.0,4.972872478,345.0,0.0,1.0,0.0,0.0,1
22,95.0,6.446808067,252.0,0.0,1.0,0.0,0.0,1
23,95.0,4.47356027,336.0,0.0,1.0,0.0,0.0,1
23,95.0,14.75399666,215.0,0.0,1.0,0.0,0.0,0
25,95.0,11.27059687,415.0,0.0,0.0,1.0,0.0,0
23,95.0,5.007419045,341.0,0.0,1.0,0.0,0.0,1
23,89.0,12.76402932,346.0,0.0,0.0,0.0,1.0,1
25,95.0,10.04556771,304.0,0.0,0.0,1.0,0.0,0
23,95.0,19.74258151,361.0,0.0,1.0,0.0,0.0,0
24,95.0,12.27113269,367.0,0.0,0.0,0.0,1.0,1
23,87.5,4.47356027,330.0,0.0,1.0,0.0,0.0,1
23,95.0,19.52760946,350.0,0.0,1.0,0.0,0.0,0
24,95.0,12.41021712,249.0,1.0,0.0,0.0,0.0,0
26,95.0,20.85352641,397.0,1.0,0.0,0.0,0.0,1
25,95.0,12.62144823,304.0,0.0,0.0,0.0,1.0,0
26,95.0,17.69401633,316.0,1.0,0.0,0.0,0.0,1
23,95.0,19.85095108,351.0,0.0,1.0,0.0,0.0,0
24,95.0,14.83589827,433.0,0.0,1.0,0.0,0.0,0
25,95.0,11.20647613,323.0,0.0,0.0,1.0,0.0,0
22,95.0,6.48823229,261.0,0.0,1.0,0.0,0.0,1
24,95.0,17.02725828,272.0,0.0,1.0,0.0,0.0,0
23,89.0,4.377830797,330.0,0.0,1.0,0.0,0.0,1
22,93.0,12.69256136,323.0,0.0,0.0,1.0,0.0,1
22,92.0,10.34079221,357.0,0.0,0.0,0.0,1.0,1
26,94.0,13.80304952,305.0,1.0,0.0,0.0,0.0,1
23,95.0,19.95991509,333.0,0.0,1.0,0.0,0.0,0
22,95.0,6.613669965,259.0,0.0,1.0,0.0,0.0,1
24,95.0,13.95754575,324.0,0.0,0.0,1.0,0.0,1
23,95.0,16.47502321,248.0,0.0,1.0,0.0,0.0,0
24,95.0,16.20534945,343.0,0.0,0.0,0.0,1.0,0
25,89.0,20.51379641,303.0,1.0,0.0,0.0,0.0,1
23,95.0,14.75399666,216.0,0.0,1.0,0.0,0.0,0
23,95.0,15.85228317,252.0,0.0,1.0,0.0,0.0,0
22,95.0,4.441500903,331.0,0.0,1.0,0.0,0.0,1
23,90.0,12.76402932,330.0,0.0,0.0,0.0,1.0,1
24,95.0,15.93986231,339.0,0.0,0.0,0.0,1.0,0
23,95.0,19.85095108,342.0,0.0,1.0,0.0,0.0,0
23,87.5,6.364536513,283.0,0.0,0.0,0.0,1.0,1
24,95.0,14.91822038,361.0,0.0,1.0,0.0,0.0,0
23,87.5,6.082547355,283.0,0.0,0.0,0.0,1.0,1
23,95.0,4.870193845,352.0,0.0,1.0,0.0,0.0,1
23,87.5,16.11639251,252.0,0.0,1.0,0.0,0.0,0
24,95.0,16.65717174,253.0,1.0,0.0,0.0,0.0,0
23,95.0,16.38466179,260.0,0.0,1.0,0.0,0.0,0
25,95.0,15.85228317,313.0,0.0,0.0,0.0,1.0,0
23,95.0,6.869873736,256.0,0.0,1.0,0.0,0.0,1
25,95.0,13.3488037,388.0,0.0,0.0,0.0,1.0,0
23,95.0,19.85095108,349.0,0.0,1.0,0.0,0.0,0
25,95.0,12.55068787,376.0,0.0,0.0,0.0,1.0,0
25,95.0,11.01598084,293.0,0.0,0.0,1.0,0.0,0
25,87.5,13.57421101,336.0,1.0,0.0,0.0,0.0,1
23,95.0,8.88012605,193.0,0.0,1.0,0.0,0.0,1
22,92.0,9.8718154,355.0,0.0,0.0,0.0,1.0,1
22,95.0,6.571662296,247.0,0.0,1.0,0.0,0.0,1
23,95.0,17.59724365,375.0,0.0,1.0,0.0,0.0,0
26,91.0,20.06947764,299.0,1.0,0.0,0.0,0.0,1
22,95.0,9.201267821,184.5,0.0,1.0,0.0,0.0,1
24,95.0,17.98744479,260.0,0.0,1.0,0.0,0.0,0
25,95.0,12.76402932,381.0,0.0,0.0,0.0,1.0,0
24,95.0,13.95754575,305.0,0.0,0.0,1.0,0.0,1
23,95.0,16.74896501,261.0,0.0,1.0,0.0,0.0,0
24,95.0,15.16773612,371.0,0.0,1.0,0.0,0.0,0
24,95.0,15.42113219,383.0,0.0,1.0,0.0,0.0,0
22,92.0,11.79502342,350.0,0.0,0.0,0.0,1.0,1
25,95.0,10.10404473,291.0,0.0,0.0,1.0,0.0,0
25,95.0,9.987371503,306.0,0.0,0.0,1.0,0.0,0
25,95.0,10.82824911,408.0,0.0,0.0,1.0,0.0,0
24,95.0,14.91822038,438.0,0.0,1.0,0.0,0.0,0
23,89.0,8.568009903,307.0,0.0,0.0,0.0,1.0,1
25,95.0,11.66198098,432.0,0.0,0.0,1.0,0.0,0
23,87.5,12.69256136,340.0,0.0,0.0,1.0,0.0,1
25,95.0,10.89052217,292.0,0.0,0.0,1.0,0.0,0
22,92.0,10.10404473,357.0,0.0,0.0,0.0,1.0,1
23,92.0,10.76627794,357.0,0.0,0.0,0.0,1.0,1
25,89.0,19.20950925,381.0,1.0,0.0,0.0,0.0,1
22,95.0,6.323687334,258.0,0.0,1.0,0.0,0.0,1
24,89.0,8.116146322,289.0,0.0,0.0,0.0,1.0,1
25,95.0,13.12676612,367.0,0.0,0.0,0.0,1.0,0
22,95.0,5.925488904,258.0,0.0,1.0,0.0,0.0,1
24,95.0,13.05349201,304.0,0.0,0.0,0.0,1.0,0
24,95.0,14.91822038,375.0,0.0,1.0,0.0,0.0,0
24,95.0,12.34050263,247.0,1.0,0.0,0.0,0.0,0
23,89.0,7.683058499,293.0,0.0,0.0,0.0,1.0,1
24,89.0,13.80304952,394.0,0.0,0.0,0.0,1.0,1
22,95.0,6.162179985,249.0,0.0,1.0,0.0,0.0,1
22,95.0,7.0889296,361.0,0.0,1.0,0.0,0.0,1
23,95.0,4.538130868,344.0,0.0,1.0,0.0,0.0,1
24,95.0,14.91822038,389.0,0.0,1.0,0.0,0.0,0
26,90.0,19.10462223,391.0,1.0,0.0,0.0,0.0,1
23,95.0,12.27113269,332.0,0.0,0.0,1.0,0.0,1
23,89.0,7.589280351,301.0,0.0,0.0,0.0,1.0,1
23,95.0,12.55068787,329.0,0.0,0.0,1.0,0.0,1
25,95.0,12.98058343,381.0,0.0,0.0,0.0,1.0,0
23,87.5,12.62144823,335.0,0.0,0.0,1.0,0.0,1
22,95.0,12.76402932,324.0,0.0,0.0,1.0,0.0,1
25,95.0,9.757364232,269.0,0.0,0.0,1.0,0.0,0
22,95.0,8.933015125,386.0,0.0,1.0,0.0,0.0,1
24,95.0,14.1136139,327.0,0.0,0.0,1.0,0.0,1
23,95.0,4.836285621,344.0,0.0,1.0,0.0,0.0,1
24,95.0,17.12100442,253.0,1.0,0.0,0.0,0.0,0
24,95.0,12.62144823,244.0,1.0,0.0,0.0,0.0,0
23,95.0,15.67848238,256.0,0.0,1.0,0.0,0.0,0
23,95.0,14.91822038,212.0,0.0,1.0,0.0,0.0,0
25,95.0,10.04556771,295.0,0.0,0.0,1.0,0.0,0
24,95.0,17.30998858,252.0,1.0,0.0,0.0,0.0,0
25,95.0,14.91822038,384.0,0.0,0.0,0.0,1.0,0
25,88.0,15.25176672,320.0,1.0,0.0,0.0,0.0,1
25,95.0,10.46089174,368.0,0.0,0.0,1.0,0.0,0
25,95.0,9.929454577,312.0,0.0,0.0,1.0,0.0,0
25,95.0,12.13341843,414.0,0.0,0.0,1.0,0.0,0
25,87.5,18.69070341,389.0,1.0,0.0,0.0,0.0,1
24,95.0,12.27113269,254.0,1.0,0.0,0.0,0.0,0
24,95.0,12.06507013,252.0,1.0,0.0,0.0,0.0,0
25,95.0,10.28117628,363.0,0.0,0.0,1.0,0.0,0
23,94.0,12.55068787,349.0,0.0,0.0,1.0,0.0,1
26,90.0,7.044707922,405.0,0.0,0.0,0.0,1.0,1
23,95.0,6.405576451,247.0,0.0,1.0,0.0,0.0,1
22,95.0,13.80304952,340.0,0.0,0.0,1.0,0.0,1
23,95.0,5.007419045,352.0,0.0,1.0,0.0,0.0,1
24,87.5,13.88010234,343.0,1.0,0.0,0.0,0.0,1
25,87.5,18.48706888,403.0,1.0,0.0,0.0,0.0,1
24,95.0,14.03538213,318.0,0.0,0.0,1.0,0.0,1
23,95.0,8.568009903,184.5,0.0,1.0,0.0,0.0,1
24,95.0,14.83589827,320.0,0.0,0.0,0.0,1.0,0
23,95.0,16.29477154,261.0,0.0,1.0,0.0,0.0,0
23,89.0,7.777721829,303.0,0.0,0.0,0.0,1.0,1
23,91.0,8.465927903,365.0,0.0,0.0,0.0,1.0,1
24,95.0,16.47502321,367.0,0.0,0.0,0.0,1.0,0
22,91.0,13.42356205,321.0,0.0,0.0,0.0,1.0,1
24,95.0,15.00096563,367.0,0.0,1.0,0.0,0.0,0
25,95.0,11.46485093,411.0,0.0,0.0,1.0,0.0,0
23,95.0,12.13341843,311.0,0.0,0.0,1.0,0.0,1
24,95.0,11.99705843,362.0,0.0,0.0,0.0,1.0,1
22,95.0,13.88010234,347.0,0.0,0.0,1.0,0.0,1
23,92.0,10.04556771,357.0,0.0,0.0,0.0,1.0,1
25,95.0,16.56585884,264.0,0.0,0.0,0.0,1.0,0
23,95.0,12.69256136,314.0,0.0,0.0,1.0,0.0,1
23,95.0,7.542720421,184.5,0.0,1.0,0.0,0.0,1
25,88.0,19.52760946,389.0,1.0,0.0,0.0,0.0,1
25,95.0,9.8718154,338.0,0.0,0.0,1.0,0.0,0
26,92.0,6.48823229,402.0,0.0,0.0,0.0,1.0,1
22,95.0,9.420521035,389.0,0.0,1.0,0.0,0.0,1
24,95.0,10.22184745,439.0,0.0,0.0,1.0,0.0,0
25,95.0,11.14266773,291.0,0.0,0.0,1.0,0.0,0
23,95.0,12.76402932,351.0,0.0,0.0,1.0,0.0,1
24,95.0,15.59225501,394.0,0.0,1.0,0.0,0.0,0
24,95.0,17.30998858,254.0,1.0,0.0,0.0,0.0,0
25,95.0,7.730278953,190.0,0.0,0.0,0.0,1.0,1
23,95.0,14.59144457,389.0,0.0,1.0,0.0,0.0,0
23,90.0,13.05349201,328.0,0.0,0.0,0.0,1.0,1
23,95.0,19.63480231,338.0,0.0,1.0,0.0,0.0,0
25,87.5,8.165410187,396.0,0.0,0.0,0.0,1.0,1
25,95.0,15.67848238,400.0,0.0,0.0,0.0,1.0,0
24,95.0,16.56585884,245.0,1.0,0.0,0.0,0.0,0
22,95.0,9.814452454,201.0,0.0,1.0,0.0,0.0,1
25,95.0,14.75399666,266.0,1.0,0.0,0.0,0.0,0
25,95.0,16.47502321,373.0,0.0,0.0,0.0,1.0,0
23,95.0,14.67251295,217.0,0.0,1.0,0.0,0.0,0
24,87.5,13.3488037,348.0,1.0,0.0,0.0,0.0,1
25,95.0,9.929454577,347.0,0.0,0.0,1.0,0.0,0
24,95.0,12.69256136,251.0,1.0,0.0,0.0,0.0,0
22,95.0,4.904260592,351.0,0.0,1.0,0.0,0.0,1
25,93.0,6.571662296,405.0,0.0,0.0,0.0,1.0,1
25,95.0,9.987371503,289.0,0.0,0.0,1.0,0.0,0
22,95.0,7.044707922,346.0,0.0,1.0,0.0,0.0,1
23,95.0,14.75399666,439.0,0.0,1.0,0.0,0.0,0
24,95.0,17.59724365,269.0,1.0,0.0,0.0,0.0,0
23,89.0,7.683058499,294.0,0.0,0.0,0.0,1.0,1
23,95.0,19.74258151,282.0,0.0,1.0,0.0,0.0,0
24,95.0,15.76515749,378.0,0.0,1.0,0.0,0.0,0
22,95.0,7.404343951,362.0,0.0,1.0,0.0,0.0,1
23,92.0,10.16280412,353.0,0.0,0.0,0.0,1.0,1
23,95.0,8.415248038,184.5,0.0,1.0,0.0,0.0,1
25,95.0,10.64323454,448.0,0.0,0.0,1.0,0.0,0
24,89.0,8.0671142,288.0,0.0,0.0,0.0,1.0,1
22,95.0,8.516848104,184.5,0.0,1.0,0.0,0.0,1
23,94.0,12.76402932,347.0,0.0,0.0,1.0,0.0,1
23,95.0,14.91822038,388.0,0.0,1.0,0.0,0.0,0
25,95.0,11.46485093,436.0,0.0,0.0,1.0,0.0,0
25,95.0,10.04556771,292.0,0.0,0.0,1.0,0.0,0
23,95.0,6.446808067,251.0,0.0,1.0,0.0,0.0,1
23,89.0,8.264637967,295.0,0.0,0.0,0.0,1.0,1
25,95.0,11.14266773,294.0,0.0,0.0,1.0,0.0,0
24,95.0,15.67848238,456.0,0.0,1.0,0.0,0.0,0
24,95.0,12.98058343,298.0,0.0,0.0,0.0,1.0,0
22,95.0,8.986156218,327.0,0.0,1.0,0.0,0.0,1
23,91.0,13.57421101,332.0,0.0,0.0,0.0,1.0,1
25,95.0,12.76402932,301.0,0.0,0.0,0.0,1.0,0
22,95.0,4.505770041,339.0,0.0,1.0,0.0,0.0,1
22,95.0,9.420521035,366.0,0.0,1.0,0.0,0.0,1
23,95.0,15.25176672,455.0,0.0,1.0,0.0,0.0,0
25,95.0,7.636059339,201.0,0.0,0.0,0.0,1.0,1
24,95.0,13.72638492,383.0,0.0,0.0,0.0,1.0,0
25,89.0,18.89654455,388.0,1.0,0.0,0.0,0.0,1
24,95.0,12.27113269,255.0,1.0,0.0,0.0,0.0,0
24,89.0,8.116146322,288.0,0.0,0.0,0.0,1.0,1
25,95.0,11.20647613,314.0,0.0,0.0,1.0,0.0,0
25,95.0,7.873279406,187.0,0.0,0.0,0.0,1.0,1
25,95.0,10.76627794,292.0,0.0,0.0,1.0,0.0,0
24,90.0,12.69256136,338.0,0.0,0.0,0.0,1.0,1
25,95.0,12.76402932,302.0,0.0,0.0,0.0,1.0,0
24,95.0,16.65717174,249.0,1.0,0.0,0.0,0.0,0
22,95.0,4.538130868,344.0,0.0,1.0,0.0,0.0,1
23,92.0,9.814452454,355.0,0.0,0.0,0.0,1.0,1
23,90.0,12.62144823,330.0,0.0,0.0,0.0,1.0,1
25,95.0,7.969740423,188.0,0.0,0.0,0.0,1.0,1
23,95.0,15.59225501,252.0,0.0,1.0,0.0,0.0,0
25,95.0,17.98744479,373.0,1.0,0.0,0.0,0.0,1
24,95.0,12.90803823,301.0,0.0,0.0,0.0,1.0,0
24,95.0,13.42356205,305.0,0.0,0.0,0.0,1.0,0
23,87.5,12.62144823,327.0,0.0,0.0,1.0,0.0,1
22,95.0,4.870193845,340.0,0.0,1.0,0.0,0.0,1
24,95.0,14.03538213,302.0,0.0,0.0,1.0,0.0,1
25,95.0,10.04556771,302.0,0.0,0.0,1.0,0.0,0
26,93.0,6.613669965,400.0,0.0,0.0,0.0,1.0,1
25,95.0,11.01598084,308.0,0.0,0.0,1.0,0.0,0
24,95.0,16.02789778,344.0,1.0,0.0,0.0,0.0,0
25,87.5,13.65010619,337.0,1.0,0.0,0.0,0.0,1
22,95.0,12.20210529,226.0,0.0,1.0,0.0,0.0,1
22,95.0,7.177995872,291.0,0.0,1.0,0.0,0.0,1
26,94.0,13.80304952,300.0,1.0,0.0,0.0,0.0,1
23,95.0,14.91822038,374.0,0.0,1.0,0.0,0.0,0
24,95.0,16.65717174,245.0,1.0,0.0,0.0,0.0,0
25,95.0,16.11639251,262.0,1.0,0.0,0.0,0.0,0
24,95.0,18.48706888,256.0,1.0,0.0,0.0,0.0,0
25,95.0,12.90803823,368.0,0.0,0.0,0.0,1.0,0
23,95.0,16.38466179,258.0,0.0,1.0,0.0,0.0,0
24,89.0,12.98058343,329.0,0.0,0.0,0.0,1.0,1
25,95.0,10.58215896,452.0,0.0,0.0,1.0,0.0,0
25,95.0,9.814452454,324.0,0.0,0.0,1.0,0.0,0
26,89.0,17.98744479,410.0,1.0,0.0,0.0,0.0,1
25,95.0,10.16280412,363.0,0.0,0.0,1.0,0.0,0
25,90.0,20.06947764,303.0,1.0,0.0,0.0,0.0,1
23,89.0,12.55068787,328.0,0.0,0.0,0.0,1.0,1
24,95.0,18.38606989,256.0,1.0,0.0,0.0,0.0,0
24,95.0,13.88010234,336.0,0.0,0.0,1.0,0.0,1
24,95.0,12.83585424,254.0,1.0,0.0,0.0,0.0,0
26,93.0,6.529850053,398.0,0.0,0.0,0.0,1.0,1
24,95.0,12.69256136,253.0,1.0,0.0,0.0,0.0,0
24,95.0,15.76515749,395.0,0.0,1.0,0.0,0.0,0
22,94.0,11.862037,348.0,0.0,0.0,0.0,1.0,1
25,95.0,15.50647254,309.0,0.0,0.0,0.0,1.0,0
22,95.0,12.98058343,324.0,0.0,0.0,1.0,0.0,1
24,92.0,17.5009837,322.0,1.0,0.0,0.0,0.0,1
25,87.5,13.57421101,342.0,1.0,0.0,0.0,0.0,1
25,95.0,7.636059339,194.0,0.0,0.0,0.0,1.0,1
23,95.0,19.74258151,353.0,0.0,1.0,0.0,0.0,0
22,95.0,8.933015125,196.0,0.0,1.0,0.0,0.0,1
23,95.0,12.62144823,336.0,0.0,0.0,1.0,0.0,1
22,95.0,6.405576451,264.0,0.0,1.0,0.0,0.0,1
22,95.0,7.000692513,361.0,0.0,1.0,0.0,0.0,1
24,89.0,13.57421101,402.0,0.0,0.0,0.0,1.0,1
22,95.0,8.568009903,384.0,0.0,1.0,0.0,0.0,1
25,95.0,15.67848238,317.0,0.0,0.0,0.0,1.0,0
24,95.0,14.1136139,312.0,0.0,0.0,1.0,0.0,1
25,95.0,10.28117628,445.0,0.0,0.0,1.0,0.0,0
26,94.0,14.67251295,302.0,1.0,0.0,0.0,0.0,1
25,87.5,13.72638492,340.0,1.0,0.0,0.0,0.0,1
24,95.0,23.0158361,194.0,1.0,0.0,0.0,0.0,1
24,95.0,13.27441976,256.0,1.0,0.0,0.0,0.0,0
25,95.0,12.48027818,438.0,0.0,0.0,1.0,0.0,0
22,95.0,6.48823229,260.0,0.0,1.0,0.0,0.0,1
26,95.0,17.02725828,312.0,1.0,0.0,0.0,0.0,1
23,87.5,12.69256136,334.0,0.0,0.0,1.0,0.0,1
22,95.0,12.48027818,331.0,0.0,0.0,1.0,0.0,1
23,95.0,14.83589827,215.0,0.0,1.0,0.0,0.0,0
23,95.0,14.51078894,364.0,0.0,1.0,0.0,0.0,0
23,95.0,4.570643409,325.0,0.0,1.0,0.0,0.0,1
25,87.5,13.72638492,344.0,1.0,0.0,0.0,0.0,1
23,95.0,14.75399666,217.0,0.0,1.0,0.0,0.0,0
24,95.0,16.11639251,385.0,0.0,1.0,0.0,0.0,0
24,94.0,11.46485093,360.0,0.0,0.0,0.0,1.0,1
23,95.0,6.740875089,253.0,0.0,1.0,0.0,0.0,1
23,93.0,12.76402932,344.0,0.0,0.0,1.0,0.0,1
25,87.5,14.19224347,334.0,1.0,0.0,0.0,0.0,1
26,95.0,17.69401633,313.0,1.0,0.0,0.0,0.0,1
25,95.0,10.52137857,382.0,0.0,0.0,1.0,0.0,0
25,89.0,20.29041491,393.0,1.0,0.0,0.0,0.0,1
22,94.0,12.55068787,344.0,0.0,0.0,0.0,1.0,1
23,87.5,12.62144823,340.0,0.0,0.0,1.0,0.0,1
23,95.0,16.47502321,260.0,0.0,1.0,0.0,0.0,0
25,95.0,10.22184745,356.0,0.0,0.0,1.0,0.0,0
25,95.0,10.22184745,358.0,0.0,0.0,1.0,0.0,0
25,95.0,11.01598084,304.0,0.0,0.0,1.0,0.0,0
24,89.0,8.0671142,292.0,0.0,0.0,0.0,1.0,1
26,95.0,16.38466179,310.0,1.0,0.0,0.0,0.0,1
26,94.0,15.16773612,300.0,1.0,0.0,0.0,0.0,1
22,95.0,7.542720421,301.0,0.0,1.0,0.0,0.0,1
25,89.0,20.17964285,297.0,1.0,0.0,0.0,0.0,1
24,95.0,17.21524677,260.0,1.0,0.0,0.0,0.0,0
25,95.0,10.46089174,390.0,0.0,0.0,1.0,0.0,0
26,87.5,8.415248038,406.0,0.0,0.0,0.0,1.0,1
22,95.0,5.042126986,355.0,0.0,1.0,0.0,0.0,1
22,95.0,6.122270991,247.0,0.0,1.0,0.0,0.0,1
22,95.0,9.475991969,185.0,0.0,1.0,0.0,0.0,1
25,89.0,20.51379641,305.0,1.0,0.0,0.0,0.0,1
24,95.0,17.69401633,253.0,1.0,0.0,0.0,0.0,0
25,95.0,12.76402932,417.0,0.0,0.0,1.0,0.0,0
22,95.0,8.415248038,384.0,0.0,1.0,0.0,0.0,1
23,87.5,12.62144823,328.0,0.0,0.0,1.0,0.0,1
22,95.0,4.938486566,351.0,0.0,1.0,0.0,0.0,1
23,87.5,12.41021712,330.0,0.0,0.0,1.0,0.0,1
25,87.5,13.27441976,353.0,1.0,0.0,0.0,0.0,1
24,95.0,16.11639251,408.0,0.0,1.0,0.0,0.0,0
22,95.0,6.740875089,253.0,0.0,1.0,0.0,0.0,1
26,94.0,6.529850053,388.0,0.0,0.0,0.0,1.0,1
26,89.0,19.63480231,386.0,1.0,0.0,0.0,0.0,1
25,95.0,9.987371503,305.0,0.0,0.0,1.0,0.0,0
23,95.0,4.870193845,290.0,0.0,1.0,0.0,0.0,1
24,95.0,12.06507013,292.0,0.0,0.0,0.0,1.0,0
25,95.0,11.20647613,448.0,0.0,0.0,1.0,0.0,0
25,95.0,15.42113219,401.0,0.0,0.0,0.0,1.0,0
24,95.0,15.67848238,374.0,0.0,1.0,0.0,0.0,0
23,91.0,13.3488037,327.0,0.0,0.0,0.0,1.0,1
25,95.0,13.65010619,372.0,0.0,0.0,0.0,1.0,0
25,95.0,11.33503171,457.0,0.0,0.0,1.0,0.0,0
23,95.0,19.74258151,322.0,0.0,1.0,0.0,0.0,0
23,95.0,14.83589827,211.0,0.0,1.0,0.0,0.0,0
26,94.0,6.613669965,402.0,0.0,0.0,0.0,1.0,1
22,95.0,10.10404473,196.0,0.0,1.0,0.0,0.0,1
26,94.0,14.51078894,300.0,1.0,0.0,0.0,0.0,1
24,95.0,14.1136139,311.0,0.0,0.0,1.0,0.0,1
23,95.0,19.85095108,354.0,0.0,1.0,0.0,0.0,0
25,87.5,13.49869706,349.0,1.0,0.0,0.0,0.0,1
24,95.0,13.05349201,408.0,0.0,0.0,1.0,0.0,0
25,95.0,13.57421101,401.0,0.0,0.0,1.0,0.0,0
22,94.0,13.49869706,359.0,0.0,0.0,0.0,1.0,1
23,88.0,8.018312629,291.0,0.0,0.0,0.0,1.0,1
23,95.0,15.59225501,249.0,0.0,1.0,0.0,0.0,0
24,95.0,13.49869706,257.0,1.0,0.0,0.0,0.0,0
26,90.0,20.51379641,398.0,1.0,0.0,0.0,0.0,1
24,95.0,12.98058343,299.0,0.0,0.0,0.0,1.0,0
23,95.0,15.08413665,403.0,0.0,1.0,0.0,0.0,0
24,89.0,13.80304952,389.0,0.0,0.0,0.0,1.0,1
22,92.0,10.22184745,359.0,0.0,0.0,0.0,1.0,1
22,93.0,12.41021712,343.0,0.0,0.0,1.0,0.0,1
24,95.0,16.38466179,392.0,0.0,1.0,0.0,0.0,0
23,87.5,6.043008199,274.0,0.0,0.0,0.0,1.0,1
23,91.0,8.31460431,373.0,0.0,0.0,0.0,1.0,1
24,95.0,14.91822038,359.0,0.0,1.0,0.0,0.0,0
24,95.0,14.83589827,375.0,0.0,1.0,0.0,0.0,0
24,93.0,11.01598084,391.0,0.0,0.0,0.0,1.0,1
25,92.0,6.571662296,391.0,0.0,0.0,0.0,1.0,1
25,95.0,11.20647613,296.0,0.0,0.0,1.0,0.0,0
23,95.0,9.814452454,384.0,0.0,1.0,0.0,0.0,1
23,95.0,14.75399666,214.0,0.0,1.0,0.0,0.0,0
24,95.0,16.65717174,252.0,1.0,0.0,0.0,0.0,0
23,95.0,12.41021712,328.0,0.0,0.0,1.0,0.0,1
24,95.0,14.67251295,322.0,0.0,0.0,0.0,1.0,0
23,91.0,13.3488037,320.0,0.0,0.0,0.0,1.0,1
24,90.0,16.65717174,322.0,1.0,0.0,0.0,0.0,1
24,95.0,12.27113269,250.0,1.0,0.0,0.0,0.0,0
25,89.0,19.63480231,390.0,1.0,0.0,0.0,0.0,1
23,92.0,12.83585424,343.0,0.0,0.0,1.0,0.0,1
22,95.0,6.405576451,244.0,0.0,1.0,0.0,0.0,1
23,95.0,12.55068787,332.0,0.0,0.0,1.0,0.0,1
26,94.0,6.405576451,398.0,0.0,0.0,0.0,1.0,1
25,95.0,9.8718154,317.0,0.0,0.0,1.0,0.0,0
23,91.0,8.31460431,371.0,0.0,0.0,0.0,1.0,1
24,95.0,12.48027818,255.0,1.0,0.0,0.0,0.0,0
23,95.0,13.72638492,278.0,0.0,0.0,1.0,0.0,1
23,95.0,4.636126276,336.0,0.0,1.0,0.0,0.0,1
24,94.0,10.89052217,379.0,0.0,0.0,0.0,1.0,1
26,94.0,15.08413665,300.0,1.0,0.0,0.0,0.0,1
23,88.0,7.404343951,287.0,0.0,0.0,0.0,1.0,1
24,89.0,8.116146322,326.0,0.0,0.0,0.0,1.0,1
24,95.0,13.05349201,247.0,1.0,0.0,0.0,0.0,0
23,87.5,12.76402932,334.0,0.0,0.0,1.0,0.0,1
25,95.0,10.34079221,360.0,0.0,0.0,1.0,0.0,0
23,95.0,14.91822038,416.0,0.0,1.0,0.0,0.0,0
24,90.0,13.05349201,333.0,0.0,0.0,0.0,1.0,1
23,95.0,6.783674055,248.0,0.0,1.0,0.0,0.0,1
22,95.0,6.571662296,250.0,0.0,1.0,0.0,0.0,1
24,95.0,14.35070581,316.0,0.0,0.0,1.0,0.0,1
26,93.0,6.48823229,400.0,0.0,0.0,0.0,1.0,1
25,95.0,13.65010619,375.0,0.0,0.0,0.0,1.0,0
22,95.0,7.496378442,368.0,0.0,1.0,0.0,0.0,1
24,95.0,12.76402932,303.0,0.0,0.0,0.0,1.0,0
23,90.0,12.48027818,331.0,0.0,0.0,0.0,1.0,1
23,92.0,8.986156218,363.0,0.0,0.0,0.0,1.0,1
23,95.0,4.904260592,337.0,0.0,1.0,0.0,0.0,1
23,95.0,14.91822038,217.0,0.0,1.0,0.0,0.0,0
24,89.0,8.214906999,286.0,0.0,0.0,0.0,1.0,1
26,95.0,17.21524677,313.0,1.0,0.0,0.0,0.0,1
23,95.0,13.49869706,364.0,0.0,0.0,1.0,0.0,1
25,95.0,13.12676612,372.0,0.0,0.0,0.0,1.0,0
24,95.0,14.67251295,320.0,0.0,0.0,0.0,1.0,0
24,95.0,19.00030193,286.0,1.0,0.0,0.0,0.0,0
23,89.0,12.69256136,328.0,0.0,0.0,0.0,1.0,1
22,95.0,12.98058343,333.0,0.0,0.0,1.0,0.0,1
23,89.0,7.873279406,295.0,0.0,0.0,0.0,1.0,1
25,95.0,13.42356205,387.0,0.0,0.0,0.0,1.0,0
23,95.0,14.83589827,388.0,0.0,1.0,0.0,0.0,0
23,87.5,4.47356027,322.0,0.0,1.0,0.0,0.0,1
23,94.0,10.89052217,384.0,0.0,0.0,0.0,1.0,1
26,91.0,6.783674055,396.0,0.0,0.0,0.0,1.0,1
24,95.0,14.75399666,423.0,0.0,1.0,0.0,0.0,0
23,95.0,16.20534945,259.0,0.0,1.0,0.0,0.0,0
24,95.0,12.62144823,250.0,1.0,0.0,0.0,0.0,0
25,95.0,11.14266773,311.0,0.0,0.0,1.0,0.0,0
25,95.0,13.20040797,363.0,0.0,0.0,0.0,1.0,0
26,95.0,19.95991509,396.0,1.0,0.0,0.0,0.0,1
23,95.0,15.93986231,252.0,0.0,1.0,0.0,0.0,0
23,95.0,16.65717174,249.0,0.0,1.0,0.0,0.0,0
25,93.0,6.613669965,388.0,0.0,0.0,0.0,1.0,1
25,95.0,10.40069682,448.0,0.0,0.0,1.0,0.0,0
22,95.0,7.589280351,313.0,0.0,1.0,0.0,0.0,1
23,95.0,14.67251295,364.0,0.0,1.0,0.0,0.0,0
24,95.0,13.95754575,310.0,0.0,0.0,1.0,0.0,1
22,95.0,6.48823229,254.0,0.0,1.0,0.0,0.0,1
23,95.0,12.90803823,341.0,0.0,0.0,1.0,0.0,1
22,95.0,9.093199852,381.0,0.0,1.0,0.0,0.0,1
25,95.0,11.53023895,313.0,0.0,0.0,1.0,0.0,0
24,95.0,17.30998858,256.0,1.0,0.0,0.0,0.0,0
25,95.0,10.16280412,291.0,0.0,0.0,1.0,0.0,0
22,95.0,8.986156218,184.5,0.0,1.0,0.0,0.0,1
25,95.0,12.83585424,363.0,0.0,0.0,0.0,1.0,0
24,95.0,14.91822038,360.0,0.0,1.0,0.0,0.0,0
25,95.0,9.987371503,300.0,0.0,0.0,1.0,0.0,0
23,91.0,8.264637967,366.0,0.0,0.0,0.0,1.0,1
23,95.0,12.76402932,348.0,0.0,0.0,1.0,0.0,1
22,95.0,7.921396405,184.5,0.0,1.0,0.0,0.0,1
25,89.0,20.06947764,302.0,1.0,0.0,0.0,0.0,1
24,95.0,15.33623116,403.0,0.0,1.0,0.0,0.0,0
23,95.0,14.59144457,213.0,0.0,1.0,0.0,0.0,0
22,95.0,6.740875089,263.0,0.0,1.0,0.0,0.0,1
23,95.0,6.698275399,248.0,0.0,1.0,0.0,0.0,1
23,95.0,15.08413665,386.0,0.0,1.0,0.0,0.0,0
22,92.0,11.92938136,348.0,0.0,0.0,0.0,1.0,1
26,94.0,6.283027997,402.0,0.0,0.0,0.0,1.0,1
26,93.0,6.571662296,398.0,0.0,0.0,0.0,1.0,1
24,95.0,14.27127328,332.0,0.0,0.0,1.0,0.0,1
24,95.0,14.67251295,394.0,0.0,1.0,0.0,0.0,0
24,95.0,12.55068787,245.0,1.0,0.0,0.0,0.0,0
24,95.0,12.48027818,252.0,1.0,0.0,0.0,0.0,0
23,87.5,12.62144823,350.0,0.0,0.0,1.0,0.0,1
23,88.0,12.62144823,351.0,0.0,0.0,1.0,0.0,1
24,95.0,12.83585424,301.0,0.0,0.0,0.0,1.0,0
24,95.0,14.75399666,318.0,0.0,0.0,0.0,1.0,0
24,95.0,16.02789778,373.0,0.0,1.0,0.0,0.0,0
24,95.0,12.20210529,287.0,0.0,0.0,0.0,1.0,0
24,95.0,13.05349201,255.0,1.0,0.0,0.0,0.0,0
22,95.0,13.49869706,344.0,0.0,0.0,1.0,0.0,1
23,95.0,6.740875089,260.0,0.0,1.0,0.0,0.0,1
25,89.0,19.31496687,380.0,1.0,0.0,0.0,0.0,1
23,90.0,12.62144823,357.0,0.0,0.0,0.0,1.0,1
25,95.0,10.70460698,292.0,0.0,0.0,1.0,0.0,0
24,95.0,14.83589827,318.0,0.0,0.0,0.0,1.0,0
25,89.0,20.17964285,393.0,1.0,0.0,0.0,0.0,1
23,88.0,7.825388265,293.0,0.0,0.0,0.0,1.0,1
23,95.0,14.75399666,433.0,0.0,1.0,0.0,0.0,0
24,95.0,16.47502321,359.0,0.0,0.0,0.0,1.0,0
22,91.0,13.42356205,335.0,0.0,0.0,0.0,1.0,1
23,95.0,14.83589827,316.0,0.0,0.0,0.0,1.0,0
24,95.0,13.95754575,328.0,0.0,0.0,1.0,0.0,1
25,95.0,10.46089174,447.0,0.0,0.0,1.0,0.0,0
22,95.0,6.956882353,297.0,0.0,1.0,0.0,0.0,1
23,90.0,13.05349201,336.0,0.0,0.0,0.0,1.0,1
25,95.0,9.987371503,321.0,0.0,0.0,1.0,0.0,0
23,95.0,18.58861217,260.0,0.0,1.0,0.0,0.0,0
22,95.0,8.827487661,184.5,0.0,1.0,0.0,0.0,1
24,95.0,14.91822038,403.0,0.0,1.0,0.0,0.0,0
24,95.0,12.55068787,250.0,1.0,0.0,0.0,0.0,0
23,89.0,12.69256136,326.0,0.0,0.0,0.0,1.0,1
25,95.0,16.38466179,362.0,0.0,0.0,0.0,1.0,0
23,95.0,4.768941936,341.0,0.0,1.0,0.0,0.0,1
23,88.0,12.76402932,344.0,0.0,0.0,1.0,0.0,1
25,95.0,16.20534945,366.0,0.0,0.0,0.0,1.0,0
22,95.0,4.47356027,345.0,0.0,1.0,0.0,0.0,1
22,95.0,12.06507013,226.0,0.0,1.0,0.0,0.0,1
26,91.0,6.783674055,405.0,0.0,0.0,0.0,1.0,1
25,95.0,16.47502321,362.0,0.0,0.0,0.0,1.0,0
22,95.0,4.904260592,349.0,0.0,1.0,0.0,0.0,1
23,95.0,17.5009837,407.0,0.0,1.0,0.0,0.0,0
23,87.5,12.62144823,325.0,0.0,0.0,1.0,0.0,1
23,95.0,4.836285621,355.0,0.0,1.0,0.0,0.0,1
23,95.0,8.415248038,184.5,0.0,1.0,0.0,0.0,1
23,95.0,15.16773612,391.0,0.0,1.0,0.0,0.0,0
23,95.0,14.83589827,400.0,0.0,1.0,0.0,0.0,0
24,95.0,17.12100442,252.0,1.0,0.0,0.0,0.0,0
22,95.0,11.72833871,223.0,0.0,1.0,0.0,0.0,1
23,95.0,4.409591293,350.0,0.0,1.0,0.0,0.0,1
23,88.0,7.358649263,289.0,0.0,0.0,0.0,1.0,1
24,95.0,15.33623116,391.0,0.0,1.0,0.0,0.0,0
25,95.0,9.8718154,328.0,0.0,0.0,1.0,0.0,0
22,95.0,6.48823229,259.0,0.0,1.0,0.0,0.0,1
23,95.0,4.505770041,311.0,0.0,1.0,0.0,0.0,1
24,95.0,14.1136139,306.0,0.0,0.0,1.0,0.0,1
24,95.0,11.33503171,434.0,0.0,0.0,1.0,0.0,0
22,95.0,4.972872478,358.0,0.0,1.0,0.0,0.0,1
25,95.0,9.987371503,301.0,0.0,0.0,1.0,0.0,0
24,95.0,13.80304952,401.0,0.0,0.0,1.0,0.0,0
26,95.0,16.84124175,312.0,1.0,0.0,0.0,0.0,1
23,95.0,8.0671142,184.5,0.0,1.0,0.0,0.0,1
24,95.0,15.25176672,457.0,0.0,1.0,0.0,0.0,0
23,95.0,12.76402932,354.0,0.0,0.0,1.0,0.0,1
23,95.0,14.43054353,309.0,0.0,0.0,0.0,1.0,0
24,95.0,19.00030193,280.0,1.0,0.0,0.0,0.0,0
23,95.0,16.56585884,261.0,0.0,1.0,0.0,0.0,0
25,92.0,6.48823229,396.0,0.0,0.0,0.0,1.0,1
22,93.0,14.1136139,327.0,0.0,0.0,0.0,1.0,1
24,95.0,19.42099897,318.0,1.0,0.0,0.0,0.0,0
24,95.0,11.66198098,432.0,0.0,0.0,1.0,0.0,0
25,95.0,12.83585424,413.0,0.0,0.0,1.0,0.0,0
25,87.5,12.48027818,344.0,1.0,0.0,0.0,0.0,1
25,95.0,10.95309884,296.0,0.0,0.0,1.0,0.0,0
23,89.0,6.613669965,286.0,0.0,0.0,0.0,1.0,1
25,95.0,9.929454577,322.0,0.0,0.0,1.0,0.0,0
24,95.0,13.57421101,254.0,1.0,0.0,0.0,0.0,0
25,95.0,10.10404473,353.0,0.0,0.0,1.0,0.0,0
24,87.5,14.1136139,326.0,1.0,0.0,0.0,0.0,1
22,95.0,9.093199852,199.0,0.0,1.0,0.0,0.0,1
23,95.0,12.83585424,347.0,0.0,0.0,1.0,0.0,1
23,91.0,8.465927903,361.0,0.0,0.0,0.0,1.0,1
22,95.0,12.41021712,337.0,0.0,0.0,1.0,0.0,1
25,95.0,5.36188151,440.0,0.0,0.0,1.0,0.0,0
25,95.0,9.987371503,313.0,0.0,0.0,1.0,0.0,0
23,89.0,7.636059339,304.0,0.0,0.0,0.0,1.0,1
24,95.0,12.13341843,291.0,0.0,0.0,0.0,1.0,0
23,95.0,13.57421101,371.0,0.0,0.0,1.0,0.0,1
22,95.0,8.264637967,184.5,0.0,1.0,0.0,0.0,1
25,95.0,14.51078894,385.0,0.0,0.0,0.0,1.0,0
22,95.0,8.671063387,188.0,0.0,1.0,0.0,0.0,1
22,95.0,6.48823229,262.0,0.0,1.0,0.0,0.0,1
24,95.0,13.88010234,248.0,1.0,0.0,0.0,0.0,0
22,95.0,8.568009903,184.5,0.0,1.0,0.0,0.0,1
25,95.0,13.27441976,200.0,1.0,0.0,0.0,0.0,0
22,95.0,5.182587061,359.0,0.0,1.0,0.0,0.0,1
25,95.0,14.03538213,371.0,0.0,0.0,0.0,1.0,0
24,95.0,13.72638492,251.0,1.0,0.0,0.0,0.0,0
23,95.0,14.59144457,214.0,0.0,1.0,0.0,0.0,0
26,90.0,19.31496687,396.0,1.0,0.0,0.0,0.0,1
23,95.0,19.52760946,359.0,0.0,1.0,0.0,0.0,0
25,95.0,10.22184745,276.0,0.0,0.0,1.0,0.0,0
24,95.0,14.51078894,246.0,0.0,1.0,0.0,0.0,0
23,95.0,12.34050263,329.0,0.0,0.0,1.0,0.0,1
25,95.0,9.929454577,342.0,0.0,0.0,1.0,0.0,0
25,95.0,9.757364232,324.0,0.0,0.0,1.0,0.0,0
24,95.0,20.85352641,318.0,1.0,0.0,0.0,0.0,1
24,90.0,8.165410187,290.0,0.0,0.0,0.0,1.0,1
25,95.0,11.01598084,296.0,0.0,0.0,1.0,0.0,0
23,93.0,11.20647613,352.0,0.0,0.0,0.0,1.0,1
22,95.0,12.69256136,335.0,0.0,0.0,1.0,0.0,1
26,91.0,19.74258151,302.0,1.0,0.0,0.0,0.0,1
26,90.0,20.40179801,394.0,1.0,0.0,0.0,0.0,1
24,92.0,17.12100442,315.0,1.0,0.0,0.0,0.0,1
23,92.0,10.70460698,358.0,0.0,0.0,0.0,1.0,1
25,95.0,13.05349201,369.0,0.0,0.0,0.0,1.0,0
23,95.0,9.531728808,184.5,0.0,1.0,0.0,0.0,1
25,95.0,10.52137857,402.0,0.0,0.0,1.0,0.0,0
23,89.0,7.636059339,301.0,0.0,0.0,0.0,1.0,1
24,95.0,12.90803823,303.0,0.0,0.0,0.0,1.0,0
22,95.0,6.446808067,253.0,0.0,1.0,0.0,0.0,1
25,95.0,9.987371503,311.0,0.0,0.0,1.0,0.0,0
23,87.5,12.48027818,342.0,0.0,0.0,1.0,0.0,1
24,95.0,14.67251295,366.0,0.0,1.0,0.0,0.0,0
23,89.0,12.76402932,336.0,0.0,0.0,0.0,1.0,1
23,95.0,19.95991509,336.0,0.0,1.0,0.0,0.0,0
25,95.0,11.20647613,408.0,0.0,0.0,1.0,0.0,0
22,95.0,5.007419045,351.0,0.0,1.0,0.0,0.0,1
25,95.0,12.98058343,380.0,0.0,0.0,0.0,1.0,0
25,95.0,16.20534945,276.0,1.0,0.0,0.0,0.0,0
22,95.0,7.589280351,296.0,0.0,1.0,0.0,0.0,1
23,95.0,16.11639251,254.0,0.0,1.0,0.0,0.0,0
24,95.0,17.12100442,243.0,1.0,0.0,0.0,0.0,0
24,89.0,13.27441976,393.0,0.0,0.0,0.0,1.0,1
22,95.0,4.904260592,343.0,0.0,1.0,0.0,0.0,1
22,95.0,8.415248038,184.5,0.0,1.0,0.0,0.0,1
25,95.0,9.757364232,329.0,0.0,0.0,1.0,0.0,0
26,93.0,6.571662296,390.0,0.0,0.0,0.0,1.0,1
22,95.0,8.465927903,184.5,0.0,1.0,0.0,0.0,1
23,95.0,7.404343951,357.0,0.0,1.0,0.0,0.0,1
22,95.0,12.90803823,333.0,0.0,0.0,1.0,0.0,1
23,95.0,15.00096563,378.0,0.0,1.0,0.0,0.0,0
23,87.5,6.48823229,290.0,0.0,0.0,0.0,1.0,1
23,91.0,8.264637967,370.0,0.0,0.0,0.0,1.0,1
24,95.0,16.93400512,248.0,1.0,0.0,0.0,0.0,0
24,89.0,13.49869706,379.0,0.0,0.0,0.0,1.0,1
26,95.0,14.43054353,307.0,1.0,0.0,0.0,0.0,1
24,95.0,16.56585884,362.0,0.0,0.0,0.0,1.0,0
25,87.5,13.57421101,350.0,1.0,0.0,0.0,0.0,1
25,95.0,12.83585424,373.0,0.0,0.0,0.0,1.0,0
24,95.0,16.38466179,357.0,0.0,0.0,0.0,1.0,0
22,88.0,12.62144823,338.0,0.0,0.0,1.0,0.0,1
23,95.0,14.75399666,377.0,0.0,1.0,0.0,0.0,0
26,87.5,8.364807255,414.0,0.0,0.0,0.0,1.0,1
23,87.5,12.76402932,342.0,0.0,0.0,1.0,0.0,1
23,95.0,14.91822038,218.0,0.0,1.0,0.0,0.0,0
23,95.0,15.16773612,248.0,0.0,1.0,0.0,0.0,0
22,94.0,12.62144823,184.5,0.0,0.0,0.0,1.0,1
24,95.0,12.13341843,438.0,0.0,0.0,1.0,0.0,0
23,95.0,12.41021712,327.0,0.0,0.0,1.0,0.0,1
23,89.0,7.777721829,302.0,0.0,0.0,0.0,1.0,1
22,95.0,6.740875089,261.0,0.0,1.0,0.0,0.0,1
22,92.0,12.76402932,320.0,0.0,0.0,1.0,0.0,1
25,89.0,19.74258151,303.0,1.0,0.0,0.0,0.0,1
23,91.0,8.364807255,372.0,0.0,0.0,0.0,1.0,1
22,92.0,10.16280412,359.0,0.0,0.0,0.0,1.0,1
24,89.0,13.65010619,401.0,0.0,0.0,0.0,1.0,1
24,95.0,18.48706888,261.0,0.0,1.0,0.0,0.0,0
24,95.0,15.93986231,373.0,0.0,1.0,0.0,0.0,0
23,95.0,12.48027818,332.0,0.0,0.0,1.0,0.0,1
24,95.0,19.20950925,303.0,1.0,0.0,0.0,0.0,0
25,95.0,12.13341843,411.0,0.0,0.0,1.0,0.0,0
25,95.0,12.90803823,369.0,0.0,0.0,0.0,1.0,0
22,95.0,4.870193845,345.0,0.0,1.0,0.0,0.0,1
25,89.0,15.76515749,327.0,1.0,0.0,0.0,0.0,1
24,95.0,15.00096563,373.0,0.0,1.0,0.0,0.0,0
23,95.0,14.59144457,212.0,0.0,1.0,0.0,0.0,0
22,95.0,8.568009903,187.0,0.0,1.0,0.0,0.0,1
24,95.0,16.47502321,362.0,0.0,0.0,0.0,1.0,0
22,95.0,8.116146322,371.0,0.0,1.0,0.0,0.0,1
24,95.0,12.98058343,401.0,0.0,0.0,1.0,0.0,0
23,95.0,6.446808067,245.0,0.0,1.0,0.0,0.0,1
23,95.0,19.95991509,332.0,0.0,1.0,0.0,0.0,0
24,95.0,12.41021712,251.0,1.0,0.0,0.0,0.0,0
23,95.0,12.76402932,350.0,0.0,0.0,1.0,0.0,1
22,95.0,8.568009903,375.0,0.0,1.0,0.0,0.0,1
24,95.0,11.59594835,435.0,0.0,0.0,1.0,0.0,0
25,95.0,13.72638492,385.0,0.0,0.0,0.0,1.0,0
25,95.0,10.10404473,436.0,0.0,0.0,1.0,0.0,0
25,95.0,14.67251295,303.0,0.0,0.0,0.0,1.0,0
23,95.0,16.38466179,259.0,0.0,1.0,0.0,0.0,0
24,95.0,14.1136139,313.0,0.0,0.0,1.0,0.0,1
22,95.0,7.450253315,346.0,0.0,1.0,0.0,0.0,1
22,95.0,7.450253315,298.0,0.0,1.0,0.0,0.0,1
23,88.0,7.683058499,297.0,0.0,0.0,0.0,1.0,1
24,95.0,14.27127328,250.0,1.0,0.0,0.0,0.0,0
26,94.0,14.27127328,306.0,1.0,0.0,0.0,0.0,1
23,92.0,11.27059687,357.0,0.0,0.0,0.0,1.0,1
23,95.0,16.20534945,255.0,0.0,1.0,0.0,0.0,0
26,88.0,7.267899623,397.0,0.0,0.0,0.0,1.0,1
23,95.0,8.415248038,184.5,0.0,1.0,0.0,0.0,1
26,90.0,19.63480231,376.0,1.0,0.0,0.0,0.0,1
22,95.0,7.542720421,299.0,0.0,1.0,0.0,0.0,1
26,94.0,15.16773612,301.0,1.0,0.0,0.0,0.0,1
24,95.0,16.11639251,216.0,0.0,1.0,0.0,0.0,0
23,95.0,8.516848104,184.5,0.0,1.0,0.0,0.0,1
22,95.0,7.044707922,345.0,0.0,1.0,0.0,0.0,1
25,95.0,9.929454577,309.0,0.0,0.0,1.0,0.0,0
24,95.0,17.21524677,264.0,1.0,0.0,0.0,0.0,0
23,89.0,8.116146322,296.0,0.0,0.0,0.0,1.0,1
24,95.0,12.83585424,258.0,1.0,0.0,0.0,0.0,0
25,95.0,11.862037,372.0,0.0,0.0,1.0,0.0,0
23,92.0,9.929454577,355.0,0.0,0.0,0.0,1.0,1
23,95.0,9.039550676,188.0,0.0,1.0,0.0,0.0,1
24,95.0,19.42099897,301.0,1.0,0.0,0.0,0.0,0
25,95.0,10.82824911,290.0,0.0,0.0,1.0,0.0,0
24,95.0,18.18569032,252.0,1.0,0.0,0.0,0.0,0
22,95.0,8.264637967,184.5,0.0,1.0,0.0,0.0,1
22,87.5,12.62144823,333.0,0.0,0.0,1.0,0.0,1
26,94.0,15.42113219,307.0,1.0,0.0,0.0,0.0,1
23,95.0,14.83589827,219.0,0.0,1.0,0.0,0.0,0
23,95.0,14.83589827,214.0,0.0,1.0,0.0,0.0,0
22,95.0,6.956882353,350.0,0.0,1.0,0.0,0.0,1
22,95.0,9.420521035,395.0,0.0,1.0,0.0,0.0,1
24,95.0,16.38466179,362.0,0.0,0.0,0.0,1.0,0
24,95.0,14.75399666,404.0,0.0,1.0,0.0,0.0,0
23,89.0,8.018312629,313.0,0.0,0.0,0.0,1.0,1
25,95.0,15.42113219,387.0,0.0,0.0,0.0,1.0,0
25,87.5,13.27441976,347.0,1.0,0.0,0.0,0.0,1
24,95.0,12.06507013,287.0,0.0,0.0,0.0,1.0,0
24,89.0,12.98058343,282.0,0.0,0.0,0.0,1.0,1
23,95.0,16.38466179,203.0,0.0,1.0,0.0,0.0,0
23,95.0,5.886678992,264.0,0.0,1.0,0.0,0.0,1
25,95.0,10.04556771,289.0,0.0,0.0,1.0,0.0,0
25,95.0,11.66198098,431.0,0.0,0.0,1.0,0.0,0
24,95.0,15.67848238,370.0,0.0,1.0,0.0,0.0,0
24,95.0,14.1136139,303.0,0.0,0.0,1.0,0.0,1
23,95.0,14.91822038,220.0,0.0,1.0,0.0,0.0,0
22,95.0,4.441500903,339.0,0.0,1.0,0.0,0.0,1
22,91.0,12.69256136,325.0,0.0,0.0,1.0,0.0,1
26,87.5,7.873279406,390.0,0.0,0.0,0.0,1.0,1
23,95.0,4.538130868,336.0,0.0,1.0,0.0,0.0,1
24,95.0,19.10462223,290.0,1.0,0.0,0.0,0.0,0
25,95.0,14.35070581,386.0,0.0,0.0,0.0,1.0,0
23,95.0,19.74258151,346.0,0.0,1.0,0.0,0.0,0
22,90.0,12.13341843,338.0,0.0,0.0,1.0,0.0,1
24,95.0,14.1136139,300.0,0.0,0.0,1.0,0.0,1
22,95.0,4.904260592,344.0,0.0,1.0,0.0,0.0,1
22,95.0,4.870193845,350.0,0.0,1.0,0.0,0.0,1
24,95.0,12.34050263,250.0,1.0,0.0,0.0,0.0,0
26,90.0,18.69070341,400.0,1.0,0.0,0.0,0.0,1
24,95.0,17.21524677,395.0,0.0,1.0,0.0,0.0,0
22,95.0,8.568009903,184.5,0.0,1.0,0.0,0.0,1
25,95.0,9.987371503,298.0,0.0,0.0,1.0,0.0,0
24,95.0,12.48027818,184.5,1.0,0.0,0.0,0.0,0
25,95.0,13.42356205,382.0,0.0,0.0,0.0,1.0,0
25,95.0,16.47502321,365.0,0.0,0.0,0.0,1.0,0
25,89.0,19.20950925,401.0,1.0,0.0,0.0,0.0,1
23,90.0,12.98058343,334.0,0.0,0.0,0.0,1.0,1
24,94.0,11.46485093,367.0,0.0,0.0,0.0,1.0,1
23,95.0,4.972872478,344.0,0.0,1.0,0.0,0.0,1
24,95.0,14.27127328,334.0,0.0,0.0,1.0,0.0,1
24,87.5,13.57421101,347.0,1.0,0.0,0.0,0.0,1
23,87.5,12.62144823,348.0,0.0,0.0,1.0,0.0,1
25,95.0,7.730278953,204.0,0.0,0.0,0.0,1.0,1
24,95.0,14.1136139,338.0,0.0,0.0,1.0,0.0,1
23,95.0,16.11639251,253.0,0.0,1.0,0.0,0.0,0
23,95.0,4.938486566,353.0,0.0,1.0,0.0,0.0,1
25,95.0,11.20647613,298.0,0.0,0.0,1.0,0.0,0
23,89.0,7.542720421,291.0,0.0,0.0,0.0,1.0,1
26,94.0,14.43054353,297.0,1.0,0.0,0.0,0.0,1
22,95.0,8.568009903,184.5,0.0,1.0,0.0,0.0,1
26,94.0,14.27127328,300.0,1.0,0.0,0.0,0.0,1
25,95.0,15.42113219,385.0,0.0,0.0,0.0,1.0,0
23,95.0,15.00096563,435.0,0.0,1.0,0.0,0.0,0
23,87.5,12.55068787,330.0,0.0,0.0,1.0,0.0,1
24,89.0,8.165410187,290.0,0.0,0.0,0.0,1.0,1
25,95.0,9.8718154,326.0,0.0,0.0,1.0,0.0,0
23,95.0,4.904260592,338.0,0.0,1.0,0.0,0.0,1
24,95.0,17.30998858,251.0,1.0,0.0,0.0,0.0,0
23,95.0,10.82824911,396.0,0.0,1.0,0.0,0.0,1
26,95.0,17.12100442,310.0,1.0,0.0,0.0,0.0,1
23,95.0,16.38466179,247.0,0.0,1.0,0.0,0.0,0
23,95.0,14.83589827,402.0,0.0,1.0,0.0,0.0,0
23,95.0,4.570643409,332.0,0.0,1.0,0.0,0.0,1
24,95.0,12.20210529,256.0,1.0,0.0,0.0,0.0,0
24,95.0,12.13341843,369.0,0.0,0.0,0.0,1.0,1
22,95.0,12.76402932,320.0,0.0,0.0,1.0,0.0,1
24,95.0,16.84124175,249.0,1.0,0.0,0.0,0.0,0
23,95.0,19.74258151,337.0,0.0,1.0,0.0,0.0,0
26,87.5,7.404343951,405.0,0.0,0.0,0.0,1.0,1
23,95.0,17.40523312,399.0,0.0,1.0,0.0,0.0,0
24,95.0,17.30998858,258.0,1.0,0.0,0.0,0.0,0
24,95.0,14.51078894,310.0,0.0,0.0,0.0,1.0,0
23,92.0,9.757364232,361.0,0.0,0.0,0.0,1.0,1
23,95.0,8.018312629,184.5,0.0,1.0,0.0,0.0,1
24,95.0,15.93986231,346.0,0.0,0.0,0.0,1.0,0
22,95.0,12.62144823,336.0,0.0,0.0,1.0,0.0,1
22,95.0,4.836285621,339.0,0.0,1.0,0.0,0.0,1
23,95.0,16.02789778,258.0,0.0,1.0,0.0,0.0,0
23,89.0,8.264637967,301.0,0.0,0.0,0.0,1.0,1
23,91.0,8.364807255,362.0,0.0,0.0,0.0,1.0,1
25,95.0,10.04556771,350.0,0.0,0.0,1.0,0.0,0
24,88.0,18.89654455,265.0,0.0,1.0,0.0,0.0,0
23,92.0,9.8718154,352.0,0.0,0.0,0.0,1.0,1
23,95.0,14.67251295,214.0,0.0,1.0,0.0,0.0,0
22,92.0,10.46089174,366.0,0.0,0.0,0.0,1.0,1
25,95.0,12.83585424,379.0,0.0,0.0,0.0,1.0,0
24,95.0,14.03538213,333.0,0.0,0.0,1.0,0.0,1
24,95.0,12.13341843,294.0,0.0,0.0,0.0,1.0,0
23,89.0,8.516848104,300.0,0.0,0.0,0.0,1.0,1
24,89.0,13.49869706,395.0,0.0,0.0,0.0,1.0,1
24,95.0,16.74896501,245.0,1.0,0.0,0.0,0.0,0
25,95.0,10.22184745,361.0,0.0,0.0,1.0,0.0,0
23,95.0,19.74258151,277.0,0.0,1.0,0.0,0.0,0
25,95.0,16.11639251,320.0,0.0,0.0,0.0,1.0,0
23,95.0,16.65717174,245.0,0.0,1.0,0.0,0.0,0
24,95.0,13.05349201,296.0,0.0,0.0,0.0,1.0,0
22,95.0,12.69256136,325.0,0.0,0.0,1.0,0.0,1
24,95.0,12.76402932,305.0,0.0,0.0,0.0,1.0,0
22,95.0,9.644005982,191.0,0.0,1.0,0.0,0.0,1
23,95.0,16.02789778,256.0,0.0,1.0,0.0,0.0,0
22,95.0,6.913276429,295.0,0.0,1.0,0.0,0.0,1
23,95.0,15.42113219,250.0,0.0,1.0,0.0,0.0,0
25,95.0,15.42113219,316.0,0.0,0.0,0.0,1.0,0
23,95.0,14.91822038,361.0,0.0,1.0,0.0,0.0,0
23,95.0,13.12676612,348.0,0.0,0.0,1.0,0.0,1
23,92.0,9.814452454,353.0,0.0,0.0,0.0,1.0,1
23,89.0,12.41021712,340.0,0.0,0.0,0.0,1.0,1
22,92.0,10.34079221,362.0,0.0,0.0,0.0,1.0,1
22,94.0,11.53023895,350.0,0.0,0.0,0.0,1.0,1
24,95.0,14.27127328,348.0,0.0,0.0,1.0,0.0,1
23,95.0,7.921396405,184.5,0.0,1.0,0.0,0.0,1
25,95.0,11.46485093,340.0,0.0,0.0,1.0,0.0,0
25,95.0,16.29477154,266.0,1.0,0.0,0.0,0.0,0
25,95.0,9.8718154,316.0,0.0,0.0,1.0,0.0,0
23,95.0,14.67251295,215.0,0.0,1.0,0.0,0.0,0
25,89.0,19.74258151,379.0,1.0,0.0,0.0,0.0,1
23,94.0,15.93986231,256.0,0.0,1.0,0.0,0.0,0
26,91.0,6.869873736,397.0,0.0,0.0,0.0,1.0,1
22,90.0,12.62144823,342.0,0.0,0.0,1.0,0.0,1
22,95.0,6.48823229,258.0,0.0,1.0,0.0,0.0,1
25,95.0,7.683058499,197.0,0.0,0.0,0.0,1.0,1
25,95.0,9.987371503,303.0,0.0,0.0,1.0,0.0,0
25,95.0,16.11639251,257.0,1.0,0.0,0.0,0.0,0
25,87.5,13.80304952,342.0,1.0,0.0,0.0,0.0,1
24,95.0,14.03538213,299.0,0.0,0.0,1.0,0.0,1
24,95.0,19.00030193,290.0,1.0,0.0,0.0,0.0,0
22,95.0,7.969740423,184.5,0.0,1.0,0.0,0.0,1
23,89.0,9.365314571,313.0,0.0,0.0,0.0,1.0,1
22,95.0,11.92938136,226.0,0.0,1.0,0.0,0.0,1
24,95.0,19.31496687,307.0,1.0,0.0,0.0,0.0,0
24,95.0,14.59144457,360.0,0.0,1.0,0.0,0.0,0
24,95.0,18.7933463,297.0,1.0,0.0,0.0,0.0,0
25,95.0,11.99705843,417.0,0.0,0.0,1.0,0.0,0
23,91.0,8.31460431,368.0,0.0,0.0,0.0,1.0,1
25,87.5,18.69070341,396.0,1.0,0.0,0.0,0.0,1
23,95.0,4.802535216,336.0,0.0,1.0,0.0,0.0,1
25,95.0,10.10404473,289.0,0.0,0.0,1.0,0.0,0
25,95.0,12.69256136,308.0,0.0,0.0,0.0,1.0,0
23,95.0,12.62144823,324.0,0.0,0.0,1.0,0.0,1
26,95.0,17.30998858,313.0,1.0,0.0,0.0,0.0,1
26,95.0,15.33623116,304.0,1.0,0.0,0.0,0.0,1
26,95.0,20.51379641,385.0,1.0,0.0,0.0,0.0,1
25,95.0,9.757364232,326.0,0.0,0.0,1.0,0.0,0
22,95.0,12.48027818,341.0,0.0,0.0,1.0,0.0,1
25,89.0,20.17964285,304.0,1.0,0.0,0.0,0.0,1
23,95.0,14.75399666,317.0,0.0,0.0,0.0,1.0,0
22,95.0,9.310371154,385.0,0.0,1.0,0.0,0.0,1
25,95.0,10.70460698,366.0,0.0,0.0,1.0,0.0,0
22,95.0,4.441500903,340.0,0.0,1.0,0.0,0.0,1
24,95.0,13.95754575,330.0,0.0,0.0,1.0,0.0,1
24,95.0,17.79130513,251.0,1.0,0.0,0.0,0.0,0
25,92.0,6.613669965,399.0,0.0,0.0,0.0,1.0,1
22,95.0,6.446808067,251.0,0.0,1.0,0.0,0.0,1
25,95.0,10.52137857,391.0,0.0,0.0,1.0,0.0,0
26,95.0,16.65717174,309.0,1.0,0.0,0.0,0.0,1
24,95.0,16.38466179,204.0,0.0,1.0,0.0,0.0,0
25,95.0,15.42113219,410.0,0.0,0.0,0.0,1.0,0
25,95.0,16.47502321,371.0,0.0,0.0,0.0,1.0,0
23,89.0,12.76402932,354.0,0.0,0.0,0.0,1.0,1
23,95.0,19.74258151,365.0,0.0,1.0,0.0,0.0,0
25,95.0,9.987371503,302.0,0.0,0.0,1.0,0.0,0
25,95.0,9.8718154,334.0,0.0,0.0,1.0,0.0,0
22,95.0,8.516848104,184.5,0.0,1.0,0.0,0.0,1
23,95.0,19.42099897,271.0,0.0,1.0,0.0,0.0,0
26,89.0,7.0889296,409.0,0.0,0.0,0.0,1.0,1
25,95.0,13.80304952,377.0,0.0,0.0,0.0,1.0,0
23,92.0,10.16280412,356.0,0.0,0.0,0.0,1.0,1
23,87.5,6.446808067,278.0,0.0,0.0,0.0,1.0,1
24,95.0,16.93400512,250.0,1.0,0.0,0.0,0.0,0
25,95.0,9.987371503,356.0,0.0,0.0,1.0,0.0,0
24,95.0,14.75399666,408.0,0.0,0.0,1.0,0.0,0
23,91.0,8.31460431,367.0,0.0,0.0,0.0,1.0,1
25,95.0,11.53023895,427.0,0.0,0.0,1.0,0.0,0
23,95.0,14.83589827,364.0,0.0,1.0,0.0,0.0,0
22,95.0,7.358649263,353.0,0.0,1.0,0.0,0.0,1
23,95.0,6.956882353,344.0,0.0,1.0,0.0,0.0,1
24,95.0,15.33623116,382.0,0.0,1.0,0.0,0.0,0
23,90.0,12.76402932,327.0,0.0,0.0,0.0,1.0,1
22,95.0,9.420521035,185.0,0.0,1.0,0.0,0.0,1
23,95.0,6.405576451,255.0,0.0,1.0,0.0,0.0,1
23,95.0,12.76402932,358.0,0.0,0.0,1.0,0.0,1
25,95.0,12.83585424,370.0,0.0,0.0,0.0,1.0,0
26,92.0,6.405576451,390.0,0.0,0.0,0.0,1.0,1
24,95.0,15.50647254,398.0,0.0,1.0,0.0,0.0,0
23,93.0,11.72833871,350.0,0.0,0.0,0.0,1.0,1
25,95.0,11.99705843,408.0,0.0,0.0,1.0,0.0,0
25,95.0,15.42113219,396.0,0.0,0.0,0.0,1.0,0
24,95.0,16.29477154,363.0,0.0,0.0,0.0,1.0,0
23,95.0,15.16773612,249.0,0.0,1.0,0.0,0.0,0
22,95.0,5.182587061,306.0,0.0,1.0,0.0,0.0,1
24,95.0,17.5009837,272.0,1.0,0.0,0.0,0.0,0
24,95.0,12.90803823,252.0,1.0,0.0,0.0,0.0,0
24,95.0,11.53023895,184.5,1.0,0.0,0.0,0.0,0
24,95.0,15.16773612,390.0,0.0,1.0,0.0,0.0,0
23,89.0,7.358649263,286.0,0.0,0.0,0.0,1.0,1
24,95.0,11.33503171,279.0,0.0,0.0,0.0,1.0,0
23,95.0,12.90803823,338.0,0.0,0.0,1.0,0.0,1
23,95.0,12.48027818,331.0,0.0,0.0,1.0,0.0,1
23,89.0,10.22184745,383.0,0.0,0.0,0.0,1.0,1
24,95.0,18.89654455,275.0,1.0,0.0,0.0,0.0,0
25,95.0,16.29477154,265.0,1.0,0.0,0.0,0.0,0
24,95.0,14.83589827,321.0,0.0,0.0,0.0,1.0,0
22,95.0,4.768941936,342.0,0.0,1.0,0.0,0.0,1
26,90.0,20.29041491,388.0,1.0,0.0,0.0,0.0,1
23,95.0,19.85095108,339.0,0.0,1.0,0.0,0.0,0
25,95.0,15.76515749,311.0,0.0,0.0,0.0,1.0,0
23,95.0,16.29477154,410.0,0.0,1.0,0.0,0.0,0
25,95.0,12.69256136,184.5,0.0,0.0,0.0,1.0,0
24,95.0,16.74896501,248.0,1.0,0.0,0.0,0.0,0
22,95.0,7.542720421,298.0,0.0,1.0,0.0,0.0,1
23,87.5,4.505770041,330.0,0.0,1.0,0.0,0.0,1
25,95.0,13.05349201,376.0,0.0,0.0,0.0,1.0,0
23,95.0,4.972872478,324.0,0.0,1.0,0.0,0.0,1
23,95.0,14.59144457,312.0,0.0,0.0,0.0,1.0,0
23,95.0,14.75399666,369.0,0.0,1.0,0.0,0.0,0
24,95.0,16.29477154,349.0,0.0,0.0,0.0,1.0,0
22,87.5,12.41021712,329.0,0.0,0.0,1.0,0.0,1
23,95.0,19.85095108,345.0,0.0,1.0,0.0,0.0,0
25,95.0,10.40069682,375.0,0.0,0.0,1.0,0.0,0
22,95.0,6.446808067,261.0,0.0,1.0,0.0,0.0,1
24,95.0,16.65717174,250.0,1.0,0.0,0.0,0.0,0
24,87.5,13.80304952,337.0,1.0,0.0,0.0,0.0,1
22,95.0,12.83585424,329.0,0.0,0.0,1.0,0.0,1
23,95.0,13.3488037,354.0,0.0,0.0,1.0,0.0,1
22,95.0,7.825388265,184.5,0.0,1.0,0.0,0.0,1
25,95.0,18.28561157,371.0,1.0,0.0,0.0,0.0,1
23,89.0,8.116146322,295.0,0.0,0.0,0.0,1.0,1
25,95.0,9.814452454,348.0,0.0,0.0,1.0,0.0,0
23,87.5,12.76402932,339.0,0.0,0.0,1.0,0.0,1
23,95.0,13.05349201,344.0,0.0,0.0,1.0,0.0,1
23,95.0,4.603308323,355.0,0.0,1.0,0.0,0.0,1
22,95.0,4.904260592,342.0,0.0,1.0,0.0,0.0,1
22,95.0,7.921396405,369.0,0.0,1.0,0.0,0.0,1
25,95.0,11.20647613,295.0,0.0,0.0,1.0,0.0,0
23,95.0,5.007419045,347.0,0.0,1.0,0.0,0.0,1
26,94.0,6.48823229,385.0,0.0,0.0,0.0,1.0,1
24,95.0,14.03538213,321.0,0.0,0.0,1.0,0.0,1
24,95.0,14.1136139,308.0,0.0,0.0,1.0,0.0,1
24,95.0,15.08413665,366.0,0.0,1.0,0.0,0.0,0
23,95.0,4.870193845,339.0,0.0,1.0,0.0,0.0,1
23,95.0,5.253804423,300.0,0.0,1.0,0.0,0.0,1
22,90.0,5.112029894,355.0,0.0,1.0,0.0,0.0,1
23,95.0,19.85095108,350.0,0.0,1.0,0.0,0.0,0
25,95.0,10.89052217,315.0,0.0,0.0,1.0,0.0,0
23,95.0,12.48027818,314.0,0.0,0.0,1.0,0.0,1
24,95.0,15.50647254,377.0,0.0,1.0,0.0,0.0,0
25,95.0,12.90803823,383.0,0.0,0.0,0.0,1.0,0
25,95.0,11.07916988,295.0,0.0,0.0,1.0,0.0,0
25,95.0,16.02789778,324.0,0.0,0.0,0.0,1.0,0
23,89.0,12.62144823,338.0,0.0,0.0,0.0,1.0,1
23,95.0,14.67251295,249.0,0.0,1.0,0.0,0.0,0
22,95.0,9.093199852,395.0,0.0,1.0,0.0,0.0,1
25,95.0,12.83585424,299.0,0.0,0.0,0.0,1.0,0
22,94.0,12.41021712,342.0,0.0,0.0,1.0,0.0,1
23,95.0,15.08413665,359.0,0.0,1.0,0.0,0.0,0
24,95.0,13.49869706,376.0,0.0,0.0,0.0,1.0,0
24,95.0,13.88010234,335.0,0.0,0.0,1.0,0.0,1
22,95.0,4.735505087,354.0,0.0,1.0,0.0,0.0,1
23,91.0,13.3488037,323.0,0.0,0.0,0.0,1.0,1
25,95.0,14.35070581,384.0,0.0,0.0,0.0,1.0,0
23,95.0,8.516848104,186.0,0.0,1.0,0.0,0.0,1
24,95.0,11.53023895,364.0,0.0,0.0,0.0,1.0,1
24,95.0,16.20534945,349.0,0.0,0.0,0.0,1.0,0
24,95.0,14.19224347,302.0,0.0,0.0,1.0,0.0,1
22,95.0,4.802535216,346.0,0.0,1.0,0.0,0.0,1
25,95.0,10.10404473,292.0,0.0,0.0,1.0,0.0,0
22,95.0,7.730278953,184.5,0.0,1.0,0.0,0.0,1
25,87.5,12.55068787,342.0,1.0,0.0,0.0,0.0,1
23,95.0,4.505770041,341.0,0.0,1.0,0.0,0.0,1
23,95.0,12.06507013,369.0,0.0,0.0,0.0,1.0,1
23,89.0,12.76402932,319.0,0.0,0.0,0.0,1.0,1
25,87.5,13.95754575,329.0,1.0,0.0,0.0,0.0,1
24,95.0,12.55068787,252.0,1.0,0.0,0.0,0.0,0
24,95.0,13.72638492,387.0,0.0,0.0,0.0,1.0,0
25,95.0,11.07916988,310.0,0.0,0.0,1.0,0.0,0
24,90.0,12.27113269,332.0,0.0,0.0,0.0,1.0,1
25,93.0,6.571662296,397.0,0.0,0.0,0.0,1.0,1
25,95.0,10.04556771,290.0,0.0,0.0,1.0,0.0,0
25,87.5,13.27441976,354.0,1.0,0.0,0.0,0.0,1
24,89.0,8.214906999,289.0,0.0,0.0,0.0,1.0,1
23,95.0,14.75399666,441.0,0.0,1.0,0.0,0.0,0
23,95.0,12.83585424,349.0,0.0,0.0,1.0,0.0,1
23,89.0,7.133358572,293.0,0.0,0.0,0.0,1.0,1
24,95.0,12.27113269,252.0,1.0,0.0,0.0,0.0,0
22,95.0,7.0889296,288.0,0.0,1.0,0.0,0.0,1
24,95.0,19.31496687,266.0,0.0,1.0,0.0,0.0,0
24,95.0,12.20210529,368.0,0.0,0.0,0.0,1.0,1
23,95.0,14.75399666,315.0,0.0,0.0,0.0,1.0,0
23,95.0,8.671063387,188.0,0.0,1.0,0.0,0.0,1
24,95.0,12.13341843,246.0,1.0,0.0,0.0,0.0,0
25,95.0,7.777721829,202.0,0.0,0.0,0.0,1.0,1
23,87.5,12.62144823,346.0,0.0,0.0,1.0,0.0,1
26,90.0,19.20950925,381.0,1.0,0.0,0.0,0.0,1
24,87.5,17.69401633,458.0,0.0,0.0,0.0,1.0,1
25,95.0,15.33623116,321.0,0.0,0.0,0.0,1.0,0
24,95.0,4.870193845,404.0,0.0,0.0,1.0,0.0,0
23,91.0,10.58215896,344.0,0.0,0.0,0.0,1.0,1
23,95.0,12.55068787,327.0,0.0,0.0,1.0,0.0,1
24,95.0,20.85352641,320.0,1.0,0.0,0.0,0.0,1
23,95.0,15.76515749,257.0,0.0,1.0,0.0,0.0,0
23,95.0,14.91822038,413.0,0.0,1.0,0.0,0.0,0
26,94.0,15.42113219,305.0,1.0,0.0,0.0,0.0,1
23,88.0,9.644005982,370.0,0.0,0.0,0.0,1.0,1
25,95.0,15.85228317,312.0,0.0,0.0,0.0,1.0,0
23,95.0,14.75399666,365.0,0.0,1.0,0.0,0.0,0
23,88.0,7.22284254,291.0,0.0,0.0,0.0,1.0,1
24,93.0,18.48706888,316.0,1.0,0.0,0.0,0.0,1
22,95.0,4.870193845,353.0,0.0,1.0,0.0,0.0,1
22,95.0,5.964479838,318.0,0.0,1.0,0.0,0.0,1
25,95.0,11.14266773,299.0,0.0,0.0,1.0,0.0,0
24,88.0,10.70460698,240.0,0.0,0.0,0.0,1.0,1
23,95.0,14.83589827,410.0,0.0,1.0,0.0,0.0,0
23,95.0,8.827487661,184.5,0.0,1.0,0.0,0.0,1
23,90.0,12.98058343,320.0,0.0,0.0,0.0,1.0,1
24,95.0,18.08630257,258.0,1.0,0.0,0.0,0.0,0
24,89.0,13.42356205,404.0,0.0,0.0,0.0,1.0,1
24,95.0,17.12100442,255.0,1.0,0.0,0.0,0.0,0
23,90.0,12.83585424,329.0,0.0,0.0,0.0,1.0,1
25,95.0,10.10404473,352.0,0.0,0.0,1.0,0.0,0
24,95.0,17.21524677,255.0,1.0,0.0,0.0,0.0,0
26,94.0,14.91822038,306.0,1.0,0.0,0.0,0.0,1
22,95.0,7.825388265,301.0,0.0,1.0,0.0,0.0,1
22,95.0,4.570643409,340.0,0.0,1.0,0.0,0.0,1
24,95.0,16.20534945,344.0,0.0,0.0,0.0,1.0,0
26,90.0,19.85095108,295.0,1.0,0.0,0.0,0.0,1
25,95.0,11.39978246,431.0,0.0,0.0,1.0,0.0,0
22,91.0,9.814452454,356.0,0.0,0.0,0.0,1.0,1
24,95.0,12.83585424,256.0,1.0,0.0,0.0,0.0,0
24,95.0,14.43054353,305.0,0.0,0.0,0.0,1.0,0
22,95.0,4.47356027,333.0,0.0,1.0,0.0,0.0,1
22,95.0,6.48823229,247.0,0.0,1.0,0.0,0.0,1
23,95.0,8.986156218,184.5,0.0,1.0,0.0,0.0,1
25,95.0,14.51078894,389.0,0.0,0.0,0.0,1.0,0
23,95.0,8.214906999,184.5,0.0,1.0,0.0,0.0,1
25,95.0,9.929454577,300.0,0.0,0.0,1.0,0.0,0
22,95.0,6.122270991,252.0,0.0,1.0,0.0,0.0,1
23,90.0,12.76402932,336.0,0.0,0.0,0.0,1.0,1
24,95.0,10.04556771,401.0,0.0,0.0,1.0,0.0,0
22,92.0,9.700549236,350.0,0.0,0.0,0.0,1.0,1
24,93.0,11.39978246,361.0,0.0,0.0,0.0,1.0,1
25,95.0,15.85228317,318.0,0.0,0.0,0.0,1.0,0
22,95.0,13.05349201,333.0,0.0,0.0,1.0,0.0,1
24,95.0,16.29477154,378.0,0.0,1.0,0.0,0.0,0
24,95.0,14.75399666,362.0,0.0,1.0,0.0,0.0,0
25,95.0,13.57421101,369.0,0.0,0.0,0.0,1.0,0
23,87.5,12.76402932,334.0,0.0,0.0,1.0,0.0,1
26,95.0,20.17964285,380.0,1.0,0.0,0.0,0.0,1
24,92.0,16.65717174,315.0,1.0,0.0,0.0,0.0,1
24,95.0,11.92938136,377.0,0.0,0.0,0.0,1.0,1
25,89.0,20.06947764,394.0,1.0,0.0,0.0,0.0,1
24,95.0,12.69256136,249.0,1.0,0.0,0.0,0.0,0
24,94.0,11.27059687,370.0,0.0,0.0,0.0,1.0,1
22,95.0,5.695315198,315.0,0.0,1.0,0.0,0.0,1
23,95.0,6.48823229,247.0,0.0,1.0,0.0,0.0,1
25,95.0,10.46089174,449.0,0.0,0.0,1.0,0.0,0
23,95.0,18.89654455,266.0,0.0,1.0,0.0,0.0,0
23,95.0,12.69256136,334.0,0.0,0.0,1.0,0.0,1
23,95.0,14.51078894,212.0,0.0,1.0,0.0,0.0,0
25,95.0,11.01598084,307.0,0.0,0.0,1.0,0.0,0
26,90.0,20.29041491,373.0,1.0,0.0,0.0,0.0,1
22,95.0,6.283027997,281.0,0.0,1.0,0.0,0.0,1
23,88.0,6.956882353,284.0,0.0,0.0,0.0,1.0,1
22,92.0,13.20040797,343.0,0.0,0.0,1.0,0.0,1
24,95.0,16.47502321,252.0,1.0,0.0,0.0,0.0,0
24,95.0,16.56585884,252.0,1.0,0.0,0.0,0.0,0
25,87.5,12.41021712,343.0,1.0,0.0,0.0,0.0,1
24,95.0,12.76402932,253.0,1.0,0.0,0.0,0.0,0
23,95.0,4.972872478,347.0,0.0,1.0,0.0,0.0,1
23,91.0,8.465927903,364.0,0.0,0.0,0.0,1.0,1
23,95.0,15.93986231,259.0,0.0,1.0,0.0,0.0,0
23,89.0,12.76402932,318.0,0.0,0.0,0.0,1.0,1
26,95.0,13.95754575,305.0,1.0,0.0,0.0,0.0,1
22,95.0,6.48823229,253.0,0.0,1.0,0.0,0.0,1
22,95.0,9.987371503,197.0,0.0,1.0,0.0,0.0,1
24,95.0,12.69256136,184.5,1.0,0.0,0.0,0.0,0
22,92.0,11.27059687,356.0,0.0,0.0,0.0,1.0,1
25,95.0,10.10404473,290.0,0.0,0.0,1.0,0.0,0
25,95.0,5.733232642,403.0,0.0,0.0,1.0,0.0,0
26,87.5,7.921396405,395.0,0.0,0.0,0.0,1.0,1
22,95.0,12.20210529,323.0,0.0,0.0,1.0,0.0,1
23,95.0,12.83585424,340.0,0.0,0.0,1.0,0.0,1
26,90.0,19.31496687,401.0,1.0,0.0,0.0,0.0,1
22,95.0,6.783674055,247.0,0.0,1.0,0.0,0.0,1
24,95.0,14.91822038,370.0,0.0,1.0,0.0,0.0,0
25,90.0,16.11639251,317.0,1.0,0.0,0.0,0.0,1
25,95.0,10.04556771,291.0,0.0,0.0,1.0,0.0,0
23,88.0,12.76402932,349.0,0.0,0.0,1.0,0.0,1
22,95.0,8.264637967,184.5,0.0,1.0,0.0,0.0,1
25,95.0,11.27059687,298.0,0.0,0.0,1.0,0.0,0
25,95.0,11.59594835,429.0,0.0,0.0,1.0,0.0,0
22,95.0,7.0889296,293.0,0.0,1.0,0.0,0.0,1
24,95.0,14.83589827,377.0,0.0,1.0,0.0,0.0,0
26,87.5,7.683058499,396.0,0.0,0.0,0.0,1.0,1
25,95.0,15.42113219,323.0,0.0,0.0,0.0,1.0,0
23,90.0,12.48027818,327.0,0.0,0.0,0.0,1.0,1
23,95.0,16.93400512,258.0,0.0,1.0,0.0,0.0,0
23,95.0,4.904260592,353.0,0.0,1.0,0.0,0.0,1
25,95.0,13.88010234,376.0,0.0,0.0,0.0,1.0,0
23,95.0,19.85095108,347.0,0.0,1.0,0.0,0.0,0
22,93.0,14.19224347,246.0,0.0,0.0,0.0,1.0,1
23,95.0,15.76515749,255.0,0.0,1.0,0.0,0.0,0
26,90.0,19.85095108,296.0,1.0,0.0,0.0,0.0,1
24,89.0,13.80304952,404.0,0.0,0.0,0.0,1.0,1
22,95.0,6.283027997,248.0,0.0,1.0,0.0,0.0,1
23,92.0,10.64323454,354.0,0.0,0.0,0.0,1.0,1
23,95.0,12.98058343,355.0,0.0,0.0,1.0,0.0,1
24,95.0,14.75399666,374.0,0.0,1.0,0.0,0.0,0
24,95.0,19.42099897,298.0,1.0,0.0,0.0,0.0,0
22,95.0,8.516848104,185.0,0.0,1.0,0.0,0.0,1
23,95.0,15.59225501,387.0,0.0,1.0,0.0,0.0,0
25,95.0,12.83585424,386.0,0.0,0.0,0.0,1.0,0
25,95.0,15.25176672,318.0,0.0,0.0,0.0,1.0,0
23,95.0,14.51078894,308.0,0.0,0.0,0.0,1.0,0
22,95.0,6.162179985,257.0,0.0,1.0,0.0,0.0,1
24,95.0,13.95754575,322.0,0.0,0.0,1.0,0.0,1
23,95.0,8.165410187,184.5,0.0,1.0,0.0,0.0,1
25,95.0,12.62144823,306.0,0.0,0.0,0.0,1.0,0
23,95.0,13.05349201,358.0,0.0,0.0,1.0,0.0,1
23,95.0,14.75399666,425.0,0.0,1.0,0.0,0.0,0
23,95.0,8.31460431,184.5,0.0,1.0,0.0,0.0,1
22,95.0,10.10404473,188.0,0.0,1.0,0.0,0.0,1
26,88.0,19.31496687,378.0,1.0,0.0,0.0,0.0,1
24,88.0,10.64323454,244.0,0.0,0.0,0.0,1.0,1
22,95.0,6.529850053,259.0,0.0,1.0,0.0,0.0,1
23,89.0,7.683058499,302.0,0.0,0.0,0.0,1.0,1
22,95.0,9.420521035,393.0,0.0,1.0,0.0,0.0,1
22,95.0,7.404343951,355.0,0.0,1.0,0.0,0.0,1
22,95.0,12.90803823,326.0,0.0,0.0,1.0,0.0,1
24,95.0,17.21524677,254.0,1.0,0.0,0.0,0.0,0
26,94.0,15.50647254,305.0,1.0,0.0,0.0,0.0,1
24,95.0,13.3488037,262.0,1.0,0.0,0.0,0.0,0
25,95.0,9.929454577,319.0,0.0,0.0,1.0,0.0,0
22,94.0,12.76402932,334.0,0.0,0.0,1.0,0.0,1
23,95.0,4.538130868,349.0,0.0,1.0,0.0,0.0,1
22,95.0,12.69256136,320.0,0.0,0.0,1.0,0.0,1
23,92.0,10.04556771,363.0,0.0,0.0,0.0,1.0,1
26,92.0,6.529850053,387.0,0.0,0.0,0.0,1.0,1
23,95.0,15.50647254,255.0,0.0,1.0,0.0,0.0,0
23,90.0,12.98058343,327.0,0.0,0.0,0.0,1.0,1
24,95.0,20.29041491,272.0,0.0,1.0,0.0,0.0,0
26,87.5,18.28561157,388.0,1.0,0.0,0.0,0.0,1
22,95.0,12.41021712,341.0,0.0,0.0,1.0,0.0,1
24,95.0,15.00096563,397.0,0.0,0.0,0.0,1.0,1
24,95.0,19.31496687,294.0,1.0,0.0,0.0,0.0,0
25,95.0,11.07916988,412.0,0.0,0.0,1.0,0.0,0
22,95.0,6.446808067,249.0,0.0,1.0,0.0,0.0,1
23,89.0,9.700549236,377.0,0.0,0.0,0.0,1.0,1
23,95.0,15.25176672,392.0,0.0,1.0,0.0,0.0,0
23,95.0,14.91822038,397.0,0.0,1.0,0.0,0.0,0
23,90.0,12.76402932,316.0,0.0,0.0,0.0,1.0,1
25,95.0,13.65010619,376.0,0.0,0.0,0.0,1.0,0
24,95.0,12.69256136,256.0,1.0,0.0,0.0,0.0,0
22,95.0,12.69256136,334.0,0.0,0.0,1.0,0.0,1
25,95.0,15.33623116,389.0,0.0,0.0,0.0,1.0,0
21,94.0,8.364807255,385.0,0.0,1.0,0.0,0.0,1
22,95.0,10.22184745,192.0,0.0,1.0,0.0,0.0,1
26,90.0,19.95991509,302.0,1.0,0.0,0.0,0.0,1
24,87.5,17.21524677,467.0,0.0,0.0,0.0,1.0,1
23,95.0,14.83589827,359.0,0.0,1.0,0.0,0.0,0
23,91.0,13.3488037,336.0,0.0,0.0,0.0,1.0,1
22,93.0,13.12676612,351.0,0.0,0.0,0.0,1.0,1
26,90.0,19.52760946,389.0,1.0,0.0,0.0,0.0,1
22,95.0,8.568009903,374.0,0.0,1.0,0.0,0.0,1
24,95.0,12.34050263,252.0,1.0,0.0,0.0,0.0,0
23,95.0,14.67251295,213.0,0.0,1.0,0.0,0.0,0
26,87.5,18.38606989,379.0,1.0,0.0,0.0,0.0,1
25,95.0,9.987371503,315.0,0.0,0.0,1.0,0.0,0
24,89.0,13.49869706,392.0,0.0,0.0,0.0,1.0,1
25,95.0,13.27441976,403.0,0.0,0.0,1.0,0.0,0
25,88.0,19.74258151,382.0,1.0,0.0,0.0,0.0,1
25,95.0,15.25176672,371.0,0.0,0.0,0.0,1.0,0
25,95.0,9.987371503,344.0,0.0,0.0,1.0,0.0,0
22,92.0,10.40069682,360.0,0.0,0.0,0.0,1.0,1
23,95.0,15.76515749,258.0,0.0,1.0,0.0,0.0,0
25,95.0,9.929454577,296.0,0.0,0.0,1.0,0.0,0
22,95.0,5.007419045,347.0,0.0,1.0,0.0,0.0,1
22,95.0,6.783674055,250.0,0.0,1.0,0.0,0.0,1
26,95.0,17.59724365,309.0,1.0,0.0,0.0,0.0,1
23,91.0,12.83585424,344.0,0.0,0.0,1.0,0.0,1
24,95.0,16.56585884,353.0,0.0,0.0,0.0,1.0,0
24,95.0,14.91822038,374.0,0.0,1.0,0.0,0.0,0
25,88.0,14.75399666,324.0,1.0,0.0,0.0,0.0,1
24,95.0,17.88911347,268.0,0.0,1.0,0.0,0.0,0
23,95.0,12.34050263,331.0,0.0,0.0,1.0,0.0,1
24,95.0,12.69256136,303.0,0.0,0.0,0.0,1.0,0
23,91.0,13.42356205,332.0,0.0,0.0,0.0,1.0,1
25,95.0,12.90803823,376.0,0.0,0.0,0.0,1.0,0
23,95.0,19.85095108,352.0,0.0,1.0,0.0,0.0,0
25,95.0,10.95309884,303.0,0.0,0.0,1.0,0.0,0
22,95.0,7.969740423,184.5,0.0,1.0,0.0,0.0,1
23,95.0,19.74258151,342.0,0.0,1.0,0.0,0.0,0
22,95.0,4.870193845,347.0,0.0,1.0,0.0,0.0,1
25,95.0,12.98058343,371.0,0.0,0.0,0.0,1.0,0
24,95.0,16.93400512,245.0,1.0,0.0,0.0,0.0,0
23,95.0,19.95991509,361.0,0.0,1.0,0.0,0.0,0
25,89.0,19.95991509,301.0,1.0,0.0,0.0,0.0,1
23,95.0,7.921396405,184.5,0.0,1.0,0.0,0.0,1
24,95.0,14.83589827,363.0,0.0,1.0,0.0,0.0,0
24,95.0,12.06507013,289.0,0.0,0.0,0.0,1.0,0
22,93.0,11.33503171,356.0,0.0,0.0,0.0,1.0,1
24,87.5,7.777721829,392.0,0.0,0.0,0.0,1.0,1
22,95.0,8.465927903,194.0,0.0,1.0,0.0,0.0,1
22,95.0,9.310371154,375.0,0.0,1.0,0.0,0.0,1
23,92.0,10.28117628,355.0,0.0,0.0,0.0,1.0,1
22,92.0,10.52137857,363.0,0.0,0.0,0.0,1.0,1
22,90.0,13.27441976,323.0,0.0,0.0,0.0,1.0,1
22,93.0,12.83585424,322.0,0.0,0.0,1.0,0.0,1
24,95.0,17.02725828,392.0,0.0,1.0,0.0,0.0,0
26,90.0,20.06947764,296.0,1.0,0.0,0.0,0.0,1
24,91.0,16.65717174,320.0,1.0,0.0,0.0,0.0,1
22,95.0,5.809598838,254.0,0.0,1.0,0.0,0.0,1
25,87.5,13.65010619,345.0,1.0,0.0,0.0,0.0,1
25,95.0,11.27059687,320.0,0.0,0.0,1.0,0.0,0
22,94.0,11.66198098,346.0,0.0,0.0,0.0,1.0,1
23,92.0,10.58215896,362.0,0.0,0.0,0.0,1.0,1
24,95.0,16.47502321,357.0,0.0,0.0,0.0,1.0,0
24,95.0,12.62144823,257.0,1.0,0.0,0.0,0.0,0
24,95.0,17.12100442,254.0,1.0,0.0,0.0,0.0,0
22,95.0,9.420521035,184.5,0.0,1.0,0.0,0.0,1
22,89.0,12.90803823,321.0,0.0,0.0,1.0,0.0,1
24,95.0,12.98058343,306.0,0.0,0.0,0.0,1.0,0
25,95.0,9.8718154,300.0,0.0,0.0,1.0,0.0,0
24,87.5,17.30998858,469.0,0.0,0.0,0.0,1.0,1
23,95.0,8.415248038,184.5,0.0,1.0,0.0,0.0,1
22,95.0,12.83585424,333.0,0.0,0.0,1.0,0.0,1
24,94.0,10.95309884,383.0,0.0,0.0,0.0,1.0,1
25,95.0,9.987371503,308.0,0.0,0.0,1.0,0.0,0
23,95.0,12.27113269,314.0,0.0,0.0,1.0,0.0,1
22,95.0,12.76402932,336.0,0.0,0.0,1.0,0.0,1
23,92.0,11.20647613,352.0,0.0,0.0,0.0,1.0,1
25,92.0,6.529850053,407.0,0.0,0.0,0.0,1.0,1
23,95.0,9.8718154,392.0,0.0,1.0,0.0,0.0,1
22,89.0,12.62144823,327.0,0.0,0.0,1.0,0.0,1
26,95.0,20.62641439,385.0,1.0,0.0,0.0,0.0,1
25,95.0,9.987371503,319.0,0.0,0.0,1.0,0.0,0
24,95.0,14.03538213,326.0,0.0,0.0,1.0,0.0,1
23,89.0,8.165410187,302.0,0.0,0.0,0.0,1.0,1
24,95.0,14.83589827,364.0,0.0,1.0,0.0,0.0,0
26,92.0,6.48823229,411.0,0.0,0.0,0.0,1.0,1
24,95.0,16.93400512,202.0,0.0,1.0,0.0,0.0,0
23,95.0,4.836285621,348.0,0.0,1.0,0.0,0.0,1
22,95.0,7.969740423,184.5,0.0,1.0,0.0,0.0,1
24,95.0,12.27113269,251.0,1.0,0.0,0.0,0.0,0
24,95.0,18.89654455,225.0,0.0,1.0,0.0,0.0,0
25,95.0,17.88911347,368.0,1.0,0.0,0.0,0.0,1
25,95.0,10.82824911,300.0,0.0,0.0,1.0,0.0,0
23,92.0,10.28117628,359.0,0.0,0.0,0.0,1.0,1
22,95.0,6.613669965,257.0,0.0,1.0,0.0,0.0,1
23,93.0,12.83585424,347.0,0.0,0.0,1.0,0.0,1
22,95.0,4.570643409,347.0,0.0,1.0,0.0,0.0,1
25,95.0,12.98058343,370.0,0.0,0.0,0.0,1.0,0
25,95.0,9.814452454,325.0,0.0,0.0,1.0,0.0,0
25,95.0,11.46485093,341.0,0.0,0.0,1.0,0.0,0
25,95.0,9.987371503,296.0,0.0,0.0,1.0,0.0,0
23,91.0,8.465927903,375.0,0.0,0.0,0.0,1.0,1
25,95.0,7.683058499,199.0,0.0,0.0,0.0,1.0,1
25,87.5,14.19224347,341.0,1.0,0.0,0.0,0.0,1
23,92.0,10.70460698,355.0,0.0,0.0,0.0,1.0,1
25,95.0,11.72833871,349.0,0.0,0.0,1.0,0.0,0
22,95.0,12.62144823,320.0,0.0,0.0,1.0,0.0,1
25,95.0,12.90803823,375.0,0.0,0.0,0.0,1.0,0
24,95.0,14.75399666,368.0,0.0,0.0,0.0,1.0,0
23,92.0,13.95754575,331.0,0.0,0.0,0.0,1.0,1
23,95.0,19.85095108,363.0,0.0,1.0,0.0,0.0,0
23,95.0,4.870193845,346.0,0.0,1.0,0.0,0.0,1
26,95.0,15.59225501,307.0,1.0,0.0,0.0,0.0,1
22,92.0,11.01598084,356.0,0.0,0.0,0.0,1.0,1
24,95.0,16.93400512,393.0,0.0,1.0,0.0,0.0,0
24,95.0,18.08630257,255.0,1.0,0.0,0.0,0.0,0
24,95.0,11.79502342,363.0,0.0,0.0,0.0,1.0,1
22,87.5,12.55068787,333.0,0.0,0.0,1.0,0.0,1
22,95.0,6.242557594,255.0,0.0,1.0,0.0,0.0,1
23,91.0,16.02789778,251.0,0.0,1.0,0.0,0.0,0
25,95.0,12.20210529,410.0,0.0,0.0,1.0,0.0,0
22,95.0,5.886678992,258.0,0.0,1.0,0.0,0.0,1
23,95.0,14.91822038,364.0,0.0,1.0,0.0,0.0,0
24,95.0,14.67251295,373.0,0.0,1.0,0.0,0.0,0
23,89.0,12.55068787,316.0,0.0,0.0,0.0,1.0,1
23,95.0,13.57421101,366.0,0.0,0.0,1.0,0.0,1
25,95.0,13.88010234,364.0,0.0,0.0,0.0,1.0,0
25,95.0,11.862037,347.0,0.0,0.0,1.0,0.0,0
22,95.0,11.92938136,207.0,0.0,1.0,0.0,0.0,1
25,95.0,12.69256136,303.0,0.0,0.0,0.0,1.0,0
23,87.5,12.55068787,333.0,0.0,0.0,1.0,0.0,1
26,90.0,20.17964285,302.0,1.0,0.0,0.0,0.0,1
25,95.0,10.10404473,298.0,0.0,0.0,1.0,0.0,0
22,95.0,4.938486566,349.0,0.0,1.0,0.0,0.0,1
24,88.0,15.00096563,324.0,1.0,0.0,0.0,0.0,1
24,95.0,13.12676612,258.0,1.0,0.0,0.0,0.0,0
25,95.0,10.10404473,351.0,0.0,0.0,1.0,0.0,0
23,95.0,14.91822038,216.0,0.0,1.0,0.0,0.0,0
23,95.0,8.827487661,193.0,0.0,1.0,0.0,0.0,1
24,95.0,15.00096563,364.0,0.0,1.0,0.0,0.0,0
23,95.0,15.00096563,401.0,0.0,1.0,0.0,0.0,0
24,95.0,12.06507013,184.5,1.0,0.0,0.0,0.0,0
24,95.0,12.76402932,255.0,1.0,0.0,0.0,0.0,0
24,95.0,13.72638492,385.0,0.0,0.0,0.0,1.0,0
24,89.0,11.14266773,401.0,0.0,0.0,0.0,1.0,1
25,95.0,12.76402932,306.0,0.0,0.0,0.0,1.0,0
24,95.0,13.05349201,302.0,0.0,0.0,0.0,1.0,0
25,95.0,9.814452454,322.0,0.0,0.0,1.0,0.0,0
23,95.0,5.007419045,348.0,0.0,1.0,0.0,0.0,1
26,91.0,19.95991509,298.0,1.0,0.0,0.0,0.0,1
22,95.0,7.496378442,298.0,0.0,1.0,0.0,0.0,1
24,95.0,16.74896501,397.0,0.0,1.0,0.0,0.0,0
23,94.0,11.14266773,393.0,0.0,0.0,0.0,1.0,1
24,95.0,14.91822038,373.0,0.0,1.0,0.0,0.0,0
23,95.0,14.35070581,314.0,0.0,0.0,0.0,1.0,0
22,90.0,12.98058343,328.0,0.0,0.0,0.0,1.0,1
23,95.0,15.42113219,400.0,0.0,1.0,0.0,0.0,0
24,95.0,14.83589827,361.0,0.0,1.0,0.0,0.0,0
25,95.0,13.80304952,378.0,0.0,0.0,0.0,1.0,0
23,95.0,16.65717174,246.0,0.0,1.0,0.0,0.0,0
24,95.0,15.00096563,361.0,0.0,1.0,0.0,0.0,0
23,95.0,13.05349201,334.0,0.0,0.0,1.0,0.0,1
24,95.0,14.83589827,422.0,0.0,1.0,0.0,0.0,0
22,95.0,12.76402932,340.0,0.0,0.0,1.0,0.0,1
22,95.0,6.446808067,247.0,0.0,1.0,0.0,0.0,1
25,95.0,11.07916988,293.0,0.0,0.0,1.0,0.0,0
26,94.0,15.42113219,306.0,1.0,0.0,0.0,0.0,1
25,95.0,11.92938136,412.0,0.0,0.0,1.0,0.0,0
23,95.0,4.702223982,359.0,0.0,1.0,0.0,0.0,1
23,87.5,4.603308323,336.0,0.0,1.0,0.0,0.0,1
24,95.0,13.65010619,404.0,0.0,0.0,1.0,0.0,0
23,95.0,19.85095108,337.0,0.0,1.0,0.0,0.0,0
25,87.5,14.1136139,336.0,1.0,0.0,0.0,0.0,1
25,87.5,13.27441976,345.0,1.0,0.0,0.0,0.0,1
23,89.0,12.62144823,339.0,0.0,0.0,0.0,1.0,1
23,95.0,9.039550676,200.0,0.0,1.0,0.0,0.0,1
22,95.0,6.283027997,256.0,0.0,1.0,0.0,0.0,1
24,95.0,16.84124175,402.0,0.0,1.0,0.0,0.0,0
24,89.0,15.59225501,321.0,1.0,0.0,0.0,0.0,1
25,95.0,14.51078894,388.0,0.0,0.0,0.0,1.0,0
22,95.0,7.267899623,357.0,0.0,1.0,0.0,0.0,1
25,95.0,7.636059339,200.0,0.0,0.0,0.0,1.0,1
22,93.0,14.03538213,329.0,0.0,0.0,0.0,1.0,1
24,95.0,17.12100442,245.0,1.0,0.0,0.0,0.0,0
23,95.0,8.465927903,184.5,0.0,1.0,0.0,0.0,1
22,95.0,6.698275399,252.0,0.0,1.0,0.0,0.0,1
22,94.0,12.69256136,340.0,0.0,0.0,1.0,0.0,1
25,95.0,15.85228317,314.0,0.0,0.0,0.0,1.0,0
23,95.0,14.67251295,359.0,0.0,1.0,0.0,0.0,0
22,95.0,8.465927903,184.5,0.0,1.0,0.0,0.0,1
24,90.0,8.214906999,285.0,0.0,0.0,0.0,1.0,1
23,95.0,19.63480231,280.0,0.0,1.0,0.0,0.0,0
25,95.0,10.10404473,359.0,0.0,0.0,1.0,0.0,0
23,95.0,15.00096563,369.0,0.0,1.0,0.0,0.0,0
24,95.0,17.59724365,224.0,0.0,1.0,0.0,0.0,0
24,95.0,19.20950925,288.0,1.0,0.0,0.0,0.0,0
26,94.0,15.50647254,304.0,1.0,0.0,0.0,0.0,1
22,95.0,5.886678992,261.0,0.0,1.0,0.0,0.0,1
25,95.0,10.04556771,287.0,0.0,0.0,1.0,0.0,0
22,95.0,8.264637967,367.0,0.0,1.0,0.0,0.0,1
25,95.0,15.93986231,309.0,0.0,0.0,0.0,1.0,0
23,95.0,14.51078894,388.0,0.0,1.0,0.0,0.0,0
23,95.0,13.3488037,363.0,0.0,0.0,1.0,0.0,1
24,95.0,13.95754575,311.0,0.0,0.0,1.0,0.0,1
23,87.5,12.41021712,349.0,0.0,0.0,1.0,0.0,1
23,89.0,12.69256136,335.0,0.0,0.0,0.0,1.0,1
23,95.0,8.415248038,184.5,0.0,1.0,0.0,0.0,1
24,89.0,15.59225501,320.0,1.0,0.0,0.0,0.0,1
24,95.0,16.47502321,356.0,0.0,0.0,0.0,1.0,0
22,92.0,13.95754575,326.0,0.0,0.0,0.0,1.0,1
26,94.0,14.35070581,299.0,1.0,0.0,0.0,0.0,1
24,87.5,17.40523312,467.0,0.0,0.0,0.0,1.0,1
23,89.0,7.636059339,303.0,0.0,0.0,0.0,1.0,1
25,89.0,19.52760946,377.0,1.0,0.0,0.0,0.0,1
24,95.0,15.00096563,385.0,0.0,1.0,0.0,0.0,0
22,95.0,5.582615631,312.0,0.0,1.0,0.0,0.0,1
23,95.0,14.59144457,373.0,0.0,1.0,0.0,0.0,0
22,92.0,10.34079221,364.0,0.0,0.0,0.0,1.0,1
22,95.0,13.20040797,314.0,0.0,0.0,1.0,0.0,1
22,95.0,8.568009903,383.0,0.0,1.0,0.0,0.0,1
23,95.0,15.33623116,254.0,0.0,1.0,0.0,0.0,0
24,95.0,12.62144823,255.0,1.0,0.0,0.0,0.0,0
23,90.0,13.05349201,312.0,0.0,0.0,0.0,1.0,1
23,95.0,5.398243871,304.0,0.0,1.0,0.0,0.0,1
23,87.5,12.62144823,332.0,0.0,0.0,1.0,0.0,1
22,95.0,8.568009903,185.0,0.0,1.0,0.0,0.0,1
23,95.0,9.310371154,184.5,0.0,1.0,0.0,0.0,1
23,95.0,4.570643409,344.0,0.0,1.0,0.0,0.0,1
26,94.0,15.33623116,308.0,1.0,0.0,0.0,0.0,1
26,88.0,7.450253315,407.0,0.0,0.0,0.0,1.0,1
24,95.0,13.95754575,380.0,0.0,0.0,0.0,1.0,0
24,95.0,16.93400512,390.0,0.0,1.0,0.0,0.0,0
23,90.0,12.34050263,331.0,0.0,0.0,0.0,1.0,1
23,89.0,9.310371154,365.0,0.0,0.0,0.0,1.0,1
22,94.0,13.65010619,346.0,0.0,0.0,0.0,1.0,1
24,95.0,17.21524677,256.0,1.0,0.0,0.0,0.0,0
23,95.0,13.27441976,350.0,0.0,0.0,1.0,0.0,1
22,95.0,12.55068787,337.0,0.0,0.0,1.0,0.0,1
22,95.0,5.545397326,309.0,0.0,1.0,0.0,0.0,1
23,95.0,12.48027818,320.0,0.0,0.0,1.0,0.0,1
24,95.0,14.19224347,308.0,0.0,0.0,1.0,0.0,1
25,95.0,9.757364232,330.0,0.0,0.0,1.0,0.0,0
23,95.0,14.75399666,209.0,0.0,1.0,0.0,0.0,0
24,95.0,13.95754575,334.0,0.0,0.0,1.0,0.0,1
25,93.0,6.740875089,394.0,0.0,0.0,0.0,1.0,1
23,95.0,6.529850053,253.0,0.0,1.0,0.0,0.0,1
23,95.0,15.00096563,219.0,0.0,1.0,0.0,0.0,0
22,95.0,12.83585424,332.0,0.0,0.0,1.0,0.0,1
22,95.0,8.264637967,184.5,0.0,1.0,0.0,0.0,1
23,95.0,17.59724365,302.0,0.0,1.0,0.0,0.0,0
23,95.0,14.91822038,253.0,0.0,1.0,0.0,0.0,0
22,95.0,12.76402932,323.0,0.0,0.0,1.0,0.0,1
24,95.0,19.10462223,229.0,0.0,1.0,0.0,0.0,0
25,95.0,12.83585424,382.0,0.0,0.0,0.0,1.0,0
23,91.0,10.58215896,350.0,0.0,0.0,0.0,1.0,1
23,95.0,12.48027818,324.0,0.0,0.0,1.0,0.0,1
22,95.0,12.83585424,342.0,0.0,0.0,1.0,0.0,1
25,95.0,12.76402932,367.0,0.0,0.0,0.0,1.0,0
24,95.0,12.13341843,290.0,0.0,0.0,0.0,1.0,0
23,95.0,8.986156218,196.0,0.0,1.0,0.0,0.0,1
25,89.0,19.63480231,394.0,1.0,0.0,0.0,0.0,1
22,95.0,7.450253315,359.0,0.0,1.0,0.0,0.0,1
25,95.0,10.04556771,356.0,0.0,0.0,1.0,0.0,0
22,95.0,5.471478228,302.0,0.0,1.0,0.0,0.0,1
25,95.0,13.20040797,381.0,0.0,0.0,0.0,1.0,0
23,87.5,12.62144823,332.0,0.0,0.0,1.0,0.0,1
24,95.0,13.20040797,296.0,0.0,0.0,0.0,1.0,0
25,95.0,15.76515749,317.0,0.0,0.0,0.0,1.0,0
25,95.0,13.42356205,399.0,0.0,0.0,1.0,0.0,0
22,95.0,12.69256136,329.0,0.0,0.0,1.0,0.0,1
23,95.0,4.505770041,332.0,0.0,1.0,0.0,0.0,1
25,95.0,10.16280412,288.0,0.0,0.0,1.0,0.0,0
22,95.0,8.31460431,184.5,0.0,1.0,0.0,0.0,1
26,91.0,20.06947764,302.0,1.0,0.0,0.0,0.0,1
24,95.0,12.41021712,253.0,1.0,0.0,0.0,0.0,0
22,95.0,8.0671142,371.0,0.0,1.0,0.0,0.0,1
24,95.0,14.03538213,293.0,0.0,0.0,1.0,0.0,1
24,95.0,19.10462223,286.0,1.0,0.0,0.0,0.0,0
23,95.0,4.836285621,352.0,0.0,1.0,0.0,0.0,1
24,91.0,16.74896501,314.0,1.0,0.0,0.0,0.0,1
24,89.0,15.59225501,322.0,1.0,0.0,0.0,0.0,1
24,91.0,12.27113269,247.0,1.0,0.0,0.0,0.0,0
23,88.0,7.358649263,291.0,0.0,0.0,0.0,1.0,1
24,95.0,12.27113269,257.0,1.0,0.0,0.0,0.0,0
24,95.0,14.67251295,372.0,0.0,1.0,0.0,0.0,0
26,95.0,15.59225501,310.0,1.0,0.0,0.0,0.0,1
23,95.0,8.568009903,185.0,0.0,1.0,0.0,0.0,1
24,95.0,14.75399666,264.0,1.0,0.0,0.0,0.0,0
25,95.0,12.98058343,366.0,0.0,0.0,0.0,1.0,0
24,95.0,16.38466179,340.0,0.0,0.0,0.0,1.0,0
23,92.0,9.987371503,352.0,0.0,0.0,0.0,1.0,1
24,95.0,11.862037,419.0,0.0,0.0,1.0,0.0,0
23,89.0,8.364807255,306.0,0.0,0.0,0.0,1.0,1
22,95.0,12.90803823,332.0,0.0,0.0,1.0,0.0,1
23,95.0,5.253804423,350.0,0.0,1.0,0.0,0.0,1
23,89.0,7.683058499,296.0,0.0,0.0,0.0,1.0,1
24,87.5,13.57421101,345.0,1.0,0.0,0.0,0.0,1
22,95.0,5.620007507,314.0,0.0,1.0,0.0,0.0,1
26,91.0,6.698275399,399.0,0.0,0.0,0.0,1.0,1
24,95.0,11.20647613,409.0,0.0,0.0,1.0,0.0,0
24,95.0,19.20950925,304.0,1.0,0.0,0.0,0.0,0
22,95.0,7.358649263,354.0,0.0,1.0,0.0,0.0,1
25,95.0,12.69256136,301.0,0.0,0.0,0.0,1.0,0
23,92.0,9.700549236,354.0,0.0,0.0,0.0,1.0,1
24,95.0,16.38466179,247.0,1.0,0.0,0.0,0.0,0
23,91.0,8.264637967,371.0,0.0,0.0,0.0,1.0,1
24,95.0,16.02789778,345.0,0.0,0.0,0.0,1.0,0
23,95.0,9.201267821,184.5,0.0,1.0,0.0,0.0,1
23,87.5,6.364536513,286.0,0.0,0.0,0.0,1.0,1
25,88.0,14.75399666,327.0,1.0,0.0,0.0,0.0,1
26,95.0,16.65717174,297.0,1.0,0.0,0.0,0.0,1
24,95.0,14.1136139,336.0,0.0,0.0,1.0,0.0,1
23,95.0,4.904260592,345.0,0.0,1.0,0.0,0.0,1
24,95.0,12.69256136,301.0,0.0,0.0,0.0,1.0,0
25,95.0,11.59594835,341.0,0.0,0.0,1.0,0.0,0
25,87.5,13.49869706,353.0,1.0,0.0,0.0,0.0,1
23,95.0,15.85228317,442.0,0.0,1.0,0.0,0.0,0
22,95.0,6.48823229,292.0,0.0,1.0,0.0,0.0,1
24,95.0,20.17964285,270.0,0.0,1.0,0.0,0.0,0
22,92.0,13.57421101,326.0,0.0,0.0,0.0,1.0,1
22,95.0,4.836285621,348.0,0.0,1.0,0.0,0.0,1
25,95.0,13.88010234,366.0,0.0,0.0,0.0,1.0,0
25,95.0,10.04556771,299.0,0.0,0.0,1.0,0.0,0
23,89.0,8.516848104,312.0,0.0,0.0,0.0,1.0,1
23,90.0,12.62144823,309.0,0.0,0.0,0.0,1.0,1
22,95.0,7.450253315,296.0,0.0,1.0,0.0,0.0,1
23,95.0,12.20210529,326.0,0.0,0.0,1.0,0.0,1
25,95.0,12.06507013,409.0,0.0,0.0,1.0,0.0,0
22,95.0,7.000692513,289.0,0.0,1.0,0.0,0.0,1
22,95.0,6.529850053,290.0,0.0,1.0,0.0,0.0,1
23,89.0,12.69256136,322.0,0.0,0.0,0.0,1.0,1
26,94.0,14.91822038,308.0,1.0,0.0,0.0,0.0,1
24,95.0,15.00096563,357.0,0.0,1.0,0.0,0.0,0
25,95.0,15.76515749,312.0,0.0,0.0,0.0,1.0,0
25,95.0,10.22184745,289.0,0.0,0.0,1.0,0.0,0
26,87.5,8.165410187,406.0,0.0,0.0,0.0,1.0,1
23,95.0,16.93400512,246.0,0.0,1.0,0.0,0.0,0
23,95.0,14.75399666,403.0,0.0,1.0,0.0,0.0,0
24,95.0,13.05349201,421.0,0.0,0.0,1.0,0.0,0
25,95.0,11.79502342,351.0,0.0,0.0,1.0,0.0,0
22,92.0,12.55068787,329.0,0.0,0.0,1.0,0.0,1
22,92.0,10.76627794,359.0,0.0,0.0,0.0,1.0,1
25,95.0,11.14266773,286.0,0.0,0.0,1.0,0.0,0
22,95.0,9.093199852,184.5,0.0,1.0,0.0,0.0,1
22,93.0,11.39978246,356.0,0.0,0.0,0.0,1.0,1
25,95.0,11.01598084,322.0,0.0,0.0,1.0,0.0,0
23,93.0,12.69256136,346.0,0.0,0.0,1.0,0.0,1
23,95.0,4.972872478,333.0,0.0,1.0,0.0,0.0,1
23,95.0,19.95991509,352.0,0.0,1.0,0.0,0.0,0
23,95.0,12.76402932,336.0,0.0,0.0,1.0,0.0,1
22,95.0,5.50835179,313.0,0.0,1.0,0.0,0.0,1
23,93.0,12.55068787,351.0,0.0,0.0,0.0,1.0,1
22,95.0,7.404343951,346.0,0.0,1.0,0.0,0.0,1
23,95.0,14.83589827,401.0,0.0,1.0,0.0,0.0,0
23,91.0,8.31460431,361.0,0.0,0.0,0.0,1.0,1
23,95.0,4.836285621,360.0,0.0,1.0,0.0,0.0,1
24,95.0,16.47502321,371.0,0.0,0.0,0.0,1.0,0
23,95.0,14.75399666,371.0,0.0,1.0,0.0,0.0,0
23,87.5,12.76402932,346.0,0.0,0.0,1.0,0.0,1
25,95.0,10.64323454,455.0,0.0,0.0,1.0,0.0,0
24,90.0,12.83585424,330.0,0.0,0.0,0.0,1.0,1
22,95.0,4.377830797,347.0,0.0,1.0,0.0,0.0,1
23,95.0,12.98058343,350.0,0.0,0.0,1.0,0.0,1
23,88.0,10.46089174,365.0,0.0,0.0,0.0,1.0,1
24,95.0,16.47502321,361.0,0.0,0.0,0.0,1.0,0
25,95.0,9.929454577,303.0,0.0,0.0,1.0,0.0,0
23,95.0,15.08413665,368.0,0.0,1.0,0.0,0.0,0
23,90.0,12.55068787,316.0,0.0,0.0,0.0,1.0,1
22,95.0,7.450253315,285.0,0.0,1.0,0.0,0.0,1
23,92.0,10.95309884,358.0,0.0,0.0,0.0,1.0,1
23,95.0,19.74258151,363.0,0.0,1.0,0.0,0.0,0
22,95.0,6.913276429,357.0,0.0,1.0,0.0,0.0,1
23,95.0,8.214906999,184.5,0.0,1.0,0.0,0.0,1
24,95.0,11.99705843,359.0,0.0,0.0,0.0,1.0,1
26,94.0,14.27127328,303.0,1.0,0.0,0.0,0.0,1
24,95.0,14.91822038,371.0,0.0,1.0,0.0,0.0,0
26,94.0,6.613669965,394.0,0.0,0.0,0.0,1.0,1
22,87.5,12.48027818,334.0,0.0,0.0,1.0,0.0,1
26,95.0,17.30998858,316.0,1.0,0.0,0.0,0.0,1
23,95.0,15.25176672,365.0,0.0,1.0,0.0,0.0,0
22,95.0,12.83585424,322.0,0.0,0.0,1.0,0.0,1
23,95.0,13.49869706,346.0,0.0,0.0,1.0,0.0,1
22,95.0,8.775098629,184.5,0.0,1.0,0.0,0.0,1
24,89.0,13.57421101,385.0,0.0,0.0,0.0,1.0,1
23,95.0,13.27441976,359.0,0.0,0.0,1.0,0.0,1
25,95.0,10.76627794,288.0,0.0,0.0,1.0,0.0,0
25,88.0,19.42099897,379.0,1.0,0.0,0.0,0.0,1
23,95.0,19.74258151,356.0,0.0,1.0,0.0,0.0,0
24,95.0,14.75399666,395.0,0.0,1.0,0.0,0.0,0
24,95.0,15.08413665,383.0,0.0,1.0,0.0,0.0,0
25,95.0,15.67848238,316.0,0.0,0.0,0.0,1.0,0
22,95.0,7.358649263,359.0,0.0,1.0,0.0,0.0,1
24,87.5,13.49869706,338.0,1.0,0.0,0.0,0.0,1
22,95.0,6.698275399,245.0,0.0,1.0,0.0,0.0,1
23,95.0,14.67251295,386.0,0.0,1.0,0.0,0.0,0
22,95.0,7.358649263,350.0,0.0,1.0,0.0,0.0,1
25,95.0,15.76515749,316.0,0.0,0.0,0.0,1.0,0
23,95.0,14.83589827,433.0,0.0,1.0,0.0,0.0,0
23,95.0,15.67848238,257.0,0.0,1.0,0.0,0.0,0
24,87.5,4.47356027,329.0,0.0,1.0,0.0,0.0,1
24,95.0,15.08413665,372.0,0.0,1.0,0.0,0.0,0
24,95.0,18.7933463,261.0,1.0,0.0,0.0,0.0,0
25,95.0,12.90803823,366.0,0.0,0.0,0.0,1.0,0
25,95.0,11.07916988,297.0,0.0,0.0,1.0,0.0,0
24,95.0,14.91822038,400.0,0.0,1.0,0.0,0.0,0
24,95.0,16.65717174,255.0,1.0,0.0,0.0,0.0,0
25,87.5,12.55068787,339.0,1.0,0.0,0.0,0.0,1
23,95.0,13.12676612,360.0,0.0,0.0,1.0,0.0,1
24,95.0,12.34050263,254.0,1.0,0.0,0.0,0.0,0
26,90.0,19.10462223,375.0,1.0,0.0,0.0,0.0,1
22,95.0,8.465927903,184.5,0.0,1.0,0.0,0.0,1
22,95.0,7.542720421,351.0,0.0,1.0,0.0,0.0,1
23,87.5,12.69256136,348.0,0.0,0.0,1.0,0.0,1
25,95.0,10.95309884,326.0,0.0,0.0,1.0,0.0,0
24,95.0,16.84124175,250.0,1.0,0.0,0.0,0.0,0
25,87.5,12.69256136,338.0,1.0,0.0,0.0,0.0,1
22,95.0,8.827487661,388.0,0.0,1.0,0.0,0.0,1
24,95.0,16.65717174,248.0,1.0,0.0,0.0,0.0,0
24,95.0,11.53023895,428.0,0.0,0.0,1.0,0.0,0
24,93.0,10.89052217,386.0,0.0,0.0,0.0,1.0,1
25,95.0,10.95309884,294.0,0.0,0.0,1.0,0.0,0
22,95.0,4.904260592,329.0,0.0,1.0,0.0,0.0,1
23,93.0,12.76402932,347.0,0.0,0.0,1.0,0.0,1
24,95.0,14.83589827,265.0,1.0,0.0,0.0,0.0,0
26,90.0,19.85095108,300.0,1.0,0.0,0.0,0.0,1
24,95.0,14.1136139,324.0,0.0,0.0,1.0,0.0,1
24,95.0,15.16773612,452.0,0.0,1.0,0.0,0.0,0
22,95.0,8.415248038,184.5,0.0,1.0,0.0,0.0,1
27,87.5,8.415248038,400.0,0.0,0.0,0.0,1.0,1
23,92.0,9.587732994,366.0,0.0,0.0,0.0,1.0,1
23,95.0,9.201267821,387.0,0.0,1.0,0.0,0.0,1
23,95.0,14.83589827,425.0,0.0,1.0,0.0,0.0,0
24,90.0,12.41021712,333.0,0.0,0.0,0.0,1.0,1
23,95.0,12.83585424,353.0,0.0,0.0,1.0,0.0,1
23,95.0,14.91822038,377.0,0.0,1.0,0.0,0.0,0
23,95.0,8.364807255,184.5,0.0,1.0,0.0,0.0,1
23,95.0,16.02789778,249.0,0.0,1.0,0.0,0.0,0
24,95.0,12.83585424,249.0,1.0,0.0,0.0,0.0,0
26,92.0,6.529850053,393.0,0.0,0.0,0.0,1.0,1
23,89.0,8.264637967,315.0,0.0,0.0,0.0,1.0,1
23,95.0,8.671063387,392.0,0.0,1.0,0.0,0.0,1
23,95.0,12.41021712,333.0,0.0,0.0,1.0,0.0,1
25,87.5,13.88010234,349.0,1.0,0.0,0.0,0.0,1
26,91.0,6.913276429,403.0,0.0,0.0,0.0,1.0,1
23,95.0,6.529850053,255.0,0.0,1.0,0.0,0.0,1
23,95.0,16.29477154,244.0,0.0,1.0,0.0,0.0,0
22,95.0,6.48823229,249.0,0.0,1.0,0.0,0.0,1
22,95.0,12.83585424,330.0,0.0,0.0,1.0,0.0,1
23,95.0,15.42113219,251.0,0.0,1.0,0.0,0.0,0
23,94.0,12.62144823,351.0,0.0,0.0,1.0,0.0,1
23,89.0,6.783674055,284.0,0.0,0.0,0.0,1.0,1
22,95.0,8.671063387,377.0,0.0,1.0,0.0,0.0,1
22,95.0,6.698275399,326.0,0.0,1.0,0.0,0.0,1
25,95.0,11.33503171,319.0,0.0,0.0,1.0,0.0,0
24,95.0,10.22184745,437.0,0.0,0.0,1.0,0.0,0
24,89.0,13.72638492,413.0,0.0,0.0,0.0,1.0,1
24,95.0,14.1136139,299.0,0.0,0.0,1.0,0.0,1
25,95.0,10.64323454,292.0,0.0,0.0,1.0,0.0,0
22,94.0,5.733232642,356.0,0.0,1.0,0.0,0.0,1
23,89.0,7.313168177,289.0,0.0,0.0,0.0,1.0,1
26,94.0,6.571662296,390.0,0.0,0.0,0.0,1.0,1
25,95.0,12.98058343,413.0,0.0,0.0,1.0,0.0,0
24,95.0,16.20534945,346.0,0.0,0.0,0.0,1.0,0
22,95.0,7.969740423,366.0,0.0,1.0,0.0,0.0,1
24,95.0,17.69401633,254.0,1.0,0.0,0.0,0.0,0
22,91.0,10.70460698,357.0,0.0,0.0,0.0,1.0,1
24,95.0,12.27113269,369.0,0.0,0.0,0.0,1.0,1
25,95.0,11.14266773,292.0,0.0,0.0,1.0,0.0,0
25,95.0,11.59594835,342.0,0.0,0.0,1.0,0.0,0
22,95.0,8.364807255,184.5,0.0,1.0,0.0,0.0,1
24,89.0,8.165410187,291.0,0.0,0.0,0.0,1.0,1
26,95.0,15.42113219,308.0,1.0,0.0,0.0,0.0,1
23,95.0,16.93400512,256.0,0.0,1.0,0.0,0.0,0
23,88.0,7.921396405,290.0,0.0,0.0,0.0,1.0,1
23,92.0,10.28117628,358.0,0.0,0.0,0.0,1.0,1
26,90.0,19.10462223,382.0,1.0,0.0,0.0,0.0,1
22,95.0,8.933015125,187.0,0.0,1.0,0.0,0.0,1
23,95.0,12.55068787,322.0,0.0,0.0,1.0,0.0,1
24,95.0,16.02789778,344.0,0.0,0.0,0.0,1.0,0
23,95.0,12.20210529,322.0,0.0,0.0,1.0,0.0,1
24,95.0,16.20534945,408.0,0.0,1.0,0.0,0.0,0
22,95.0,7.404343951,359.0,0.0,1.0,0.0,0.0,1
24,95.0,15.08413665,393.0,0.0,1.0,0.0,0.0,0
25,95.0,13.3488037,363.0,0.0,0.0,0.0,1.0,0
24,95.0,15.50647254,375.0,0.0,0.0,0.0,1.0,0
22,95.0,7.496378442,301.0,0.0,1.0,0.0,0.0,1
25,95.0,10.95309884,315.0,0.0,0.0,1.0,0.0,0
25,95.0,11.39978246,444.0,0.0,0.0,1.0,0.0,0
26,95.0,15.50647254,309.0,1.0,0.0,0.0,0.0,1
23,95.0,14.67251295,375.0,0.0,1.0,0.0,0.0,0
24,94.0,11.14266773,378.0,0.0,0.0,0.0,1.0,1
24,87.5,16.65717174,459.0,0.0,0.0,0.0,1.0,1
24,95.0,16.56585884,357.0,0.0,0.0,0.0,1.0,0
23,90.0,12.69256136,328.0,0.0,0.0,0.0,1.0,1
24,95.0,14.75399666,315.0,0.0,0.0,0.0,1.0,0
25,87.5,13.80304952,345.0,1.0,0.0,0.0,0.0,1
25,95.0,16.11639251,274.0,1.0,0.0,0.0,0.0,0
25,95.0,15.85228317,309.0,0.0,0.0,0.0,1.0,0
22,95.0,4.938486566,345.0,0.0,1.0,0.0,0.0,1
22,92.0,10.28117628,360.0,0.0,0.0,0.0,1.0,1
25,95.0,11.27059687,293.0,0.0,0.0,1.0,0.0,0
24,95.0,17.98744479,256.0,1.0,0.0,0.0,0.0,0
25,95.0,15.25176672,378.0,0.0,0.0,0.0,1.0,0
23,95.0,16.29477154,259.0,0.0,1.0,0.0,0.0,0
24,95.0,16.74896501,249.0,1.0,0.0,0.0,0.0,0
25,95.0,10.04556771,445.0,0.0,0.0,1.0,0.0,0
23,95.0,15.25176672,221.0,0.0,1.0,0.0,0.0,0
23,95.0,16.29477154,264.0,0.0,1.0,0.0,0.0,0
23,95.0,20.06947764,356.0,0.0,1.0,0.0,0.0,0
22,95.0,7.044707922,344.0,0.0,1.0,0.0,0.0,1
24,88.0,10.76627794,246.0,0.0,0.0,0.0,1.0,1
24,95.0,16.56585884,360.0,0.0,0.0,0.0,1.0,0
26,90.0,19.31496687,393.0,1.0,0.0,0.0,0.0,1
22,95.0,4.836285621,345.0,0.0,1.0,0.0,0.0,1
23,95.0,19.74258151,341.0,0.0,1.0,0.0,0.0,0
24,95.0,17.59724365,258.0,1.0,0.0,0.0,0.0,0
22,87.5,8.722957641,377.0,0.0,1.0,0.0,0.0,1
23,87.5,12.62144823,335.0,0.0,0.0,1.0,0.0,1
25,95.0,9.987371503,299.0,0.0,0.0,1.0,0.0,0
22,95.0,6.405576451,250.0,0.0,1.0,0.0,0.0,1
23,95.0,15.00096563,216.0,0.0,1.0,0.0,0.0,0
23,87.5,12.69256136,332.0,0.0,0.0,1.0,0.0,1
23,95.0,12.55068787,317.0,0.0,0.0,1.0,0.0,1
23,95.0,16.65717174,257.0,0.0,1.0,0.0,0.0,0
25,95.0,12.90803823,406.0,0.0,0.0,1.0,0.0,0
22,95.0,13.57421101,332.0,0.0,0.0,1.0,0.0,1
23,95.0,12.41021712,335.0,0.0,0.0,1.0,0.0,1
22,95.0,5.007419045,349.0,0.0,1.0,0.0,0.0,1
23,95.0,16.20534945,264.0,0.0,1.0,0.0,0.0,0
22,95.0,4.836285621,341.0,0.0,1.0,0.0,0.0,1
23,95.0,16.47502321,256.0,0.0,1.0,0.0,0.0,0
24,95.0,15.59225501,378.0,0.0,0.0,0.0,1.0,0
24,95.0,14.35070581,328.0,0.0,0.0,1.0,0.0,1
25,95.0,9.987371503,295.0,0.0,0.0,1.0,0.0,0
24,95.0,19.31496687,272.0,0.0,1.0,0.0,0.0,0
22,95.0,8.827487661,379.0,0.0,1.0,0.0,0.0,1
23,89.0,8.31460431,308.0,0.0,0.0,0.0,1.0,1
24,89.0,13.42356205,398.0,0.0,0.0,0.0,1.0,1
24,95.0,15.50647254,459.0,0.0,1.0,0.0,0.0,0
24,95.0,15.25176672,382.0,0.0,1.0,0.0,0.0,0
22,95.0,7.133358572,358.0,0.0,1.0,0.0,0.0,1
24,95.0,14.51078894,404.0,0.0,0.0,1.0,0.0,0
23,95.0,15.00096563,406.0,0.0,1.0,0.0,0.0,0
22,95.0,4.47356027,351.0,0.0,1.0,0.0,0.0,1
25,95.0,10.95309884,310.0,0.0,0.0,1.0,0.0,0
23,95.0,12.69256136,332.0,0.0,0.0,1.0,0.0,1
25,95.0,10.89052217,301.0,0.0,0.0,1.0,0.0,0
26,88.0,7.358649263,410.0,0.0,0.0,0.0,1.0,1
23,87.5,12.62144823,342.0,0.0,0.0,1.0,0.0,1
24,95.0,16.93400512,244.0,1.0,0.0,0.0,0.0,0
26,95.0,17.30998858,310.0,1.0,0.0,0.0,0.0,1
23,95.0,15.33623116,253.0,0.0,1.0,0.0,0.0,0
25,95.0,10.04556771,307.0,0.0,0.0,1.0,0.0,0
23,87.5,12.62144823,339.0,0.0,0.0,1.0,0.0,1
25,95.0,13.20040797,380.0,0.0,0.0,0.0,1.0,0
25,95.0,9.700549236,306.0,0.0,0.0,1.0,0.0,0
23,95.0,4.870193845,341.0,0.0,1.0,0.0,0.0,1
23,92.0,10.46089174,362.0,0.0,0.0,0.0,1.0,1
25,95.0,10.89052217,304.0,0.0,0.0,1.0,0.0,0
25,95.0,14.19224347,372.0,0.0,0.0,0.0,1.0,0
24,95.0,13.42356205,260.0,1.0,0.0,0.0,0.0,0
23,91.0,10.58215896,346.0,0.0,0.0,0.0,1.0,1
21,94.0,8.415248038,372.0,0.0,1.0,0.0,0.0,1
25,95.0,10.10404473,297.0,0.0,0.0,1.0,0.0,0
26,90.0,19.20950925,377.0,1.0,0.0,0.0,0.0,1
23,94.0,11.33503171,390.0,0.0,0.0,0.0,1.0,1
24,95.0,12.41021712,363.0,0.0,0.0,0.0,1.0,1
22,91.0,12.83585424,316.0,0.0,0.0,1.0,0.0,1
24,95.0,14.19224347,300.0,0.0,0.0,1.0,0.0,1
26,95.0,15.33623116,310.0,1.0,0.0,0.0,0.0,1
22,95.0,12.98058343,342.0,0.0,0.0,1.0,0.0,1
22,95.0,4.904260592,347.0,0.0,1.0,0.0,0.0,1
25,87.5,13.88010234,337.0,1.0,0.0,0.0,0.0,1
25,95.0,12.55068787,447.0,0.0,0.0,1.0,0.0,0
26,88.0,7.267899623,409.0,0.0,0.0,0.0,1.0,1
24,95.0,12.90803823,379.0,0.0,0.0,0.0,1.0,0
23,91.0,8.364807255,369.0,0.0,0.0,0.0,1.0,1
25,89.0,20.40179801,298.0,1.0,0.0,0.0,0.0,1
22,95.0,7.267899623,305.0,0.0,1.0,0.0,0.0,1
25,87.5,13.49869706,352.0,1.0,0.0,0.0,0.0,1
23,95.0,11.66198098,348.0,0.0,0.0,0.0,1.0,1
26,90.0,19.31496687,389.0,1.0,0.0,0.0,0.0,1
22,95.0,12.55068787,343.0,0.0,0.0,1.0,0.0,1
24,89.0,13.80304952,413.0,0.0,0.0,0.0,1.0,1
24,95.0,13.12676612,298.0,0.0,0.0,0.0,1.0,0
22,89.0,12.69256136,336.0,0.0,0.0,1.0,0.0,1
24,95.0,15.00096563,386.0,0.0,1.0,0.0,0.0,0
22,95.0,6.655874013,260.0,0.0,1.0,0.0,0.0,1
26,95.0,12.90803823,303.0,1.0,0.0,0.0,0.0,1
25,95.0,10.22184745,308.0,0.0,0.0,1.0,0.0,0
25,95.0,15.59225501,320.0,0.0,0.0,0.0,1.0,0
25,95.0,15.93986231,317.0,0.0,0.0,0.0,1.0,0
23,95.0,14.51078894,214.0,0.0,1.0,0.0,0.0,0
23,87.5,6.364536513,289.0,0.0,0.0,0.0,1.0,1
24,95.0,13.72638492,256.0,1.0,0.0,0.0,0.0,0
22,95.0,7.044707922,355.0,0.0,1.0,0.0,0.0,1
25,95.0,11.27059687,317.0,0.0,0.0,1.0,0.0,0
23,92.0,9.700549236,358.0,0.0,0.0,0.0,1.0,1
24,95.0,12.48027818,253.0,1.0,0.0,0.0,0.0,0
22,95.0,8.986156218,386.0,0.0,1.0,0.0,0.0,1
24,95.0,18.08630257,254.0,1.0,0.0,0.0,0.0,0
23,95.0,14.83589827,371.0,0.0,1.0,0.0,0.0,0
24,95.0,16.02789778,256.0,0.0,1.0,0.0,0.0,0
27,87.5,9.531728808,184.5,0.0,0.0,0.0,1.0,1
22,94.0,13.57421101,355.0,0.0,0.0,0.0,1.0,1
25,95.0,13.72638492,405.0,0.0,0.0,1.0,0.0,0
23,95.0,15.67848238,450.0,0.0,1.0,0.0,0.0,0
25,95.0,13.12676612,381.0,0.0,0.0,0.0,1.0,0
24,95.0,19.42099897,303.0,1.0,0.0,0.0,0.0,0
23,89.0,7.636059339,298.0,0.0,0.0,0.0,1.0,1
25,95.0,11.66198098,421.0,0.0,0.0,1.0,0.0,0
23,92.0,10.16280412,358.0,0.0,0.0,0.0,1.0,1
26,90.0,18.69070341,389.0,1.0,0.0,0.0,0.0,1
23,92.0,13.65010619,325.0,0.0,0.0,0.0,1.0,1
25,95.0,15.42113219,402.0,0.0,0.0,0.0,1.0,0
23,89.0,7.589280351,297.0,0.0,0.0,0.0,1.0,1
23,95.0,4.836285621,328.0,0.0,1.0,0.0,0.0,1
26,91.0,6.956882353,394.0,0.0,0.0,0.0,1.0,1
25,95.0,12.62144823,410.0,0.0,0.0,1.0,0.0,0
23,91.0,12.76402932,336.0,0.0,0.0,1.0,0.0,1
24,87.5,13.65010619,341.0,1.0,0.0,0.0,0.0,1
24,95.0,15.25176672,392.0,0.0,1.0,0.0,0.0,0
25,95.0,11.72833871,413.0,0.0,0.0,1.0,0.0,0
22,95.0,7.777721829,290.0,0.0,1.0,0.0,0.0,1
23,95.0,12.83585424,341.0,0.0,0.0,1.0,0.0,1
24,95.0,17.21524677,258.0,1.0,0.0,0.0,0.0,0
23,95.0,15.85228317,253.0,0.0,1.0,0.0,0.0,0
23,95.0,6.48823229,249.0,0.0,1.0,0.0,0.0,1
22,95.0,4.538130868,334.0,0.0,1.0,0.0,0.0,1
25,87.5,12.48027818,339.0,1.0,0.0,0.0,0.0,1
23,91.0,13.05349201,330.0,0.0,0.0,0.0,1.0,1
24,95.0,14.03538213,316.0,0.0,0.0,1.0,0.0,1
26,93.0,6.48823229,402.0,0.0,0.0,0.0,1.0,1
22,95.0,13.12676612,336.0,0.0,0.0,1.0,0.0,1
22,95.0,12.98058343,341.0,0.0,0.0,1.0,0.0,1
23,92.0,10.70460698,354.0,0.0,0.0,0.0,1.0,1
26,94.0,6.655874013,399.0,0.0,0.0,0.0,1.0,1
23,95.0,4.938486566,346.0,0.0,1.0,0.0,0.0,1
23,92.0,10.40069682,358.0,0.0,0.0,0.0,1.0,1
23,92.0,11.07916988,350.0,0.0,0.0,0.0,1.0,1
22,95.0,7.921396405,366.0,0.0,1.0,0.0,0.0,1
25,88.0,19.31496687,398.0,1.0,0.0,0.0,0.0,1
23,89.0,7.777721829,296.0,0.0,0.0,0.0,1.0,1
23,89.0,8.018312629,296.0,0.0,0.0,0.0,1.0,1
23,89.0,8.264637967,309.0,0.0,0.0,0.0,1.0,1
25,89.0,20.62641439,297.0,1.0,0.0,0.0,0.0,1
23,88.0,7.589280351,291.0,0.0,0.0,0.0,1.0,1
24,88.0,10.58215896,246.0,0.0,0.0,0.0,1.0,1
23,95.0,15.93986231,256.0,0.0,1.0,0.0,0.0,0
26,95.0,17.30998858,312.0,1.0,0.0,0.0,0.0,1
24,95.0,18.48706888,263.0,0.0,1.0,0.0,0.0,0
26,94.0,14.1136139,300.0,1.0,0.0,0.0,0.0,1
25,95.0,11.72833871,439.0,0.0,0.0,1.0,0.0,0
25,95.0,10.10404473,309.0,0.0,0.0,1.0,0.0,0
23,93.0,11.33503171,387.0,0.0,0.0,0.0,1.0,1
26,90.0,19.20950925,383.0,1.0,0.0,0.0,0.0,1
24,95.0,16.74896501,253.0,1.0,0.0,0.0,0.0,0
24,95.0,16.56585884,363.0,0.0,0.0,0.0,1.0,0
22,95.0,7.683058499,299.0,0.0,1.0,0.0,0.0,1
23,88.0,6.956882353,286.0,0.0,0.0,0.0,1.0,1
25,95.0,5.695315198,399.0,0.0,0.0,1.0,0.0,0
25,95.0,11.20647613,317.0,0.0,0.0,1.0,0.0,0
23,89.0,7.777721829,292.0,0.0,0.0,0.0,1.0,1
23,95.0,12.55068787,324.0,0.0,0.0,1.0,0.0,1
24,95.0,12.69256136,252.0,1.0,0.0,0.0,0.0,0
24,90.0,12.62144823,338.0,0.0,0.0,0.0,1.0,1
25,95.0,15.76515749,319.0,0.0,0.0,0.0,1.0,0
25,95.0,11.72833871,365.0,0.0,0.0,1.0,0.0,0
23,87.5,6.242557594,286.0,0.0,0.0,0.0,1.0,1
23,95.0,6.529850053,248.0,0.0,1.0,0.0,0.0,1
23,95.0,8.165410187,184.5,0.0,1.0,0.0,0.0,1
25,87.5,13.20040797,349.0,1.0,0.0,0.0,0.0,1
23,89.0,7.267899623,286.0,0.0,0.0,0.0,1.0,1
23,95.0,15.42113219,257.0,0.0,1.0,0.0,0.0,0
25,95.0,11.27059687,323.0,0.0,0.0,1.0,0.0,0
25,95.0,16.11639251,382.0,0.0,0.0,0.0,1.0,0
25,95.0,15.50647254,396.0,0.0,0.0,0.0,1.0,0
23,95.0,4.870193845,353.0,0.0,1.0,0.0,0.0,1
26,90.0,20.40179801,302.0,1.0,0.0,0.0,0.0,1
22,95.0,7.000692513,345.0,0.0,1.0,0.0,0.0,1
26,90.0,19.10462223,390.0,1.0,0.0,0.0,0.0,1
25,87.5,18.69070341,395.0,1.0,0.0,0.0,0.0,1
23,89.0,13.05349201,336.0,0.0,0.0,0.0,1.0,1
26,94.0,6.613669965,398.0,0.0,0.0,0.0,1.0,1
22,95.0,8.0671142,184.5,0.0,1.0,0.0,0.0,1
23,93.0,11.53023895,354.0,0.0,0.0,0.0,1.0,1
25,95.0,15.25176672,389.0,0.0,0.0,0.0,1.0,0
25,87.5,12.34050263,344.0,1.0,0.0,0.0,0.0,1
24,95.0,14.19224347,321.0,0.0,0.0,1.0,0.0,1
23,95.0,8.933015125,195.0,0.0,1.0,0.0,0.0,1
23,95.0,8.933015125,194.0,0.0,1.0,0.0,0.0,1
23,95.0,12.83585424,348.0,0.0,0.0,1.0,0.0,1
25,95.0,7.683058499,200.0,0.0,0.0,0.0,1.0,1
23,87.5,16.20534945,256.0,0.0,1.0,0.0,0.0,0
24,90.0,12.69256136,333.0,0.0,0.0,0.0,1.0,1
23,95.0,15.08413665,414.0,0.0,1.0,0.0,0.0,0
25,95.0,11.862037,296.0,0.0,0.0,1.0,0.0,0
24,95.0,16.20534945,256.0,0.0,1.0,0.0,0.0,0
22,95.0,8.465927903,184.5,0.0,1.0,0.0,0.0,1
24,95.0,12.83585424,251.0,1.0,0.0,0.0,0.0,0
23,95.0,19.42099897,361.0,0.0,1.0,0.0,0.0,0
23,89.0,8.116146322,292.0,0.0,0.0,0.0,1.0,1
24,89.0,12.98058343,394.0,0.0,0.0,0.0,1.0,1
25,95.0,9.929454577,313.0,0.0,0.0,1.0,0.0,0
25,93.0,6.48823229,396.0,0.0,0.0,0.0,1.0,1
24,87.5,17.21524677,463.0,0.0,0.0,0.0,1.0,1
24,95.0,18.38606989,253.0,1.0,0.0,0.0,0.0,0
24,95.0,19.20950925,298.0,1.0,0.0,0.0,0.0,0
24,88.0,15.33623116,316.0,1.0,0.0,0.0,0.0,1
23,95.0,15.00096563,217.0,0.0,1.0,0.0,0.0,0
23,95.0,12.69256136,351.0,0.0,0.0,1.0,0.0,1
25,95.0,16.47502321,355.0,0.0,0.0,0.0,1.0,0
24,95.0,12.76402932,252.0,1.0,0.0,0.0,0.0,0
24,95.0,14.83589827,367.0,0.0,1.0,0.0,0.0,0
26,94.0,15.25176672,304.0,1.0,0.0,0.0,0.0,1
23,89.0,7.730278953,298.0,0.0,0.0,0.0,1.0,1
26,90.0,19.74258151,391.0,1.0,0.0,0.0,0.0,1
25,95.0,7.683058499,201.0,0.0,0.0,0.0,1.0,1
25,95.0,14.51078894,374.0,0.0,0.0,0.0,1.0,0
25,95.0,10.04556771,296.0,0.0,0.0,1.0,0.0,0
23,95.0,8.88012605,192.0,0.0,1.0,0.0,0.0,1
23,87.5,6.283027997,290.0,0.0,0.0,0.0,1.0,1
23,87.5,12.69256136,331.0,0.0,0.0,1.0,0.0,1
23,92.0,10.40069682,353.0,0.0,0.0,0.0,1.0,1
24,95.0,19.31496687,267.0,0.0,1.0,0.0,0.0,0
24,95.0,12.20210529,415.0,0.0,0.0,1.0,0.0,0
23,89.0,7.404343951,287.0,0.0,0.0,0.0,1.0,1
25,95.0,10.52137857,450.0,0.0,0.0,1.0,0.0,0
24,95.0,16.38466179,254.0,0.0,1.0,0.0,0.0,0
23,95.0,12.76402932,345.0,0.0,0.0,1.0,0.0,1
22,95.0,7.542720421,300.0,0.0,1.0,0.0,0.0,1
21,94.0,8.165410187,369.0,0.0,1.0,0.0,0.0,1
25,95.0,14.43054353,380.0,0.0,0.0,0.0,1.0,0
23,95.0,19.63480231,362.0,0.0,1.0,0.0,0.0,0
24,95.0,14.27127328,325.0,0.0,0.0,1.0,0.0,1
22,95.0,6.162179985,247.0,0.0,1.0,0.0,0.0,1
22,95.0,4.47356027,346.0,0.0,1.0,0.0,0.0,1
24,95.0,11.01598084,414.0,0.0,0.0,1.0,0.0,0
24,95.0,14.75399666,312.0,0.0,0.0,0.0,1.0,0
26,90.0,19.52760946,375.0,1.0,0.0,0.0,0.0,1
22,92.0,12.83585424,321.0,0.0,0.0,1.0,0.0,1
22,95.0,4.603308323,344.0,0.0,1.0,0.0,0.0,1
23,92.0,10.28117628,363.0,0.0,0.0,0.0,1.0,1
25,87.5,14.59144457,322.0,1.0,0.0,0.0,0.0,1
24,88.0,10.58215896,240.0,0.0,0.0,0.0,1.0,1
23,87.5,12.76402932,345.0,0.0,0.0,1.0,0.0,1
22,95.0,6.571662296,256.0,0.0,1.0,0.0,0.0,1
22,95.0,4.735505087,299.0,0.0,1.0,0.0,0.0,1
24,95.0,14.83589827,372.0,0.0,0.0,0.0,1.0,0
24,95.0,14.67251295,416.0,0.0,1.0,0.0,0.0,0
23,95.0,14.83589827,377.0,0.0,1.0,0.0,0.0,0
22,95.0,6.446808067,243.0,0.0,1.0,0.0,0.0,1
23,89.0,7.636059339,295.0,0.0,0.0,0.0,1.0,1
23,95.0,19.95991509,363.0,0.0,1.0,0.0,0.0,0
24,95.0,14.59144457,383.0,0.0,1.0,0.0,0.0,0
24,95.0,13.95754575,317.0,0.0,0.0,1.0,0.0,1
22,95.0,6.48823229,252.0,0.0,1.0,0.0,0.0,1
26,94.0,14.91822038,304.0,1.0,0.0,0.0,0.0,1
22,95.0,8.165410187,184.5,0.0,1.0,0.0,0.0,1
25,95.0,11.46485093,413.0,0.0,0.0,1.0,0.0,0
25,95.0,12.98058343,400.0,0.0,0.0,1.0,0.0,0
23,93.0,11.27059687,354.0,0.0,0.0,0.0,1.0,1
23,95.0,4.735505087,330.0,0.0,1.0,0.0,0.0,1
24,95.0,12.13341843,292.0,0.0,0.0,0.0,1.0,0
22,95.0,12.69256136,322.0,0.0,0.0,1.0,0.0,1
23,95.0,12.90803823,340.0,0.0,0.0,1.0,0.0,1
22,92.0,9.644005982,361.0,0.0,0.0,0.0,1.0,1
23,95.0,19.95991509,349.0,0.0,1.0,0.0,0.0,0
23,95.0,14.75399666,247.0,0.0,1.0,0.0,0.0,0
22,95.0,6.48823229,257.0,0.0,1.0,0.0,0.0,1
22,95.0,8.986156218,184.5,0.0,1.0,0.0,0.0,1
24,93.0,11.39978246,368.0,0.0,0.0,0.0,1.0,1
26,94.0,15.33623116,305.0,1.0,0.0,0.0,0.0,1
24,95.0,14.67251295,380.0,0.0,1.0,0.0,0.0,0
25,95.0,10.04556771,312.0,0.0,0.0,1.0,0.0,0
24,90.0,16.47502321,318.0,1.0,0.0,0.0,0.0,1
25,95.0,4.802535216,439.0,0.0,0.0,1.0,0.0,0
22,95.0,12.62144823,341.0,0.0,0.0,1.0,0.0,1
24,95.0,14.91822038,395.0,0.0,1.0,0.0,0.0,0
22,95.0,13.42356205,345.0,0.0,0.0,1.0,0.0,1
23,95.0,19.63480231,352.0,0.0,1.0,0.0,0.0,0
23,90.0,13.27441976,338.0,0.0,0.0,0.0,1.0,1
24,95.0,15.33623116,370.0,0.0,1.0,0.0,0.0,0
26,94.0,15.50647254,302.0,1.0,0.0,0.0,0.0,1
25,87.5,13.88010234,333.0,1.0,0.0,0.0,0.0,1
24,95.0,11.92938136,291.0,0.0,0.0,0.0,1.0,0
23,95.0,14.91822038,435.0,0.0,1.0,0.0,0.0,0
23,95.0,8.516848104,184.5,0.0,1.0,0.0,0.0,1
24,95.0,14.43054353,426.0,0.0,0.0,0.0,1.0,1
26,90.0,19.85095108,390.0,1.0,0.0,0.0,0.0,1
23,92.0,10.22184745,357.0,0.0,0.0,0.0,1.0,1
24,95.0,18.69070341,252.0,1.0,0.0,0.0,0.0,0
23,91.0,13.3488037,321.0,0.0,0.0,0.0,1.0,1
22,87.5,12.48027818,330.0,0.0,0.0,1.0,0.0,1
25,95.0,14.83589827,264.0,1.0,0.0,0.0,0.0,0
23,89.0,12.69256136,336.0,0.0,0.0,0.0,1.0,1
22,95.0,5.007419045,294.0,0.0,1.0,0.0,0.0,1
25,93.0,6.698275399,400.0,0.0,0.0,0.0,1.0,1
22,87.5,7.000692513,259.0,0.0,1.0,0.0,0.0,1
24,95.0,16.47502321,358.0,0.0,0.0,0.0,1.0,0
22,95.0,5.886678992,353.0,0.0,1.0,0.0,0.0,1
26,93.0,6.446808067,389.0,0.0,0.0,0.0,1.0,1
25,95.0,15.42113219,395.0,0.0,0.0,0.0,1.0,0
22,95.0,6.956882353,360.0,0.0,1.0,0.0,0.0,1
23,95.0,12.98058343,351.0,0.0,0.0,1.0,0.0,1
24,95.0,12.98058343,304.0,0.0,0.0,0.0,1.0,0
23,89.0,12.83585424,353.0,0.0,0.0,0.0,1.0,1
26,95.0,14.19224347,306.0,1.0,0.0,0.0,0.0,1
23,95.0,6.783674055,250.0,0.0,1.0,0.0,0.0,1
25,95.0,9.814452454,318.0,0.0,0.0,1.0,0.0,0
25,95.0,15.50647254,308.0,0.0,0.0,0.0,1.0,0
23,95.0,19.74258151,274.0,0.0,1.0,0.0,0.0,0
24,94.0,10.76627794,379.0,0.0,0.0,0.0,1.0,1
23,88.0,7.000692513,291.0,0.0,0.0,0.0,1.0,1
22,95.0,6.202275223,279.0,0.0,1.0,0.0,0.0,1
24,95.0,16.47502321,351.0,0.0,0.0,0.0,1.0,0
23,87.5,4.409591293,331.0,0.0,1.0,0.0,0.0,1
24,95.0,14.91822038,405.0,0.0,0.0,1.0,0.0,0
25,95.0,10.10404473,293.0,0.0,0.0,1.0,0.0,0
23,95.0,15.42113219,459.0,0.0,1.0,0.0,0.0,0
24,95.0,12.13341843,289.0,0.0,0.0,0.0,1.0,0
22,95.0,7.496378442,300.0,0.0,1.0,0.0,0.0,1
26,95.0,16.93400512,314.0,1.0,0.0,0.0,0.0,1
25,95.0,11.39978246,452.0,0.0,0.0,1.0,0.0,0
22,95.0,7.000692513,344.0,0.0,1.0,0.0,0.0,1
23,95.0,16.02789778,257.0,0.0,1.0,0.0,0.0,0
25,95.0,12.69256136,306.0,0.0,0.0,0.0,1.0,0
25,95.0,13.12676612,373.0,0.0,0.0,0.0,1.0,0
24,95.0,14.27127328,336.0,0.0,0.0,1.0,0.0,1
23,95.0,19.95991509,341.0,0.0,1.0,0.0,0.0,0
25,95.0,15.33623116,405.0,0.0,0.0,0.0,1.0,0
24,95.0,18.89654455,259.0,0.0,1.0,0.0,0.0,0
23,95.0,8.619414571,184.5,0.0,1.0,0.0,0.0,1
26,90.0,20.62641439,393.0,1.0,0.0,0.0,0.0,1
22,95.0,8.775098629,191.0,0.0,1.0,0.0,0.0,1
26,90.0,19.63480231,389.0,1.0,0.0,0.0,0.0,1
26,95.0,17.40523312,315.0,1.0,0.0,0.0,0.0,1
23,95.0,8.364807255,184.5,0.0,1.0,0.0,0.0,1
23,95.0,12.69256136,321.0,0.0,0.0,1.0,0.0,1
25,95.0,15.76515749,386.0,0.0,0.0,0.0,1.0,0
25,95.0,13.20040797,369.0,0.0,0.0,0.0,1.0,0
26,90.0,19.20950925,402.0,1.0,0.0,0.0,0.0,1
24,90.0,12.83585424,327.0,0.0,0.0,0.0,1.0,1
24,95.0,16.47502321,353.0,0.0,0.0,0.0,1.0,0
23,95.0,15.50647254,251.0,0.0,1.0,0.0,0.0,0
25,95.0,12.90803823,385.0,0.0,0.0,0.0,1.0,0
22,95.0,6.740875089,267.0,0.0,1.0,0.0,0.0,1
22,95.0,6.162179985,246.0,0.0,1.0,0.0,0.0,1
24,95.0,14.1136139,309.0,0.0,0.0,1.0,0.0,1
23,89.0,10.58215896,357.0,0.0,0.0,0.0,1.0,1
25,95.0,9.814452454,351.0,0.0,0.0,1.0,0.0,0
23,95.0,14.51078894,385.0,0.0,1.0,0.0,0.0,0
23,90.0,15.42113219,349.0,0.0,0.0,0.0,1.0,1
25,95.0,11.59594835,415.0,0.0,0.0,1.0,0.0,0
25,95.0,12.76402932,305.0,0.0,0.0,0.0,1.0,0
22,95.0,7.921396405,184.5,0.0,1.0,0.0,0.0,1
23,95.0,16.29477154,248.0,0.0,1.0,0.0,0.0,0
23,95.0,14.67251295,373.0,0.0,1.0,0.0,0.0,0
23,92.0,10.58215896,358.0,0.0,0.0,0.0,1.0,1
24,95.0,14.1136139,323.0,0.0,0.0,1.0,0.0,1
24,95.0,12.76402932,249.0,1.0,0.0,0.0,0.0,0
24,88.0,14.75399666,320.0,1.0,0.0,0.0,0.0,1
23,95.0,12.13341843,331.0,0.0,0.0,1.0,0.0,1
23,89.0,7.730278953,294.0,0.0,0.0,0.0,1.0,1
25,95.0,13.27441976,365.0,0.0,0.0,0.0,1.0,0
25,95.0,15.67848238,319.0,0.0,0.0,0.0,1.0,0
22,95.0,6.869873736,270.0,0.0,1.0,0.0,0.0,1
25,95.0,10.22184745,362.0,0.0,0.0,1.0,0.0,0
25,95.0,12.20210529,411.0,0.0,0.0,1.0,0.0,0
24,95.0,17.30998858,260.0,1.0,0.0,0.0,0.0,0
23,89.0,13.05349201,327.0,0.0,0.0,0.0,1.0,1
25,89.0,19.63480231,383.0,1.0,0.0,0.0,0.0,1
23,91.0,8.264637967,361.0,0.0,0.0,0.0,1.0,1
25,95.0,11.72833871,351.0,0.0,0.0,1.0,0.0,0
26,94.0,15.00096563,311.0,1.0,0.0,0.0,0.0,1
22,95.0,9.420521035,186.0,0.0,1.0,0.0,0.0,1
24,95.0,16.84124175,248.0,1.0,0.0,0.0,0.0,0
23,95.0,4.938486566,344.0,0.0,1.0,0.0,0.0,1
24,88.0,10.52137857,245.0,0.0,0.0,0.0,1.0,1
24,95.0,11.79502342,439.0,0.0,0.0,1.0,0.0,0
25,95.0,11.53023895,455.0,0.0,0.0,1.0,0.0,0
22,94.0,11.99705843,345.0,0.0,0.0,0.0,1.0,1
25,95.0,13.49869706,382.0,0.0,0.0,0.0,1.0,0
25,95.0,14.91822038,386.0,0.0,0.0,0.0,1.0,0
23,95.0,14.51078894,390.0,0.0,1.0,0.0,0.0,0
23,95.0,19.85095108,340.0,0.0,1.0,0.0,0.0,0
26,94.0,15.08413665,301.0,1.0,0.0,0.0,0.0,1
25,87.5,13.42356205,351.0,1.0,0.0,0.0,0.0,1
22,90.0,12.98058343,335.0,0.0,0.0,0.0,1.0,1
25,95.0,9.8718154,333.0,0.0,0.0,1.0,0.0,0
24,95.0,13.88010234,325.0,0.0,0.0,1.0,0.0,1
24,95.0,16.29477154,345.0,0.0,0.0,0.0,1.0,0
25,95.0,10.10404473,446.0,0.0,0.0,1.0,0.0,0
23,89.0,8.165410187,296.0,0.0,0.0,0.0,1.0,1
22,95.0,4.938486566,302.0,0.0,1.0,0.0,0.0,1
22,95.0,6.698275399,278.0,0.0,1.0,0.0,0.0,1
22,92.0,9.814452454,358.0,0.0,0.0,0.0,1.0,1
25,95.0,9.987371503,317.0,0.0,0.0,1.0,0.0,0
24,90.0,16.56585884,317.0,1.0,0.0,0.0,0.0,1
25,95.0,15.85228317,315.0,0.0,0.0,0.0,1.0,0
25,87.5,13.80304952,331.0,1.0,0.0,0.0,0.0,1
24,95.0,12.83585424,304.0,0.0,0.0,0.0,1.0,0
24,95.0,19.10462223,283.0,1.0,0.0,0.0,0.0,0
26,90.0,21.08316911,389.0,1.0,0.0,0.0,0.0,1
23,95.0,12.83585424,355.0,0.0,0.0,1.0,0.0,1
23,91.0,8.264637967,367.0,0.0,0.0,0.0,1.0,1
22,87.5,6.869873736,269.0,0.0,1.0,0.0,0.0,1
24,90.0,16.74896501,314.0,1.0,0.0,0.0,0.0,1
24,95.0,12.62144823,256.0,1.0,0.0,0.0,0.0,0
24,95.0,16.38466179,364.0,0.0,0.0,0.0,1.0,0
25,95.0,9.814452454,340.0,0.0,0.0,1.0,0.0,0
23,90.0,12.76402932,335.0,0.0,0.0,0.0,1.0,1
25,95.0,10.10404473,296.0,0.0,0.0,1.0,0.0,0
25,95.0,11.14266773,316.0,0.0,0.0,1.0,0.0,0
23,95.0,15.00096563,253.0,0.0,1.0,0.0,0.0,0
22,95.0,6.613669965,243.0,0.0,1.0,0.0,0.0,1
25,95.0,15.42113219,392.0,0.0,0.0,0.0,1.0,0
25,95.0,9.8718154,298.0,0.0,0.0,1.0,0.0,0
25,95.0,13.57421101,405.0,0.0,0.0,1.0,0.0,0
22,95.0,7.000692513,337.0,0.0,1.0,0.0,0.0,1
24,95.0,15.50647254,372.0,0.0,1.0,0.0,0.0,0
24,95.0,15.76515749,457.0,0.0,1.0,0.0,0.0,0
22,93.0,13.80304952,351.0,0.0,0.0,0.0,1.0,1
25,95.0,9.757364232,327.0,0.0,0.0,1.0,0.0,0
23,95.0,6.242557594,250.0,0.0,1.0,0.0,0.0,1
23,95.0,16.74896501,207.0,0.0,1.0,0.0,0.0,0
23,95.0,4.570643409,337.0,0.0,1.0,0.0,0.0,1
26,94.0,6.655874013,397.0,0.0,0.0,0.0,1.0,1
23,95.0,12.76402932,340.0,0.0,0.0,1.0,0.0,1
23,90.0,12.62144823,314.0,0.0,0.0,0.0,1.0,1
23,91.0,10.64323454,370.0,0.0,0.0,0.0,1.0,1
23,91.0,13.3488037,332.0,0.0,0.0,0.0,1.0,1
22,95.0,6.122270991,254.0,0.0,1.0,0.0,0.0,1
25,95.0,12.90803823,301.0,0.0,0.0,0.0,1.0,0
25,95.0,15.42113219,321.0,0.0,0.0,0.0,1.0,0
22,95.0,7.133358572,290.0,0.0,1.0,0.0,0.0,1
26,94.0,15.00096563,303.0,1.0,0.0,0.0,0.0,1
23,95.0,6.364536513,251.0,0.0,1.0,0.0,0.0,1
24,95.0,14.19224347,322.0,0.0,0.0,1.0,0.0,1
22,95.0,9.147105109,390.0,0.0,1.0,0.0,0.0,1
24,95.0,15.33623116,371.0,0.0,1.0,0.0,0.0,0
24,91.0,16.84124175,313.0,1.0,0.0,0.0,0.0,1
23,95.0,15.00096563,218.0,0.0,1.0,0.0,0.0,0
23,95.0,4.802535216,350.0,0.0,1.0,0.0,0.0,1
23,95.0,12.27113269,320.0,0.0,0.0,1.0,0.0,1
25,95.0,14.35070581,401.0,0.0,0.0,1.0,0.0,0
23,95.0,15.00096563,254.0,0.0,1.0,0.0,0.0,0
22,92.0,12.69256136,323.0,0.0,0.0,1.0,0.0,1
22,95.0,12.83585424,318.0,0.0,0.0,1.0,0.0,1
25,95.0,15.50647254,386.0,0.0,0.0,0.0,1.0,0
21,94.0,9.255689372,392.0,0.0,1.0,0.0,0.0,1
24,95.0,19.31496687,282.0,1.0,0.0,0.0,0.0,0
22,95.0,12.55068787,331.0,0.0,0.0,1.0,0.0,1
24,95.0,12.41021712,254.0,1.0,0.0,0.0,0.0,0
25,95.0,10.16280412,361.0,0.0,0.0,1.0,0.0,0
26,90.0,7.0889296,408.0,0.0,0.0,0.0,1.0,1
24,89.0,13.42356205,387.0,0.0,0.0,0.0,1.0,1
22,87.5,12.48027818,335.0,0.0,0.0,1.0,0.0,1
25,89.0,19.85095108,301.0,1.0,0.0,0.0,0.0,1
22,95.0,6.783674055,256.0,0.0,1.0,0.0,0.0,1
26,93.0,14.51078894,298.0,1.0,0.0,0.0,0.0,1
24,90.0,13.05349201,326.0,0.0,0.0,0.0,1.0,1
25,89.0,20.29041491,386.0,1.0,0.0,0.0,0.0,1
24,95.0,14.75399666,316.0,0.0,0.0,0.0,1.0,0
22,92.0,9.757364232,362.0,0.0,0.0,0.0,1.0,1
23,95.0,15.00096563,370.0,0.0,1.0,0.0,0.0,0
23,90.0,12.69256136,313.0,0.0,0.0,0.0,1.0,1
22,95.0,12.41021712,334.0,0.0,0.0,1.0,0.0,1
24,95.0,14.91822038,365.0,0.0,1.0,0.0,0.0,0
24,95.0,12.90803823,184.5,1.0,0.0,0.0,0.0,0
24,95.0,14.03538213,305.0,0.0,0.0,1.0,0.0,1
25,95.0,13.95754575,368.0,0.0,0.0,0.0,1.0,0
25,95.0,15.08413665,380.0,0.0,0.0,0.0,1.0,0
23,92.0,10.16280412,352.0,0.0,0.0,0.0,1.0,1
24,87.5,16.56585884,463.0,0.0,0.0,0.0,1.0,1
25,95.0,10.22184745,360.0,0.0,0.0,1.0,0.0,0
24,95.0,13.42356205,251.0,1.0,0.0,0.0,0.0,0
22,90.0,13.20040797,332.0,0.0,0.0,0.0,1.0,1
25,89.0,20.62641439,384.0,1.0,0.0,0.0,0.0,1
24,95.0,20.62641439,314.0,1.0,0.0,0.0,0.0,1
23,89.0,6.956882353,272.0,0.0,0.0,0.0,1.0,1
23,92.0,10.10404473,356.0,0.0,0.0,0.0,1.0,1
24,95.0,11.862037,372.0,0.0,0.0,0.0,1.0,1
23,95.0,16.93400512,248.0,0.0,1.0,0.0,0.0,0
25,95.0,15.33623116,320.0,0.0,0.0,0.0,1.0,0
24,95.0,12.76402932,250.0,1.0,0.0,0.0,0.0,0
23,95.0,4.735505087,336.0,0.0,1.0,0.0,0.0,1
23,95.0,15.76515749,252.0,0.0,1.0,0.0,0.0,0
22,95.0,10.10404473,192.0,0.0,1.0,0.0,0.0,1
23,87.5,12.76402932,337.0,0.0,0.0,1.0,0.0,1
26,90.0,19.42099897,399.0,1.0,0.0,0.0,0.0,1
24,95.0,14.19224347,352.0,0.0,0.0,1.0,0.0,1
25,95.0,10.89052217,302.0,0.0,0.0,1.0,0.0,0
25,87.5,13.65010619,334.0,1.0,0.0,0.0,0.0,1
23,88.0,7.730278953,298.0,0.0,0.0,0.0,1.0,1
24,95.0,12.62144823,248.0,1.0,0.0,0.0,0.0,0
25,95.0,9.929454577,316.0,0.0,0.0,1.0,0.0,0
23,89.0,7.000692513,230.0,0.0,0.0,0.0,1.0,1
25,95.0,11.07916988,294.0,0.0,0.0,1.0,0.0,0
26,90.0,18.69070341,402.0,1.0,0.0,0.0,0.0,1
23,95.0,18.58861217,358.0,0.0,1.0,0.0,0.0,0
23,95.0,16.20534945,256.0,0.0,1.0,0.0,0.0,0
23,95.0,16.74896501,241.0,0.0,1.0,0.0,0.0,0
22,95.0,7.636059339,348.0,0.0,1.0,0.0,0.0,1
24,95.0,14.83589827,369.0,0.0,1.0,0.0,0.0,0
26,95.0,17.5009837,313.0,1.0,0.0,0.0,0.0,1
24,95.0,17.88911347,259.0,1.0,0.0,0.0,0.0,0
24,87.5,17.59724365,470.0,0.0,0.0,0.0,1.0,1
25,95.0,9.814452454,328.0,0.0,0.0,1.0,0.0,0
23,95.0,5.042126986,354.0,0.0,1.0,0.0,0.0,1
25,95.0,13.95754575,401.0,0.0,0.0,1.0,0.0,0
22,92.0,9.531728808,350.0,0.0,0.0,0.0,1.0,1
25,95.0,10.16280412,438.0,0.0,0.0,1.0,0.0,0
23,95.0,15.25176672,246.0,0.0,1.0,0.0,0.0,0
24,95.0,16.84124175,247.0,1.0,0.0,0.0,0.0,0
25,95.0,12.76402932,304.0,0.0,0.0,0.0,1.0,0
23,95.0,14.75399666,373.0,0.0,1.0,0.0,0.0,0
22,95.0,8.214906999,184.5,0.0,1.0,0.0,0.0,1
24,95.0,13.95754575,321.0,0.0,0.0,1.0,0.0,1
22,92.0,9.757364232,351.0,0.0,0.0,0.0,1.0,1
25,95.0,12.90803823,380.0,0.0,0.0,0.0,1.0,0
24,95.0,15.59225501,452.0,0.0,1.0,0.0,0.0,0
22,89.0,12.69256136,324.0,0.0,0.0,1.0,0.0,1
25,95.0,7.777721829,203.0,0.0,0.0,0.0,1.0,1
26,95.0,17.12100442,309.0,1.0,0.0,0.0,0.0,1
23,89.0,7.542720421,299.0,0.0,0.0,0.0,1.0,1
24,87.5,13.72638492,346.0,1.0,0.0,0.0,0.0,1
22,95.0,12.76402932,322.0,0.0,0.0,1.0,0.0,1
22,95.0,5.182587061,300.0,0.0,1.0,0.0,0.0,1
22,95.0,6.242557594,251.0,0.0,1.0,0.0,0.0,1
22,87.5,12.76402932,336.0,0.0,0.0,1.0,0.0,1
25,89.0,19.63480231,377.0,1.0,0.0,0.0,0.0,1
25,95.0,10.64323454,451.0,0.0,0.0,1.0,0.0,0
24,89.0,13.3488037,410.0,0.0,0.0,0.0,1.0,1
23,95.0,20.06947764,363.0,0.0,1.0,0.0,0.0,0
24,95.0,14.67251295,379.0,0.0,1.0,0.0,0.0,0
24,95.0,19.31496687,300.0,1.0,0.0,0.0,0.0,0
23,95.0,16.65717174,203.0,0.0,1.0,0.0,0.0,0
25,89.0,18.38606989,389.0,1.0,0.0,0.0,0.0,1
24,95.0,19.63480231,273.0,0.0,1.0,0.0,0.0,0
24,95.0,12.90803823,306.0,0.0,0.0,0.0,1.0,0
23,95.0,4.972872478,343.0,0.0,1.0,0.0,0.0,1
22,95.0,12.83585424,324.0,0.0,0.0,1.0,0.0,1
25,95.0,10.16280412,287.0,0.0,0.0,1.0,0.0,0
24,95.0,12.98058343,300.0,0.0,0.0,0.0,1.0,0
22,95.0,8.31460431,382.0,0.0,1.0,0.0,0.0,1
24,95.0,16.20534945,373.0,0.0,1.0,0.0,0.0,0
24,95.0,11.99705843,288.0,0.0,0.0,0.0,1.0,0
23,95.0,14.51078894,393.0,0.0,1.0,0.0,0.0,0
24,95.0,12.34050263,253.0,1.0,0.0,0.0,0.0,0
22,94.0,12.48027818,351.0,0.0,0.0,0.0,1.0,1
23,95.0,8.671063387,184.5,0.0,1.0,0.0,0.0,1
23,87.5,12.48027818,338.0,0.0,0.0,1.0,0.0,1
23,95.0,12.48027818,339.0,0.0,0.0,1.0,0.0,1
23,95.0,17.02725828,246.0,0.0,1.0,0.0,0.0,0
22,95.0,4.802535216,289.0,0.0,1.0,0.0,0.0,1
24,95.0,14.67251295,373.0,0.0,0.0,0.0,1.0,0
24,95.0,16.38466179,350.0,0.0,0.0,0.0,1.0,0
23,95.0,12.83585424,315.0,0.0,0.0,1.0,0.0,1
23,95.0,12.69256136,353.0,0.0,0.0,1.0,0.0,1
24,95.0,14.75399666,379.0,0.0,1.0,0.0,0.0,0
25,95.0,9.929454577,295.0,0.0,0.0,1.0,0.0,0
23,89.0,9.201267821,313.0,0.0,0.0,0.0,1.0,1
25,95.0,16.29477154,274.0,1.0,0.0,0.0,0.0,0
23,95.0,8.264637967,184.5,0.0,1.0,0.0,0.0,1
24,95.0,15.00096563,382.0,0.0,1.0,0.0,0.0,0
23,95.0,19.95991509,329.0,0.0,1.0,0.0,0.0,0
23,95.0,19.85095108,322.0,0.0,1.0,0.0,0.0,0
22,95.0,8.827487661,382.0,0.0,1.0,0.0,0.0,1
23,91.0,8.31460431,364.0,0.0,0.0,0.0,1.0,1
22,95.0,7.873279406,184.5,0.0,1.0,0.0,0.0,1
23,95.0,19.63480231,354.0,0.0,1.0,0.0,0.0,0
26,87.5,18.38606989,386.0,1.0,0.0,0.0,0.0,1
22,90.0,12.90803823,328.0,0.0,0.0,0.0,1.0,1
23,95.0,7.969740423,184.5,0.0,1.0,0.0,0.0,1
23,88.0,7.873279406,298.0,0.0,0.0,0.0,1.0,1
23,95.0,5.007419045,353.0,0.0,1.0,0.0,0.0,1
24,89.0,8.0671142,290.0,0.0,0.0,0.0,1.0,1
24,95.0,15.16773612,374.0,0.0,1.0,0.0,0.0,0
25,95.0,12.83585424,378.0,0.0,0.0,0.0,1.0,0
22,95.0,7.496378442,302.0,0.0,1.0,0.0,0.0,1
23,95.0,15.50647254,250.0,0.0,1.0,0.0,0.0,0
24,95.0,12.13341843,256.0,1.0,0.0,0.0,0.0,0
25,95.0,14.75399666,261.0,1.0,0.0,0.0,0.0,0
22,95.0,12.83585424,338.0,0.0,0.0,1.0,0.0,1
22,95.0,4.570643409,345.0,0.0,1.0,0.0,0.0,1
26,94.0,15.59225501,300.0,1.0,0.0,0.0,0.0,1
24,95.0,15.42113219,379.0,0.0,1.0,0.0,0.0,0
26,94.0,6.323687334,398.0,0.0,0.0,0.0,1.0,1
25,95.0,13.57421101,251.0,1.0,0.0,0.0,0.0,0
24,95.0,12.48027818,250.0,1.0,0.0,0.0,0.0,0
24,95.0,12.69256136,257.0,1.0,0.0,0.0,0.0,0
26,91.0,20.40179801,296.0,1.0,0.0,0.0,0.0,1
25,95.0,13.3488037,383.0,0.0,0.0,0.0,1.0,0
25,90.0,20.06947764,296.0,1.0,0.0,0.0,0.0,1
24,95.0,19.00030193,264.0,1.0,0.0,0.0,0.0,0
23,88.0,7.0889296,291.0,0.0,0.0,0.0,1.0,1
24,95.0,12.41021712,247.0,1.0,0.0,0.0,0.0,0
25,95.0,16.47502321,360.0,0.0,0.0,0.0,1.0,0
23,95.0,19.95991509,354.0,0.0,1.0,0.0,0.0,0
25,95.0,15.50647254,378.0,0.0,0.0,0.0,1.0,0
24,95.0,15.00096563,371.0,0.0,1.0,0.0,0.0,0
25,95.0,9.929454577,339.0,0.0,0.0,1.0,0.0,0
26,87.5,8.264637967,403.0,0.0,0.0,0.0,1.0,1
23,89.0,7.683058499,298.0,0.0,0.0,0.0,1.0,1
25,95.0,16.11639251,184.5,1.0,0.0,0.0,0.0,0
26,95.0,21.55018992,297.0,1.0,0.0,0.0,0.0,1
26,90.0,20.62641439,303.0,1.0,0.0,0.0,0.0,1
25,95.0,15.08413665,384.0,0.0,0.0,0.0,1.0,0
25,95.0,11.14266773,323.0,0.0,0.0,1.0,0.0,0
24,95.0,16.56585884,368.0,0.0,0.0,0.0,1.0,0
26,90.0,18.69070341,388.0,1.0,0.0,0.0,0.0,1
24,95.0,16.47502321,369.0,0.0,0.0,0.0,1.0,0
23,95.0,4.938486566,358.0,0.0,1.0,0.0,0.0,1
25,87.5,13.65010619,349.0,1.0,0.0,0.0,0.0,1
22,95.0,9.093199852,385.0,0.0,1.0,0.0,0.0,1
23,95.0,5.50835179,313.0,0.0,1.0,0.0,0.0,1
24,95.0,12.76402932,254.0,1.0,0.0,0.0,0.0,0
24,89.0,12.90803823,331.0,0.0,0.0,0.0,1.0,1
24,95.0,20.51379641,476.5,1.0,0.0,0.0,0.0,0
25,95.0,12.98058343,368.0,0.0,0.0,0.0,1.0,0
22,95.0,12.98058343,321.0,0.0,0.0,1.0,0.0,1
22,95.0,6.162179985,241.0,0.0,1.0,0.0,0.0,1
24,95.0,16.56585884,348.0,0.0,0.0,0.0,1.0,0
25,95.0,10.22184745,435.0,0.0,0.0,1.0,0.0,0
26,91.0,18.7933463,395.0,1.0,0.0,0.0,0.0,1
23,89.0,8.465927903,312.0,0.0,0.0,0.0,1.0,1
24,95.0,12.27113269,437.0,0.0,0.0,1.0,0.0,0
24,95.0,13.88010234,331.0,0.0,0.0,1.0,0.0,1
24,95.0,12.83585424,368.0,0.0,0.0,0.0,1.0,0
25,95.0,14.27127328,372.0,0.0,0.0,0.0,1.0,0
25,92.0,6.529850053,400.0,0.0,0.0,0.0,1.0,1
23,89.0,8.165410187,298.0,0.0,0.0,0.0,1.0,1
23,93.0,4.570643409,336.0,0.0,1.0,0.0,0.0,1
23,95.0,14.75399666,316.0,0.0,0.0,0.0,1.0,0
22,95.0,6.571662296,253.0,0.0,1.0,0.0,0.0,1
23,89.0,8.018312629,292.0,0.0,0.0,0.0,1.0,1
24,95.0,14.19224347,344.0,0.0,0.0,1.0,0.0,1
23,91.0,9.8718154,362.0,0.0,0.0,0.0,1.0,1
23,91.0,10.64323454,346.0,0.0,0.0,0.0,1.0,1
24,95.0,12.27113269,409.0,0.0,0.0,1.0,0.0,0
24,95.0,16.93400512,246.0,1.0,0.0,0.0,0.0,0
25,95.0,15.85228317,316.0,0.0,0.0,0.0,1.0,0
23,95.0,12.20210529,334.0,0.0,0.0,1.0,0.0,1
25,87.5,13.57421101,341.0,1.0,0.0,0.0,0.0,1
25,95.0,7.730278953,201.0,0.0,0.0,0.0,1.0,1
24,95.0,12.83585424,303.0,0.0,0.0,0.0,1.0,0
23,95.0,4.636126276,331.0,0.0,1.0,0.0,0.0,1
24,95.0,14.91822038,362.0,0.0,1.0,0.0,0.0,0
23,88.0,7.542720421,297.0,0.0,0.0,0.0,1.0,1
25,95.0,10.34079221,295.0,0.0,0.0,1.0,0.0,0
25,95.0,10.58215896,293.0,0.0,0.0,1.0,0.0,0
22,95.0,13.49869706,330.0,0.0,0.0,1.0,0.0,1
25,95.0,15.42113219,408.0,0.0,0.0,0.0,1.0,0
24,89.0,13.65010619,408.0,0.0,0.0,0.0,1.0,1
25,95.0,12.62144823,305.0,0.0,0.0,0.0,1.0,0
25,95.0,11.20647613,293.0,0.0,0.0,1.0,0.0,0
23,95.0,16.11639251,349.0,0.0,1.0,0.0,0.0,0
25,95.0,13.88010234,374.0,0.0,0.0,0.0,1.0,0
23,95.0,15.93986231,243.0,0.0,1.0,0.0,0.0,0
25,95.0,12.13341843,410.0,0.0,0.0,1.0,0.0,0
24,95.0,11.862037,369.0,0.0,0.0,0.0,1.0,1
24,95.0,14.1136139,330.0,0.0,0.0,1.0,0.0,1
22,95.0,12.13341843,231.0,0.0,1.0,0.0,0.0,1
23,95.0,16.02789778,259.0,0.0,1.0,0.0,0.0,0
23,89.0,8.264637967,300.0,0.0,0.0,0.0,1.0,1
23,95.0,19.63480231,344.0,0.0,1.0,0.0,0.0,0
23,88.0,7.589280351,297.0,0.0,0.0,0.0,1.0,1
25,95.0,13.95754575,390.0,0.0,0.0,0.0,1.0,0
25,95.0,15.25176672,319.0,0.0,0.0,0.0,1.0,0
26,94.0,15.50647254,309.0,1.0,0.0,0.0,0.0,1
23,92.0,9.644005982,358.0,0.0,0.0,0.0,1.0,1
24,87.5,7.683058499,396.0,0.0,0.0,0.0,1.0,1
22,95.0,13.20040797,325.0,0.0,0.0,1.0,0.0,1
26,90.0,20.29041491,380.0,1.0,0.0,0.0,0.0,1
24,95.0,15.33623116,376.0,0.0,1.0,0.0,0.0,0
25,95.0,9.814452454,344.0,0.0,0.0,1.0,0.0,0
23,95.0,12.20210529,333.0,0.0,0.0,1.0,0.0,1
24,95.0,15.50647254,249.0,0.0,1.0,0.0,0.0,0
25,95.0,11.72833871,357.0,0.0,0.0,1.0,0.0,0
22,94.0,13.57421101,352.0,0.0,0.0,0.0,1.0,1
26,95.0,17.40523312,309.0,1.0,0.0,0.0,0.0,1
25,87.5,14.43054353,328.0,1.0,0.0,0.0,0.0,1
25,95.0,13.57421101,370.0,0.0,0.0,0.0,1.0,0
24,95.0,13.57421101,264.0,1.0,0.0,0.0,0.0,0
22,95.0,7.921396405,184.5,0.0,1.0,0.0,0.0,1
23,95.0,12.48027818,327.0,0.0,0.0,1.0,0.0,1
22,92.0,9.814452454,350.0,0.0,0.0,0.0,1.0,1
24,95.0,11.20647613,350.0,0.0,0.0,0.0,1.0,1
26,91.0,18.58861217,390.0,1.0,0.0,0.0,0.0,1
25,95.0,12.98058343,379.0,0.0,0.0,0.0,1.0,0
23,95.0,14.83589827,383.0,0.0,1.0,0.0,0.0,0
25,95.0,11.01598084,313.0,0.0,0.0,1.0,0.0,0
25,95.0,11.14266773,306.0,0.0,0.0,1.0,0.0,0
25,95.0,13.12676612,369.0,0.0,0.0,0.0,1.0,0
22,87.5,12.76402932,334.0,0.0,0.0,1.0,0.0,1
23,95.0,17.5009837,403.0,0.0,1.0,0.0,0.0,0
22,95.0,4.802535216,345.0,0.0,1.0,0.0,0.0,1
22,95.0,12.62144823,333.0,0.0,0.0,1.0,0.0,1
24,95.0,12.27113269,438.0,0.0,0.0,1.0,0.0,0
23,95.0,4.870193845,347.0,0.0,1.0,0.0,0.0,1
24,94.0,11.59594835,363.0,0.0,0.0,0.0,1.0,1
22,95.0,12.98058343,330.0,0.0,0.0,1.0,0.0,1
22,87.5,12.69256136,335.0,0.0,0.0,1.0,0.0,1
24,95.0,15.00096563,402.0,0.0,1.0,0.0,0.0,0
22,95.0,12.98058343,338.0,0.0,0.0,1.0,0.0,1
25,95.0,14.67251295,184.5,1.0,0.0,0.0,0.0,0
23,95.0,12.34050263,333.0,0.0,0.0,1.0,0.0,1
25,95.0,11.14266773,455.0,0.0,0.0,1.0,0.0,0
24,95.0,16.02789778,342.0,0.0,0.0,0.0,1.0,0
23,95.0,19.63480231,345.0,0.0,1.0,0.0,0.0,0
23,95.0,15.42113219,458.0,0.0,1.0,0.0,0.0,0
26,95.0,16.84124175,309.0,1.0,0.0,0.0,0.0,1
24,95.0,16.47502321,217.0,0.0,1.0,0.0,0.0,0
26,87.5,8.018312629,397.0,0.0,0.0,0.0,1.0,1
23,95.0,19.95991509,360.0,0.0,1.0,0.0,0.0,0
23,95.0,14.67251295,389.0,0.0,1.0,0.0,0.0,0
22,95.0,4.570643409,360.0,0.0,1.0,0.0,0.0,1
24,95.0,16.47502321,203.0,0.0,1.0,0.0,0.0,0
23,95.0,14.83589827,392.0,0.0,1.0,0.0,0.0,0
24,95.0,15.59225501,400.0,0.0,1.0,0.0,0.0,0
25,95.0,10.58215896,448.0,0.0,0.0,1.0,0.0,0
23,95.0,19.85095108,348.0,0.0,1.0,0.0,0.0,0
24,95.0,13.88010234,401.0,0.0,0.0,1.0,0.0,0
23,91.0,13.20040797,331.0,0.0,0.0,0.0,1.0,1
23,88.0,7.636059339,291.0,0.0,0.0,0.0,1.0,1
24,95.0,17.21524677,242.0,1.0,0.0,0.0,0.0,0
24,95.0,14.75399666,364.0,0.0,1.0,0.0,0.0,0
24,95.0,12.06507013,184.5,1.0,0.0,0.0,0.0,0
24,90.0,12.76402932,332.0,0.0,0.0,0.0,1.0,1
22,94.0,7.636059339,300.0,0.0,1.0,0.0,0.0,1
23,95.0,15.00096563,364.0,0.0,1.0,0.0,0.0,0
24,95.0,16.84124175,251.0,1.0,0.0,0.0,0.0,0
24,95.0,14.1136139,318.0,0.0,0.0,1.0,0.0,1
23,87.5,16.11639251,256.0,0.0,1.0,0.0,0.0,0
25,95.0,9.929454577,297.0,0.0,0.0,1.0,0.0,0
23,95.0,12.34050263,330.0,0.0,0.0,1.0,0.0,1
24,95.0,14.83589827,400.0,0.0,1.0,0.0,0.0,0
23,90.0,12.48027818,317.0,0.0,0.0,0.0,1.0,1
26,93.0,6.571662296,396.0,0.0,0.0,0.0,1.0,1
22,95.0,8.31460431,375.0,0.0,1.0,0.0,0.0,1
26,95.0,17.5009837,315.0,1.0,0.0,0.0,0.0,1
25,95.0,11.72833871,412.0,0.0,0.0,1.0,0.0,0
24,95.0,17.02725828,204.0,0.0,1.0,0.0,0.0,0
25,92.0,6.446808067,407.0,0.0,0.0,0.0,1.0,1
23,95.0,16.29477154,256.0,0.0,1.0,0.0,0.0,0
24,95.0,14.35070581,382.0,0.0,0.0,0.0,1.0,0
24,89.0,8.165410187,288.0,0.0,0.0,0.0,1.0,1
24,95.0,19.63480231,305.0,1.0,0.0,0.0,0.0,0
24,95.0,12.76402932,257.0,1.0,0.0,0.0,0.0,0
23,89.0,8.018312629,298.0,0.0,0.0,0.0,1.0,1
22,95.0,12.76402932,334.0,0.0,0.0,1.0,0.0,1
26,95.0,21.19895059,404.0,1.0,0.0,0.0,0.0,1
24,95.0,19.20950925,266.0,0.0,1.0,0.0,0.0,0
23,95.0,16.74896501,248.0,0.0,1.0,0.0,0.0,0
24,95.0,17.88911347,250.0,1.0,0.0,0.0,0.0,0
26,87.5,8.018312629,399.0,0.0,0.0,0.0,1.0,1
22,95.0,6.162179985,237.0,0.0,1.0,0.0,0.0,1
23,95.0,5.398243871,349.0,0.0,1.0,0.0,0.0,1
23,95.0,17.40523312,258.0,0.0,1.0,0.0,0.0,0
22,95.0,8.214906999,374.0,0.0,1.0,0.0,0.0,1
24,95.0,12.69256136,250.0,1.0,0.0,0.0,0.0,0
23,95.0,14.91822038,250.0,0.0,1.0,0.0,0.0,0
22,91.0,13.27441976,331.0,0.0,0.0,0.0,1.0,1
24,95.0,14.75399666,386.0,0.0,1.0,0.0,0.0,0
24,95.0,14.19224347,340.0,0.0,0.0,1.0,0.0,1
22,95.0,7.496378442,376.0,0.0,1.0,0.0,0.0,1
24,95.0,14.83589827,420.0,0.0,1.0,0.0,0.0,0
24,95.0,9.587732994,425.0,0.0,0.0,0.0,1.0,1
23,88.0,7.969740423,289.0,0.0,0.0,0.0,1.0,1
25,95.0,10.10404473,299.0,0.0,0.0,1.0,0.0,0
24,89.0,13.57421101,396.0,0.0,0.0,0.0,1.0,1
22,92.0,12.48027818,338.0,0.0,0.0,1.0,0.0,1
22,95.0,12.69256136,321.0,0.0,0.0,1.0,0.0,1
22,87.5,12.69256136,331.0,0.0,0.0,1.0,0.0,1
24,93.0,11.01598084,381.0,0.0,0.0,0.0,1.0,1
24,95.0,15.93986231,376.0,0.0,1.0,0.0,0.0,0
25,87.5,12.62144823,341.0,1.0,0.0,0.0,0.0,1
26,90.0,20.40179801,300.0,1.0,0.0,0.0,0.0,1
24,95.0,15.33623116,250.0,0.0,1.0,0.0,0.0,0
24,95.0,12.83585424,184.5,1.0,0.0,0.0,0.0,0
24,95.0,22.64005869,184.5,1.0,0.0,0.0,0.0,0
22,95.0,5.042126986,352.0,0.0,1.0,0.0,0.0,1
25,95.0,10.04556771,293.0,0.0,0.0,1.0,0.0,0
25,95.0,9.814452454,345.0,0.0,0.0,1.0,0.0,0
25,95.0,16.20534945,266.0,1.0,0.0,0.0,0.0,0
23,92.0,10.46089174,355.0,0.0,0.0,0.0,1.0,1
24,87.5,14.19224347,336.0,1.0,0.0,0.0,0.0,1
24,95.0,18.08630257,251.0,1.0,0.0,0.0,0.0,0
22,95.0,6.162179985,242.0,0.0,1.0,0.0,0.0,1
24,95.0,16.47502321,256.0,1.0,0.0,0.0,0.0,0
26,94.0,6.364536513,391.0,0.0,0.0,0.0,1.0,1
24,87.5,7.825388265,397.0,0.0,0.0,0.0,1.0,1
24,95.0,13.3488037,245.0,1.0,0.0,0.0,0.0,0
26,90.0,20.17964285,376.0,1.0,0.0,0.0,0.0,1
23,95.0,13.05349201,335.0,0.0,0.0,1.0,0.0,1
23,95.0,14.83589827,362.0,0.0,1.0,0.0,0.0,0
26,90.0,19.42099897,388.0,1.0,0.0,0.0,0.0,1
23,88.0,7.636059339,297.0,0.0,0.0,0.0,1.0,1
23,95.0,19.95991509,357.0,0.0,1.0,0.0,0.0,0
23,95.0,8.88012605,184.5,0.0,1.0,0.0,0.0,1
26,90.0,19.31496687,385.0,1.0,0.0,0.0,0.0,1
22,95.0,7.450253315,300.0,0.0,1.0,0.0,0.0,1
22,95.0,10.46089174,198.0,0.0,1.0,0.0,0.0,1
23,95.0,16.11639251,332.0,0.0,1.0,0.0,0.0,0
24,95.0,11.01598084,442.0,0.0,0.0,1.0,0.0,0
25,95.0,13.72638492,372.0,0.0,0.0,0.0,1.0,0
23,90.0,12.98058343,332.0,0.0,0.0,0.0,1.0,1
24,95.0,16.65717174,392.0,0.0,1.0,0.0,0.0,0
25,95.0,10.10404473,300.0,0.0,0.0,1.0,0.0,0
24,95.0,13.20040797,212.0,1.0,0.0,0.0,0.0,0
23,89.0,7.000692513,299.0,0.0,0.0,0.0,1.0,1
25,95.0,11.14266773,450.0,0.0,0.0,1.0,0.0,0
24,90.0,12.90803823,333.0,0.0,0.0,0.0,1.0,1
22,95.0,8.165410187,184.5,0.0,1.0,0.0,0.0,1
26,90.0,6.826673276,393.0,0.0,0.0,0.0,1.0,1
25,95.0,16.20534945,263.0,1.0,0.0,0.0,0.0,0
22,95.0,6.529850053,251.0,0.0,1.0,0.0,0.0,1
23,89.0,8.018312629,300.0,0.0,0.0,0.0,1.0,1
22,95.0,12.69256136,323.0,0.0,0.0,1.0,0.0,1
23,95.0,8.465927903,184.5,0.0,1.0,0.0,0.0,1
25,95.0,16.38466179,265.0,1.0,0.0,0.0,0.0,0
25,95.0,11.39978246,294.0,0.0,0.0,1.0,0.0,0
25,95.0,11.07916988,320.0,0.0,0.0,1.0,0.0,0
24,95.0,14.35070581,309.0,0.0,0.0,0.0,1.0,0
26,94.0,15.25176672,301.0,1.0,0.0,0.0,0.0,1
22,95.0,12.27113269,340.0,0.0,0.0,1.0,0.0,1
23,95.0,14.83589827,443.0,0.0,1.0,0.0,0.0,0
23,89.0,7.542720421,294.0,0.0,0.0,0.0,1.0,1
24,95.0,12.90803823,253.0,1.0,0.0,0.0,0.0,0
24,95.0,14.19224347,329.0,0.0,0.0,1.0,0.0,1
25,88.0,19.10462223,381.0,1.0,0.0,0.0,0.0,1
23,95.0,19.63480231,343.0,0.0,1.0,0.0,0.0,0
25,89.0,20.29041491,379.0,1.0,0.0,0.0,0.0,1
22,92.0,10.10404473,353.0,0.0,0.0,0.0,1.0,1
26,87.5,8.415248038,404.0,0.0,0.0,0.0,1.0,1
25,95.0,11.59594835,343.0,0.0,0.0,1.0,0.0,0
26,95.0,16.74896501,311.0,1.0,0.0,0.0,0.0,1
23,95.0,14.91822038,215.0,0.0,1.0,0.0,0.0,0
24,95.0,14.67251295,377.0,0.0,1.0,0.0,0.0,0
24,95.0,16.38466179,374.0,0.0,1.0,0.0,0.0,0
23,95.0,9.093199852,184.5,0.0,1.0,0.0,0.0,1
23,87.5,6.446808067,284.0,0.0,0.0,0.0,1.0,1
24,95.0,16.65717174,354.0,0.0,0.0,0.0,1.0,0
23,95.0,15.67848238,254.0,0.0,1.0,0.0,0.0,0
23,95.0,4.938486566,339.0,0.0,1.0,0.0,0.0,1
23,95.0,12.76402932,346.0,0.0,0.0,1.0,0.0,1
24,93.0,11.20647613,365.0,0.0,0.0,0.0,1.0,1
24,95.0,14.91822038,266.0,1.0,0.0,0.0,0.0,0
25,95.0,14.1136139,383.0,0.0,0.0,0.0,1.0,0
25,95.0,16.02789778,373.0,0.0,0.0,0.0,1.0,0
25,91.0,6.613669965,396.0,0.0,0.0,0.0,1.0,1
22,95.0,5.398243871,303.0,0.0,1.0,0.0,0.0,1
23,95.0,19.85095108,357.0,0.0,1.0,0.0,0.0,0
25,87.5,13.57421101,340.0,1.0,0.0,0.0,0.0,1
24,95.0,19.10462223,271.0,0.0,1.0,0.0,0.0,0
26,90.0,19.52760946,397.0,1.0,0.0,0.0,0.0,1
22,95.0,7.496378442,339.0,0.0,1.0,0.0,0.0,1
25,95.0,10.58215896,419.0,0.0,0.0,1.0,0.0,0
24,95.0,15.93986231,342.0,0.0,0.0,0.0,1.0,0
22,95.0,7.969740423,373.0,0.0,1.0,0.0,0.0,1
23,90.0,12.90803823,325.0,0.0,0.0,0.0,1.0,1
24,95.0,11.92938136,288.0,0.0,0.0,0.0,1.0,0
23,95.0,14.59144457,247.0,0.0,1.0,0.0,0.0,0
25,95.0,11.20647613,411.0,0.0,0.0,1.0,0.0,0
24,95.0,15.08413665,373.0,0.0,1.0,0.0,0.0,0
23,95.0,14.67251295,392.0,0.0,1.0,0.0,0.0,0
22,95.0,13.3488037,334.0,0.0,0.0,1.0,0.0,1
23,88.0,7.542720421,290.0,0.0,0.0,0.0,1.0,1
23,95.0,11.46485093,390.0,0.0,1.0,0.0,0.0,1
24,95.0,19.00030193,266.0,0.0,1.0,0.0,0.0,0
25,87.5,13.42356205,353.0,1.0,0.0,0.0,0.0,1
24,95.0,14.67251295,371.0,0.0,1.0,0.0,0.0,0
24,95.0,16.84124175,391.0,0.0,1.0,0.0,0.0,0
24,90.0,8.165410187,288.0,0.0,0.0,0.0,1.0,1
22,95.0,8.933015125,184.5,0.0,1.0,0.0,0.0,1
23,95.0,19.52760946,277.0,0.0,1.0,0.0,0.0,0
24,95.0,15.42113219,377.0,0.0,1.0,0.0,0.0,0
24,95.0,14.1136139,310.0,0.0,0.0,1.0,0.0,1
24,87.5,8.116146322,403.0,0.0,0.0,0.0,1.0,1
24,95.0,16.56585884,201.0,0.0,1.0,0.0,0.0,0
25,95.0,10.82824911,305.0,0.0,0.0,1.0,0.0,0
24,95.0,11.92938136,361.0,0.0,0.0,0.0,1.0,1
23,95.0,8.0671142,184.5,0.0,1.0,0.0,0.0,1
23,95.0,19.85095108,353.0,0.0,1.0,0.0,0.0,0
24,87.5,13.72638492,347.0,1.0,0.0,0.0,0.0,1
23,95.0,20.17964285,347.0,0.0,1.0,0.0,0.0,0
23,93.0,11.99705843,353.0,0.0,0.0,0.0,1.0,1
24,95.0,16.29477154,344.0,0.0,0.0,0.0,1.0,0
23,95.0,19.74258151,360.0,0.0,1.0,0.0,0.0,0
25,95.0,4.768941936,406.0,0.0,0.0,1.0,0.0,0
22,95.0,8.31460431,394.0,0.0,1.0,0.0,0.0,1
25,95.0,13.12676612,375.0,0.0,0.0,0.0,1.0,0
22,95.0,4.802535216,300.0,0.0,1.0,0.0,0.0,1
24,95.0,14.59144457,381.0,0.0,1.0,0.0,0.0,0
26,94.0,14.03538213,303.0,1.0,0.0,0.0,0.0,1
23,95.0,14.91822038,214.0,0.0,1.0,0.0,0.0,0
24,87.5,8.018312629,394.0,0.0,0.0,0.0,1.0,1
25,95.0,12.62144823,301.0,0.0,0.0,0.0,1.0,0
26,95.0,17.79130513,316.0,1.0,0.0,0.0,0.0,1
23,91.0,8.31460431,366.0,0.0,0.0,0.0,1.0,1
26,89.0,6.783674055,401.0,0.0,0.0,0.0,1.0,1
23,95.0,4.505770041,334.0,0.0,1.0,0.0,0.0,1
23,95.0,14.75399666,431.0,0.0,1.0,0.0,0.0,0
25,89.0,19.00030193,388.0,1.0,0.0,0.0,0.0,1
26,90.0,19.74258151,379.0,1.0,0.0,0.0,0.0,1
23,95.0,12.83585424,337.0,0.0,0.0,1.0,0.0,1
25,95.0,11.14266773,295.0,0.0,0.0,1.0,0.0,0
25,95.0,16.56585884,359.0,0.0,0.0,0.0,1.0,0
23,95.0,12.41021712,330.0,0.0,0.0,1.0,0.0,1
23,87.5,5.042126986,358.0,0.0,1.0,0.0,0.0,1
24,90.0,8.116146322,289.0,0.0,0.0,0.0,1.0,1
26,90.0,19.95991509,304.0,1.0,0.0,0.0,0.0,1
25,95.0,14.27127328,409.0,0.0,0.0,1.0,0.0,0
24,95.0,15.25176672,372.0,0.0,1.0,0.0,0.0,0
22,93.0,12.76402932,321.0,0.0,0.0,1.0,0.0,1
24,95.0,17.40523312,398.0,0.0,1.0,0.0,0.0,0
23,95.0,11.01598084,390.0,0.0,1.0,0.0,0.0,1
22,95.0,6.956882353,286.0,0.0,1.0,0.0,0.0,1
24,95.0,14.83589827,399.0,0.0,1.0,0.0,0.0,0
23,95.0,15.76515749,254.0,0.0,1.0,0.0,0.0,0
22,95.0,5.657573759,313.0,0.0,1.0,0.0,0.0,1
25,95.0,9.8718154,319.0,0.0,0.0,1.0,0.0,0
22,95.0,5.50835179,256.0,0.0,1.0,0.0,0.0,1
23,95.0,12.55068787,323.0,0.0,0.0,1.0,0.0,1
23,95.0,14.75399666,392.0,0.0,1.0,0.0,0.0,0
23,95.0,5.147226326,324.0,0.0,1.0,0.0,0.0,1
23,91.0,8.214906999,365.0,0.0,0.0,0.0,1.0,1
26,89.0,6.740875089,399.0,0.0,0.0,0.0,1.0,1
23,87.5,12.55068787,347.0,0.0,0.0,1.0,0.0,1
26,94.0,15.00096563,300.0,1.0,0.0,0.0,0.0,1
26,92.0,6.571662296,395.0,0.0,0.0,0.0,1.0,1
24,95.0,12.06507013,293.0,0.0,0.0,0.0,1.0,0
23,89.0,12.69256136,355.0,0.0,0.0,0.0,1.0,1
23,91.0,8.364807255,366.0,0.0,0.0,0.0,1.0,1
24,95.0,12.13341843,250.0,1.0,0.0,0.0,0.0,0
23,95.0,19.74258151,325.0,0.0,1.0,0.0,0.0,0
23,92.0,9.987371503,351.0,0.0,0.0,0.0,1.0,1
24,95.0,13.05349201,306.0,0.0,0.0,0.0,1.0,0
24,95.0,11.07916988,362.0,0.0,0.0,0.0,1.0,1
23,88.0,7.267899623,284.0,0.0,0.0,0.0,1.0,1
25,95.0,10.76627794,315.0,0.0,0.0,1.0,0.0,0
25,87.5,13.49869706,344.0,1.0,0.0,0.0,0.0,1
26,90.0,19.52760946,392.0,1.0,0.0,0.0,0.0,1
25,95.0,18.38606989,271.0,1.0,0.0,0.0,0.0,1
23,89.0,12.48027818,317.0,0.0,0.0,0.0,1.0,1
22,93.0,7.267899623,306.0,0.0,1.0,0.0,0.0,1
26,94.0,6.655874013,390.0,0.0,0.0,0.0,1.0,1
24,95.0,14.91822038,351.0,0.0,1.0,0.0,0.0,0
22,95.0,4.570643409,339.0,0.0,1.0,0.0,0.0,1
24,95.0,11.92938136,368.0,0.0,0.0,0.0,1.0,1
24,95.0,14.67251295,391.0,0.0,1.0,0.0,0.0,0
25,95.0,10.04556771,303.0,0.0,0.0,1.0,0.0,0
25,95.0,15.50647254,313.0,0.0,0.0,0.0,1.0,0
23,95.0,14.75399666,394.0,0.0,1.0,0.0,0.0,0
23,95.0,12.83585424,343.0,0.0,0.0,1.0,0.0,1
26,91.0,7.044707922,385.0,0.0,0.0,0.0,1.0,1
23,95.0,6.571662296,251.0,0.0,1.0,0.0,0.0,1
23,91.0,13.05349201,323.0,0.0,0.0,0.0,1.0,1
24,95.0,17.79130513,252.0,1.0,0.0,0.0,0.0,0
22,95.0,5.620007507,309.0,0.0,1.0,0.0,0.0,1
24,95.0,16.56585884,375.0,0.0,0.0,0.0,1.0,0
24,95.0,15.93986231,383.0,0.0,1.0,0.0,0.0,0
24,95.0,12.34050263,258.0,1.0,0.0,0.0,0.0,0
24,95.0,19.74258151,315.0,1.0,0.0,0.0,0.0,1
26,94.0,15.00096563,304.0,1.0,0.0,0.0,0.0,1
26,87.5,7.825388265,389.0,0.0,0.0,0.0,1.0,1
25,87.5,13.3488037,352.0,1.0,0.0,0.0,0.0,1
25,95.0,7.730278953,198.0,0.0,0.0,0.0,1.0,1
24,95.0,12.13341843,437.0,0.0,0.0,1.0,0.0,0
24,95.0,14.75399666,321.0,0.0,0.0,0.0,1.0,0
22,95.0,4.870193845,329.0,0.0,1.0,0.0,0.0,1
24,95.0,11.79502342,288.0,0.0,0.0,0.0,1.0,0
24,95.0,9.587732994,419.0,0.0,0.0,0.0,1.0,1
24,95.0,12.76402932,256.0,1.0,0.0,0.0,0.0,0
22,95.0,12.20210529,335.0,0.0,0.0,1.0,0.0,1
24,95.0,16.20534945,351.0,0.0,0.0,0.0,1.0,0
22,95.0,12.41021712,342.0,0.0,0.0,1.0,0.0,1
25,95.0,11.14266773,414.0,0.0,0.0,1.0,0.0,0
23,92.0,10.70460698,357.0,0.0,0.0,0.0,1.0,1
24,95.0,12.90803823,300.0,0.0,0.0,0.0,1.0,0
24,95.0,16.38466179,358.0,0.0,0.0,0.0,1.0,0
24,95.0,15.85228317,343.0,0.0,0.0,0.0,1.0,0
23,95.0,15.00096563,397.0,0.0,1.0,0.0,0.0,0
23,95.0,17.40523312,396.0,0.0,1.0,0.0,0.0,0
24,87.5,14.27127328,343.0,1.0,0.0,0.0,0.0,1
26,95.0,15.08413665,310.0,1.0,0.0,0.0,0.0,1
24,95.0,13.88010234,342.0,0.0,0.0,1.0,0.0,1
23,95.0,15.93986231,260.0,0.0,1.0,0.0,0.0,0
22,95.0,5.771326913,266.0,0.0,1.0,0.0,0.0,1
22,95.0,12.55068787,336.0,0.0,0.0,1.0,0.0,1
22,95.0,4.972872478,339.0,0.0,1.0,0.0,0.0,1
25,95.0,13.12676612,379.0,0.0,0.0,0.0,1.0,0
25,95.0,10.70460698,422.0,0.0,0.0,1.0,0.0,0
23,95.0,8.116146322,184.5,0.0,1.0,0.0,0.0,1
23,95.0,15.93986231,258.0,0.0,1.0,0.0,0.0,0
24,95.0,16.11639251,256.0,0.0,1.0,0.0,0.0,0
25,95.0,12.83585424,383.0,0.0,0.0,0.0,1.0,0
23,95.0,19.63480231,342.0,0.0,1.0,0.0,0.0,0
22,95.0,5.182587061,298.0,0.0,1.0,0.0,0.0,1
25,95.0,11.53023895,319.0,0.0,0.0,1.0,0.0,0
23,95.0,15.42113219,254.0,0.0,1.0,0.0,0.0,0
23,95.0,14.59144457,399.0,0.0,1.0,0.0,0.0,0
22,94.0,12.76402932,333.0,0.0,0.0,1.0,0.0,1
24,95.0,14.83589827,356.0,0.0,1.0,0.0,0.0,0
23,95.0,20.06947764,351.0,0.0,1.0,0.0,0.0,0
23,88.0,7.589280351,292.0,0.0,0.0,0.0,1.0,1
23,87.5,12.62144823,340.0,0.0,0.0,1.0,0.0,1
26,90.0,19.42099897,378.0,1.0,0.0,0.0,0.0,1
24,95.0,19.20950925,307.0,1.0,0.0,0.0,0.0,0
24,91.0,16.65717174,312.0,1.0,0.0,0.0,0.0,1
24,90.0,12.41021712,328.0,0.0,0.0,0.0,1.0,1
22,95.0,8.165410187,376.0,0.0,1.0,0.0,0.0,1
23,95.0,7.0889296,290.0,0.0,1.0,0.0,0.0,1
23,95.0,14.59144457,218.0,0.0,1.0,0.0,0.0,0
22,93.0,12.76402932,349.0,0.0,0.0,0.0,1.0,1
22,92.0,9.814452454,349.0,0.0,0.0,0.0,1.0,1
23,89.0,7.404343951,314.0,0.0,0.0,0.0,1.0,1
24,95.0,18.69070341,267.0,1.0,0.0,0.0,0.0,0
24,95.0,14.1136139,305.0,0.0,0.0,1.0,0.0,1
23,95.0,15.25176672,443.0,0.0,1.0,0.0,0.0,0
23,89.0,8.88012605,315.0,0.0,0.0,0.0,1.0,1
24,95.0,12.83585424,299.0,0.0,0.0,0.0,1.0,0
23,95.0,4.870193845,343.0,0.0,1.0,0.0,0.0,1
23,95.0,12.90803823,339.0,0.0,0.0,1.0,0.0,1
25,95.0,15.33623116,318.0,0.0,0.0,0.0,1.0,0
23,95.0,15.76515749,253.0,0.0,1.0,0.0,0.0,0
24,88.0,10.64323454,243.0,0.0,0.0,0.0,1.0,1
22,87.5,12.20210529,332.0,0.0,0.0,1.0,0.0,1
26,90.0,19.10462223,377.0,1.0,0.0,0.0,0.0,1
22,95.0,7.404343951,363.0,0.0,1.0,0.0,0.0,1
23,95.0,8.415248038,184.5,0.0,1.0,0.0,0.0,1
22,92.0,10.89052217,352.0,0.0,0.0,0.0,1.0,1
24,95.0,18.58861217,250.0,1.0,0.0,0.0,0.0,0
25,95.0,10.40069682,294.0,0.0,0.0,1.0,0.0,0
22,95.0,13.05349201,335.0,0.0,0.0,1.0,0.0,1
22,95.0,5.182587061,297.0,0.0,1.0,0.0,0.0,1
23,89.0,8.31460431,311.0,0.0,0.0,0.0,1.0,1
24,95.0,12.98058343,382.0,0.0,0.0,0.0,1.0,0
24,95.0,12.20210529,253.0,1.0,0.0,0.0,0.0,0
22,87.5,12.62144823,347.0,0.0,0.0,1.0,0.0,1
26,89.0,6.869873736,406.0,0.0,0.0,0.0,1.0,1
22,95.0,7.450253315,352.0,0.0,1.0,0.0,0.0,1
22,92.0,10.46089174,355.0,0.0,0.0,0.0,1.0,1
24,95.0,14.19224347,319.0,0.0,0.0,1.0,0.0,1
23,95.0,12.34050263,328.0,0.0,0.0,1.0,0.0,1
25,95.0,15.59225501,385.0,0.0,0.0,0.0,1.0,0
22,95.0,7.921396405,189.0,0.0,1.0,0.0,0.0,1
26,95.0,17.59724365,316.0,1.0,0.0,0.0,0.0,1
22,95.0,4.972872478,289.0,0.0,1.0,0.0,0.0,1
22,95.0,6.003652649,246.0,0.0,1.0,0.0,0.0,1
24,95.0,16.29477154,251.0,1.0,0.0,0.0,0.0,0
25,87.5,13.65010619,350.0,1.0,0.0,0.0,0.0,1
23,95.0,15.85228317,256.0,0.0,1.0,0.0,0.0,0
23,95.0,17.30998858,396.0,0.0,1.0,0.0,0.0,0
24,95.0,16.20534945,369.0,0.0,0.0,0.0,1.0,0
23,90.0,12.06507013,331.0,0.0,0.0,0.0,1.0,1
25,89.0,20.29041491,302.0,1.0,0.0,0.0,0.0,1
26,91.0,6.826673276,394.0,0.0,0.0,0.0,1.0,1
25,95.0,12.83585424,367.0,0.0,0.0,0.0,1.0,0
23,95.0,13.57421101,352.0,0.0,0.0,1.0,0.0,1
22,95.0,7.825388265,184.5,0.0,1.0,0.0,0.0,1
25,95.0,10.82824911,403.0,0.0,0.0,1.0,0.0,0
23,95.0,13.3488037,367.0,0.0,0.0,1.0,0.0,1
24,95.0,11.66198098,284.0,0.0,0.0,0.0,1.0,0
24,95.0,15.93986231,460.0,0.0,1.0,0.0,0.0,0
26,95.0,17.12100442,313.0,1.0,0.0,0.0,0.0,1
25,95.0,15.50647254,380.0,0.0,0.0,0.0,1.0,0
24,95.0,14.91822038,369.0,0.0,1.0,0.0,0.0,0
23,92.0,9.644005982,355.0,0.0,0.0,0.0,1.0,1
23,90.0,12.76402932,321.0,0.0,0.0,0.0,1.0,1
23,87.5,6.405576451,289.0,0.0,0.0,0.0,1.0,1
24,88.0,15.00096563,323.0,1.0,0.0,0.0,0.0,1
23,95.0,16.47502321,247.0,0.0,1.0,0.0,0.0,0
25,95.0,10.95309884,306.0,0.0,0.0,1.0,0.0,0
23,88.0,8.31460431,305.0,0.0,0.0,0.0,1.0,1
27,87.5,8.214906999,410.0,0.0,0.0,0.0,1.0,1
26,95.0,17.12100442,318.0,1.0,0.0,0.0,0.0,1
22,95.0,9.310371154,184.5,0.0,1.0,0.0,0.0,1
25,95.0,11.33503171,336.0,0.0,0.0,1.0,0.0,0
23,87.5,12.62144823,341.0,0.0,0.0,1.0,0.0,1
24,88.0,10.58215896,242.0,0.0,0.0,0.0,1.0,1
24,95.0,14.03538213,311.0,0.0,0.0,1.0,0.0,1
23,95.0,14.67251295,211.0,0.0,1.0,0.0,0.0,0
23,93.0,12.76402932,346.0,0.0,0.0,1.0,0.0,1
22,94.0,12.20210529,344.0,0.0,0.0,0.0,1.0,1
24,95.0,16.65717174,357.0,0.0,0.0,0.0,1.0,0
25,92.0,6.571662296,407.0,0.0,0.0,0.0,1.0,1
22,95.0,7.589280351,377.0,0.0,1.0,0.0,0.0,1
23,90.0,12.76402932,347.0,0.0,0.0,1.0,0.0,1
22,95.0,8.671063387,386.0,0.0,1.0,0.0,0.0,1
24,95.0,15.00096563,392.0,0.0,1.0,0.0,0.0,0
23,89.0,12.98058343,330.0,0.0,0.0,0.0,1.0,1
22,95.0,7.730278953,366.0,0.0,1.0,0.0,0.0,1
22,92.0,13.95754575,337.0,0.0,0.0,0.0,1.0,1
22,95.0,7.542720421,350.0,0.0,1.0,0.0,0.0,1
24,95.0,14.19224347,307.0,0.0,0.0,1.0,0.0,1
24,95.0,15.42113219,376.0,0.0,1.0,0.0,0.0,0
23,95.0,19.74258151,278.0,0.0,1.0,0.0,0.0,0
25,95.0,12.90803823,372.0,0.0,0.0,0.0,1.0,0
23,95.0,4.802535216,340.0,0.0,1.0,0.0,0.0,1
23,90.0,10.64323454,353.0,0.0,0.0,0.0,1.0,1
23,95.0,9.644005982,188.0,0.0,1.0,0.0,0.0,1
22,95.0,9.8718154,193.0,0.0,1.0,0.0,0.0,1
24,95.0,15.08413665,397.0,0.0,1.0,0.0,0.0,0
24,95.0,16.93400512,252.0,1.0,0.0,0.0,0.0,0
23,95.0,13.95754575,215.0,0.0,1.0,0.0,0.0,0
25,95.0,15.33623116,324.0,0.0,0.0,0.0,1.0,0
24,95.0,14.1136139,316.0,0.0,0.0,1.0,0.0,1
25,95.0,11.01598084,412.0,0.0,0.0,1.0,0.0,0
25,95.0,9.8718154,347.0,0.0,0.0,1.0,0.0,0
23,95.0,16.56585884,248.0,0.0,1.0,0.0,0.0,0
22,95.0,12.62144823,321.0,0.0,0.0,1.0,0.0,1
23,95.0,13.20040797,354.0,0.0,0.0,1.0,0.0,1
23,95.0,12.20210529,328.0,0.0,0.0,1.0,0.0,1
23,95.0,9.8718154,184.5,0.0,1.0,0.0,0.0,1
25,87.5,13.95754575,333.0,1.0,0.0,0.0,0.0,1
26,93.0,13.95754575,300.0,1.0,0.0,0.0,0.0,1
26,90.0,20.06947764,303.0,1.0,0.0,0.0,0.0,1
26,90.0,19.63480231,371.0,1.0,0.0,0.0,0.0,1
22,87.5,12.34050263,331.0,0.0,0.0,1.0,0.0,1
24,95.0,19.20950925,299.0,1.0,0.0,0.0,0.0,0
22,92.0,13.80304952,326.0,0.0,0.0,0.0,1.0,1
23,95.0,19.63480231,275.0,0.0,1.0,0.0,0.0,0
24,95.0,14.83589827,315.0,0.0,0.0,0.0,1.0,0
22,92.0,12.69256136,324.0,0.0,0.0,1.0,0.0,1
25,95.0,10.10404473,445.0,0.0,0.0,1.0,0.0,0
25,89.0,19.74258151,228.0,1.0,0.0,0.0,0.0,1
23,95.0,19.85095108,356.0,0.0,1.0,0.0,0.0,0
25,95.0,9.987371503,309.0,0.0,0.0,1.0,0.0,0
25,95.0,10.34079221,367.0,0.0,0.0,1.0,0.0,0
22,95.0,4.47356027,331.0,0.0,1.0,0.0,0.0,1
22,92.0,10.40069682,361.0,0.0,0.0,0.0,1.0,1
23,95.0,12.34050263,327.0,0.0,0.0,1.0,0.0,1
26,87.5,18.58861217,393.0,1.0,0.0,0.0,0.0,1
23,95.0,17.21524677,392.0,0.0,1.0,0.0,0.0,0
23,95.0,19.85095108,360.0,0.0,1.0,0.0,0.0,0
25,87.5,14.1136139,326.0,1.0,0.0,0.0,0.0,1
23,95.0,4.802535216,332.0,0.0,1.0,0.0,0.0,1
23,89.0,7.730278953,297.0,0.0,0.0,0.0,1.0,1
24,95.0,15.33623116,387.0,0.0,1.0,0.0,0.0,0
25,95.0,10.46089174,370.0,0.0,0.0,1.0,0.0,0
25,95.0,16.47502321,359.0,0.0,0.0,0.0,1.0,0
26,87.5,8.116146322,400.0,0.0,0.0,0.0,1.0,1
22,89.0,12.76402932,328.0,0.0,0.0,1.0,0.0,1
22,95.0,4.938486566,346.0,0.0,1.0,0.0,0.0,1
24,89.0,15.76515749,322.0,1.0,0.0,0.0,0.0,1
22,95.0,12.76402932,335.0,0.0,0.0,1.0,0.0,1
24,95.0,16.47502321,355.0,0.0,0.0,0.0,1.0,0
25,95.0,9.531728808,267.0,0.0,0.0,1.0,0.0,0
24,95.0,14.75399666,389.0,0.0,1.0,0.0,0.0,0
23,95.0,12.62144823,334.0,0.0,0.0,1.0,0.0,1
23,95.0,19.95991509,345.0,0.0,1.0,0.0,0.0,0
23,87.5,12.48027818,341.0,0.0,0.0,1.0,0.0,1
22,93.0,11.79502342,350.0,0.0,0.0,0.0,1.0,1
22,95.0,5.112029894,337.0,0.0,1.0,0.0,0.0,1
24,95.0,12.55068787,254.0,1.0,0.0,0.0,0.0,0
22,95.0,7.825388265,296.0,0.0,1.0,0.0,0.0,1
22,95.0,7.404343951,302.0,0.0,1.0,0.0,0.0,1
23,95.0,14.51078894,367.0,0.0,1.0,0.0,0.0,0
22,90.0,12.90803823,333.0,0.0,0.0,1.0,0.0,1
25,95.0,14.83589827,303.0,0.0,0.0,0.0,1.0,0
24,95.0,19.31496687,184.5,1.0,0.0,0.0,0.0,0
23,95.0,8.264637967,184.5,0.0,1.0,0.0,0.0,1
24,93.0,11.20647613,379.0,0.0,0.0,0.0,1.0,1
23,89.0,8.31460431,298.0,0.0,0.0,0.0,1.0,1
22,95.0,6.571662296,260.0,0.0,1.0,0.0,0.0,1
23,87.5,12.62144823,322.0,0.0,0.0,1.0,0.0,1
25,87.5,13.80304952,332.0,1.0,0.0,0.0,0.0,1
26,91.0,6.740875089,408.0,0.0,0.0,0.0,1.0,1
25,91.0,6.529850053,391.0,0.0,0.0,0.0,1.0,1
23,95.0,14.67251295,385.0,0.0,1.0,0.0,0.0,0
25,90.0,20.40179801,299.0,1.0,0.0,0.0,0.0,1
24,95.0,17.21524677,257.0,1.0,0.0,0.0,0.0,0
23,95.0,5.112029894,328.0,0.0,1.0,0.0,0.0,1
23,89.0,12.69256136,332.0,0.0,0.0,0.0,1.0,1
24,94.0,11.66198098,375.0,0.0,0.0,0.0,1.0,1
22,95.0,7.496378442,380.0,0.0,1.0,0.0,0.0,1
23,95.0,14.83589827,369.0,0.0,1.0,0.0,0.0,0
25,87.5,12.27113269,352.0,1.0,0.0,0.0,0.0,1
24,95.0,14.03538213,322.0,0.0,0.0,1.0,0.0,1
22,95.0,8.214906999,184.5,0.0,1.0,0.0,0.0,1
24,95.0,13.80304952,386.0,0.0,0.0,0.0,1.0,0
23,95.0,4.904260592,357.0,0.0,1.0,0.0,0.0,1
22,95.0,4.904260592,350.0,0.0,1.0,0.0,0.0,1
22,92.0,10.16280412,363.0,0.0,0.0,0.0,1.0,1
25,95.0,11.66198098,435.0,0.0,0.0,1.0,0.0,0
23,95.0,19.63480231,349.0,0.0,1.0,0.0,0.0,0
25,95.0,9.757364232,328.0,0.0,0.0,1.0,0.0,0
26,87.5,7.683058499,401.0,0.0,0.0,0.0,1.0,1
23,90.0,13.27441976,334.0,0.0,0.0,0.0,1.0,1
24,95.0,15.42113219,366.0,0.0,1.0,0.0,0.0,0
22,95.0,7.496378442,361.0,0.0,1.0,0.0,0.0,1
22,95.0,6.869873736,293.0,0.0,1.0,0.0,0.0,1
26,90.0,18.7933463,394.0,1.0,0.0,0.0,0.0,1
26,90.0,20.17964285,394.0,1.0,0.0,0.0,0.0,1
22,95.0,7.450253315,297.0,0.0,1.0,0.0,0.0,1
23,95.0,19.74258151,333.0,0.0,1.0,0.0,0.0,0
23,95.0,13.12676612,333.0,0.0,0.0,1.0,0.0,1
24,95.0,12.27113269,253.0,1.0,0.0,0.0,0.0,0
23,95.0,15.93986231,253.0,0.0,1.0,0.0,0.0,0
24,95.0,14.83589827,368.0,0.0,1.0,0.0,0.0,0
25,95.0,15.50647254,310.0,0.0,0.0,0.0,1.0,0
22,95.0,7.496378442,370.0,0.0,1.0,0.0,0.0,1
26,87.5,8.31460431,399.0,0.0,0.0,0.0,1.0,1
22,95.0,6.869873736,290.0,0.0,1.0,0.0,0.0,1
23,95.0,4.669097938,348.0,0.0,1.0,0.0,0.0,1
23,95.0,15.50647254,401.0,0.0,1.0,0.0,0.0,0
25,95.0,12.98058343,365.0,0.0,0.0,0.0,1.0,0
22,95.0,8.722957641,184.5,0.0,1.0,0.0,0.0,1
23,95.0,4.836285621,363.0,0.0,1.0,0.0,0.0,1
25,95.0,11.46485093,313.0,0.0,0.0,1.0,0.0,0
25,87.5,13.88010234,339.0,1.0,0.0,0.0,0.0,1
25,95.0,13.65010619,368.0,0.0,0.0,0.0,1.0,0
26,93.0,6.655874013,391.0,0.0,0.0,0.0,1.0,1
25,95.0,11.39978246,317.0,0.0,0.0,1.0,0.0,0
24,95.0,13.27441976,255.0,1.0,0.0,0.0,0.0,0
24,95.0,13.88010234,324.0,0.0,0.0,1.0,0.0,1
22,95.0,4.441500903,328.0,0.0,1.0,0.0,0.0,1
25,87.5,13.49869706,337.0,1.0,0.0,0.0,0.0,1
23,95.0,20.17964285,324.0,0.0,1.0,0.0,0.0,0
23,87.5,6.364536513,287.0,0.0,0.0,0.0,1.0,1
26,92.0,6.740875089,391.0,0.0,0.0,0.0,1.0,1
23,95.0,6.698275399,250.0,0.0,1.0,0.0,0.0,1
24,95.0,11.99705843,409.0,0.0,0.0,1.0,0.0,0
22,95.0,12.34050263,324.0,0.0,0.0,1.0,0.0,1
24,95.0,13.65010619,254.0,1.0,0.0,0.0,0.0,0
25,95.0,13.57421101,371.0,0.0,0.0,0.0,1.0,0
22,95.0,6.446808067,245.0,0.0,1.0,0.0,0.0,1
25,95.0,13.05349201,405.0,0.0,0.0,1.0,0.0,0
22,91.0,13.20040797,336.0,0.0,0.0,1.0,0.0,1
22,95.0,9.644005982,372.0,0.0,1.0,0.0,0.0,1
26,94.0,14.43054353,306.0,1.0,0.0,0.0,0.0,1
23,95.0,12.76402932,318.0,0.0,0.0,1.0,0.0,1
23,93.0,11.07916988,390.0,0.0,0.0,0.0,1.0,1
23,90.0,13.05349201,327.0,0.0,0.0,0.0,1.0,1
23,89.0,12.83585424,311.0,0.0,0.0,0.0,1.0,1
22,95.0,12.62144823,332.0,0.0,0.0,1.0,0.0,1
23,95.0,19.42099897,336.0,0.0,1.0,0.0,0.0,0
26,94.0,14.67251295,303.0,1.0,0.0,0.0,0.0,1
23,95.0,4.938486566,345.0,0.0,1.0,0.0,0.0,1
23,87.5,12.62144823,327.0,0.0,0.0,1.0,0.0,1
22,92.0,9.987371503,351.0,0.0,0.0,0.0,1.0,1
23,91.0,13.49869706,338.0,0.0,0.0,0.0,1.0,1
24,95.0,12.55068787,256.0,1.0,0.0,0.0,0.0,0
24,88.0,14.67251295,327.0,1.0,0.0,0.0,0.0,1
24,95.0,12.34050263,184.5,1.0,0.0,0.0,0.0,0
24,95.0,12.48027818,184.5,1.0,0.0,0.0,0.0,0
22,95.0,12.27113269,335.0,0.0,0.0,1.0,0.0,1
25,95.0,13.65010619,402.0,0.0,0.0,1.0,0.0,0
23,95.0,4.346218774,345.0,0.0,1.0,0.0,0.0,1
24,95.0,14.91822038,366.0,0.0,1.0,0.0,0.0,0
24,95.0,14.91822038,396.0,0.0,1.0,0.0,0.0,0
25,95.0,13.80304952,385.0,0.0,0.0,0.0,1.0,0
22,92.0,10.16280412,360.0,0.0,0.0,0.0,1.0,1
22,95.0,8.116146322,184.5,0.0,1.0,0.0,0.0,1
22,92.0,9.700549236,353.0,0.0,0.0,0.0,1.0,1
24,95.0,16.56585884,251.0,1.0,0.0,0.0,0.0,0
22,95.0,13.49869706,339.0,0.0,0.0,1.0,0.0,1
22,95.0,5.886678992,251.0,0.0,1.0,0.0,0.0,1
23,95.0,4.47356027,335.0,0.0,1.0,0.0,0.0,1
23,95.0,19.52760946,342.0,0.0,1.0,0.0,0.0,0
25,95.0,11.14266773,300.0,0.0,0.0,1.0,0.0,0
26,95.0,14.1136139,300.0,1.0,0.0,0.0,0.0,1
23,89.0,7.358649263,287.0,0.0,0.0,0.0,1.0,1
24,89.0,13.88010234,399.0,0.0,0.0,0.0,1.0,1
26,95.0,16.93400512,310.0,1.0,0.0,0.0,0.0,1
23,95.0,13.12676612,368.0,0.0,0.0,1.0,0.0,1
25,95.0,12.83585424,387.0,0.0,0.0,0.0,1.0,0
23,91.0,8.364807255,367.0,0.0,0.0,0.0,1.0,1
23,95.0,12.62144823,326.0,0.0,0.0,1.0,0.0,1
24,95.0,18.89654455,285.0,1.0,0.0,0.0,0.0,0
25,95.0,14.19224347,377.0,0.0,0.0,0.0,1.0,0
24,87.5,13.72638492,345.0,1.0,0.0,0.0,0.0,1
24,90.0,16.74896501,315.0,1.0,0.0,0.0,0.0,1
23,95.0,4.802535216,342.0,0.0,1.0,0.0,0.0,1
26,90.0,18.7933463,398.0,1.0,0.0,0.0,0.0,1
23,89.0,7.404343951,308.0,0.0,0.0,0.0,1.0,1
25,95.0,14.35070581,404.0,0.0,0.0,1.0,0.0,0
23,89.0,8.364807255,299.0,0.0,0.0,0.0,1.0,1
23,95.0,20.06947764,347.0,0.0,1.0,0.0,0.0,0
26,95.0,13.88010234,305.0,1.0,0.0,0.0,0.0,1
24,95.0,14.91822038,315.0,0.0,0.0,0.0,1.0,0
22,92.0,13.95754575,325.0,0.0,0.0,0.0,1.0,1
26,95.0,17.59724365,315.0,1.0,0.0,0.0,0.0,1
26,94.0,15.25176672,306.0,1.0,0.0,0.0,0.0,1
25,95.0,8.415248038,442.0,0.0,0.0,1.0,0.0,0
24,95.0,9.531728808,414.0,0.0,0.0,0.0,1.0,1
23,89.0,7.0889296,293.0,0.0,0.0,0.0,1.0,1
23,95.0,14.67251295,212.0,0.0,1.0,0.0,0.0,0
24,95.0,9.644005982,418.0,0.0,0.0,0.0,1.0,1
25,93.0,6.48823229,391.0,0.0,0.0,0.0,1.0,1
24,95.0,13.05349201,258.0,1.0,0.0,0.0,0.0,0
22,92.0,11.20647613,354.0,0.0,0.0,0.0,1.0,1
24,95.0,14.75399666,438.0,0.0,1.0,0.0,0.0,0
24,95.0,15.25176672,385.0,0.0,1.0,0.0,0.0,0
23,95.0,8.0671142,184.5,0.0,1.0,0.0,0.0,1
22,87.5,6.869873736,294.0,0.0,1.0,0.0,0.0,1
23,95.0,14.75399666,407.0,0.0,1.0,0.0,0.0,0
23,95.0,19.85095108,341.0,0.0,1.0,0.0,0.0,0
25,95.0,12.20210529,439.0,0.0,0.0,1.0,0.0,0
23,95.0,5.182587061,351.0,0.0,1.0,0.0,0.0,1
25,87.5,13.72638492,341.0,1.0,0.0,0.0,0.0,1
23,91.0,8.31460431,377.0,0.0,0.0,0.0,1.0,1
23,90.0,12.83585424,319.0,0.0,0.0,0.0,1.0,1
24,90.0,8.264637967,289.0,0.0,0.0,0.0,1.0,1
23,95.0,12.69256136,327.0,0.0,0.0,1.0,0.0,1
22,95.0,4.870193845,352.0,0.0,1.0,0.0,0.0,1
24,89.0,12.98058343,336.0,0.0,0.0,0.0,1.0,1
22,95.0,6.529850053,254.0,0.0,1.0,0.0,0.0,1
22,95.0,8.214906999,184.5,0.0,1.0,0.0,0.0,1
22,91.0,10.16280412,360.0,0.0,0.0,0.0,1.0,1
24,95.0,14.59144457,378.0,0.0,1.0,0.0,0.0,0
26,89.0,19.63480231,392.0,1.0,0.0,0.0,0.0,1
25,95.0,9.987371503,297.0,0.0,0.0,1.0,0.0,0
22,95.0,5.582615631,248.0,0.0,1.0,0.0,0.0,1
23,89.0,7.636059339,292.0,0.0,0.0,0.0,1.0,1
26,90.0,19.63480231,377.0,1.0,0.0,0.0,0.0,1
25,95.0,15.67848238,318.0,0.0,0.0,0.0,1.0,0
22,95.0,7.825388265,382.0,0.0,1.0,0.0,0.0,1
22,95.0,8.214906999,369.0,0.0,1.0,0.0,0.0,1
24,95.0,13.12676612,370.0,0.0,0.0,0.0,1.0,0
24,95.0,15.67848238,251.0,0.0,1.0,0.0,0.0,0
25,95.0,14.51078894,376.0,0.0,0.0,0.0,1.0,0
22,91.0,13.72638492,333.0,0.0,0.0,0.0,1.0,1
23,95.0,8.465927903,184.5,0.0,1.0,0.0,0.0,1
25,95.0,14.1136139,388.0,0.0,0.0,0.0,1.0,0
26,95.0,17.30998858,315.0,1.0,0.0,0.0,0.0,1
24,95.0,16.93400512,206.0,0.0,1.0,0.0,0.0,0
25,95.0,11.14266773,293.0,0.0,0.0,1.0,0.0,0
23,90.0,12.69256136,324.0,0.0,0.0,0.0,1.0,1
26,95.0,19.85095108,382.0,1.0,0.0,0.0,0.0,1
25,95.0,15.50647254,381.0,0.0,0.0,0.0,1.0,0
24,87.5,14.03538213,340.0,1.0,0.0,0.0,0.0,1
23,87.5,12.69256136,340.0,0.0,0.0,1.0,0.0,1
24,94.0,19.10462223,317.0,1.0,0.0,0.0,0.0,1
24,95.0,11.46485093,424.0,0.0,0.0,1.0,0.0,0
24,95.0,12.20210529,362.0,0.0,0.0,0.0,1.0,1
24,95.0,12.41021712,250.0,1.0,0.0,0.0,0.0,0
25,88.0,19.52760946,381.0,1.0,0.0,0.0,0.0,1
24,90.0,8.165410187,287.0,0.0,0.0,0.0,1.0,1
24,95.0,15.25176672,375.0,0.0,1.0,0.0,0.0,0
23,95.0,16.11639251,259.0,0.0,1.0,0.0,0.0,0
24,95.0,15.50647254,451.0,0.0,1.0,0.0,0.0,0
26,90.0,19.63480231,395.0,1.0,0.0,0.0,0.0,1
24,94.0,18.89654455,266.0,0.0,1.0,0.0,0.0,0
24,87.5,7.825388265,393.0,0.0,0.0,0.0,1.0,1
23,95.0,4.47356027,338.0,0.0,1.0,0.0,0.0,1
23,89.0,7.873279406,296.0,0.0,0.0,0.0,1.0,1
23,95.0,8.31460431,184.5,0.0,1.0,0.0,0.0,1
25,95.0,16.38466179,260.0,1.0,0.0,0.0,0.0,0
23,95.0,12.76402932,333.0,0.0,0.0,1.0,0.0,1
25,95.0,10.95309884,295.0,0.0,0.0,1.0,0.0,0
26,93.0,6.571662296,402.0,0.0,0.0,0.0,1.0,1
22,95.0,12.34050263,345.0,0.0,0.0,1.0,0.0,1
25,95.0,10.22184745,369.0,0.0,0.0,1.0,0.0,0
22,95.0,5.147226326,297.0,0.0,1.0,0.0,0.0,1
24,95.0,16.84124175,244.0,1.0,0.0,0.0,0.0,0
25,95.0,7.730278953,211.0,0.0,0.0,0.0,1.0,1
22,95.0,7.589280351,290.0,0.0,1.0,0.0,0.0,1
23,95.0,8.116146322,184.5,0.0,1.0,0.0,0.0,1
24,95.0,15.16773612,363.0,0.0,1.0,0.0,0.0,0
23,95.0,5.582615631,258.0,0.0,1.0,0.0,0.0,1
25,93.0,6.405576451,397.0,0.0,0.0,0.0,1.0,1
26,89.0,19.63480231,380.0,1.0,0.0,0.0,0.0,1
25,95.0,11.46485093,424.0,0.0,0.0,1.0,0.0,0
24,95.0,14.1136139,328.0,0.0,0.0,1.0,0.0,1
22,95.0,7.044707922,341.0,0.0,1.0,0.0,0.0,1
22,94.0,13.57421101,350.0,0.0,0.0,0.0,1.0,1
26,87.5,8.116146322,413.0,0.0,0.0,0.0,1.0,1
23,95.0,15.08413665,410.0,0.0,1.0,0.0,0.0,0
23,95.0,4.47356027,339.0,0.0,1.0,0.0,0.0,1
22,92.0,11.79502342,357.0,0.0,0.0,0.0,1.0,1
23,95.0,15.16773612,450.0,0.0,1.0,0.0,0.0,0
24,95.0,17.21524677,249.0,1.0,0.0,0.0,0.0,0
23,95.0,15.08413665,216.0,0.0,1.0,0.0,0.0,0
25,88.0,15.50647254,323.0,1.0,0.0,0.0,0.0,1
26,87.5,8.0671142,421.0,0.0,0.0,0.0,1.0,1
23,90.0,12.98058343,322.0,0.0,0.0,0.0,1.0,1
22,91.0,13.27441976,328.0,0.0,0.0,0.0,1.0,1
22,92.0,12.62144823,318.0,0.0,0.0,1.0,0.0,1
22,95.0,8.116146322,368.0,0.0,1.0,0.0,0.0,1
23,87.5,12.62144823,346.0,0.0,0.0,1.0,0.0,1
23,95.0,14.75399666,432.0,0.0,1.0,0.0,0.0,0
22,95.0,9.929454577,198.0,0.0,1.0,0.0,0.0,1
26,88.0,19.00030193,381.0,1.0,0.0,0.0,0.0,1
23,88.0,7.777721829,286.0,0.0,0.0,0.0,1.0,1
22,91.0,13.3488037,328.0,0.0,0.0,0.0,1.0,1
23,95.0,15.25176672,251.0,0.0,1.0,0.0,0.0,0
24,95.0,16.84124175,254.0,1.0,0.0,0.0,0.0,0
23,95.0,16.74896501,246.0,0.0,1.0,0.0,0.0,0
24,94.0,18.58861217,316.0,1.0,0.0,0.0,0.0,1
22,95.0,7.404343951,357.0,0.0,1.0,0.0,0.0,1
24,95.0,16.84124175,256.0,1.0,0.0,0.0,0.0,0
26,87.5,18.48706888,386.0,1.0,0.0,0.0,0.0,1
24,95.0,16.84124175,246.0,1.0,0.0,0.0,0.0,0
23,92.0,11.66198098,352.0,0.0,0.0,0.0,1.0,1
24,95.0,12.98058343,402.0,0.0,0.0,1.0,0.0,0
24,95.0,16.74896501,247.0,1.0,0.0,0.0,0.0,0
25,95.0,19.42099897,378.0,1.0,0.0,0.0,0.0,1
22,93.0,12.20210529,353.0,0.0,0.0,0.0,1.0,1
23,92.0,9.644005982,364.0,0.0,0.0,0.0,1.0,1
24,95.0,15.93986231,252.0,1.0,0.0,0.0,0.0,0
24,89.0,13.05349201,397.0,0.0,0.0,0.0,1.0,1
23,95.0,19.74258151,324.0,0.0,1.0,0.0,0.0,0
24,95.0,16.11639251,255.0,0.0,1.0,0.0,0.0,0
23,95.0,12.90803823,347.0,0.0,0.0,1.0,0.0,1
23,89.0,8.264637967,304.0,0.0,0.0,0.0,1.0,1
22,94.0,13.88010234,353.0,0.0,0.0,0.0,1.0,1
26,90.0,18.69070341,396.0,1.0,0.0,0.0,0.0,1
25,95.0,16.29477154,275.0,1.0,0.0,0.0,0.0,0
24,95.0,12.83585424,302.0,0.0,0.0,0.0,1.0,0
24,95.0,14.67251295,367.0,0.0,1.0,0.0,0.0,0
24,95.0,14.1136139,320.0,0.0,0.0,1.0,0.0,1
22,95.0,9.531728808,392.0,0.0,1.0,0.0,0.0,1
25,87.5,13.3488037,349.0,1.0,0.0,0.0,0.0,1
23,95.0,17.02725828,258.0,0.0,1.0,0.0,0.0,0
25,95.0,7.636059339,206.0,0.0,0.0,0.0,1.0,1
25,95.0,15.42113219,311.0,0.0,0.0,0.0,1.0,0
22,95.0,5.695315198,304.0,0.0,1.0,0.0,0.0,1
23,89.0,7.177995872,295.0,0.0,0.0,0.0,1.0,1
23,95.0,16.38466179,331.0,0.0,1.0,0.0,0.0,0
25,95.0,9.8718154,292.0,0.0,0.0,1.0,0.0,0
25,95.0,13.3488037,408.0,0.0,0.0,1.0,0.0,0
23,89.0,7.825388265,293.0,0.0,0.0,0.0,1.0,1
26,90.0,7.0889296,403.0,0.0,0.0,0.0,1.0,1
23,95.0,20.06947764,330.0,0.0,1.0,0.0,0.0,0
26,90.0,20.40179801,397.0,1.0,0.0,0.0,0.0,1
24,90.0,13.12676612,336.0,0.0,0.0,0.0,1.0,1
23,91.0,8.31460431,376.0,0.0,0.0,0.0,1.0,1
24,95.0,16.56585884,250.0,1.0,0.0,0.0,0.0,0
22,92.0,10.04556771,348.0,0.0,0.0,0.0,1.0,1
23,95.0,6.740875089,330.0,0.0,1.0,0.0,0.0,1
24,95.0,19.42099897,308.0,1.0,0.0,0.0,0.0,0
24,90.0,11.92938136,184.5,1.0,0.0,0.0,0.0,0
24,95.0,16.11639251,341.0,0.0,0.0,0.0,1.0,0
24,95.0,14.03538213,335.0,0.0,0.0,1.0,0.0,1
22,93.0,11.72833871,356.0,0.0,0.0,0.0,1.0,1
22,95.0,12.76402932,337.0,0.0,0.0,1.0,0.0,1
22,95.0,6.698275399,264.0,0.0,1.0,0.0,0.0,1
24,95.0,13.95754575,323.0,0.0,0.0,1.0,0.0,1
25,95.0,10.82824911,452.0,0.0,0.0,1.0,0.0,0
23,95.0,16.84124175,246.0,0.0,1.0,0.0,0.0,0
22,95.0,7.000692513,354.0,0.0,1.0,0.0,0.0,1
25,95.0,9.929454577,302.0,0.0,0.0,1.0,0.0,0
23,95.0,4.802535216,347.0,0.0,1.0,0.0,0.0,1
25,95.0,7.636059339,196.0,0.0,0.0,0.0,1.0,1
23,89.0,7.267899623,306.0,0.0,0.0,0.0,1.0,1
23,92.0,10.70460698,356.0,0.0,0.0,0.0,1.0,1
23,95.0,8.775098629,190.0,0.0,1.0,0.0,0.0,1
23,89.0,7.358649263,293.0,0.0,0.0,0.0,1.0,1
25,88.0,14.83589827,320.0,1.0,0.0,0.0,0.0,1
25,89.0,20.06947764,396.0,1.0,0.0,0.0,0.0,1
25,95.0,17.88911347,352.0,1.0,0.0,0.0,0.0,1
23,87.5,5.007419045,351.0,0.0,1.0,0.0,0.0,1
25,87.5,14.27127328,334.0,1.0,0.0,0.0,0.0,1
25,95.0,9.987371503,318.0,0.0,0.0,1.0,0.0,0
23,95.0,14.43054353,216.0,0.0,1.0,0.0,0.0,0
24,95.0,14.83589827,436.0,0.0,1.0,0.0,0.0,0
24,88.0,10.76627794,244.0,0.0,0.0,0.0,1.0,1
23,92.0,9.8718154,358.0,0.0,0.0,0.0,1.0,1
22,90.0,12.98058343,333.0,0.0,0.0,0.0,1.0,1
24,95.0,13.80304952,315.0,0.0,0.0,1.0,0.0,1
25,93.0,6.48823229,406.0,0.0,0.0,0.0,1.0,1
25,89.0,19.20950925,397.0,1.0,0.0,0.0,0.0,1
24,95.0,14.03538213,307.0,0.0,0.0,1.0,0.0,1
23,95.0,12.20210529,313.0,0.0,0.0,1.0,0.0,1
23,95.0,12.76402932,332.0,0.0,0.0,1.0,0.0,1
24,95.0,16.20534945,200.0,0.0,1.0,0.0,0.0,0
23,95.0,14.75399666,429.0,0.0,1.0,0.0,0.0,0
25,95.0,11.33503171,322.0,0.0,0.0,1.0,0.0,0
25,95.0,11.27059687,321.0,0.0,0.0,1.0,0.0,0
24,95.0,12.06507013,288.0,0.0,0.0,0.0,1.0,0
23,90.0,12.83585424,325.0,0.0,0.0,0.0,1.0,1
22,95.0,8.165410187,184.5,0.0,1.0,0.0,0.0,1
22,92.0,13.20040797,336.0,0.0,0.0,1.0,0.0,1
22,89.0,12.76402932,338.0,0.0,0.0,1.0,0.0,1
23,95.0,8.364807255,184.5,0.0,1.0,0.0,0.0,1
24,95.0,16.29477154,256.0,0.0,1.0,0.0,0.0,0
25,89.0,19.00030193,383.0,1.0,0.0,0.0,0.0,1
24,95.0,19.20950925,264.0,0.0,1.0,0.0,0.0,0
25,95.0,11.07916988,312.0,0.0,0.0,1.0,0.0,0
25,95.0,11.01598084,297.0,0.0,0.0,1.0,0.0,0
22,87.5,12.69256136,329.0,0.0,0.0,1.0,0.0,1
25,95.0,7.825388265,198.0,0.0,0.0,0.0,1.0,1
23,95.0,15.67848238,456.0,0.0,1.0,0.0,0.0,0
23,95.0,19.63480231,346.0,0.0,1.0,0.0,0.0,0
23,95.0,17.30998858,248.0,0.0,1.0,0.0,0.0,0
24,89.0,15.85228317,322.0,1.0,0.0,0.0,0.0,1
22,95.0,5.964479838,270.0,0.0,1.0,0.0,0.0,1
25,87.5,8.264637967,398.0,0.0,0.0,0.0,1.0,1
24,95.0,12.98058343,251.0,1.0,0.0,0.0,0.0,0
24,95.0,16.47502321,253.0,1.0,0.0,0.0,0.0,0
22,95.0,6.826673276,259.0,0.0,1.0,0.0,0.0,1
25,95.0,7.358649263,196.0,0.0,0.0,0.0,1.0,1
24,95.0,13.05349201,300.0,0.0,0.0,0.0,1.0,0
24,95.0,13.12676612,299.0,0.0,0.0,0.0,1.0,0
23,87.5,12.48027818,326.0,0.0,0.0,1.0,0.0,1
26,87.5,9.420521035,450.0,0.0,0.0,0.0,1.0,1
22,95.0,12.55068787,328.0,0.0,0.0,1.0,0.0,1
23,89.0,12.69256136,348.0,0.0,0.0,0.0,1.0,1
24,95.0,14.19224347,320.0,0.0,0.0,1.0,0.0,1
26,95.0,16.74896501,315.0,1.0,0.0,0.0,0.0,1
23,95.0,15.76515749,401.0,0.0,1.0,0.0,0.0,0
22,95.0,6.571662296,265.0,0.0,1.0,0.0,0.0,1
24,87.5,18.58861217,457.0,0.0,0.0,0.0,1.0,1
22,93.0,11.862037,352.0,0.0,0.0,0.0,1.0,1
25,95.0,12.83585424,307.0,0.0,0.0,0.0,1.0,0
23,95.0,4.603308323,330.0,0.0,1.0,0.0,0.0,1
23,89.0,12.41021712,335.0,0.0,0.0,0.0,1.0,1
23,95.0,12.83585424,356.0,0.0,0.0,1.0,0.0,1
24,93.0,11.07916988,363.0,0.0,0.0,0.0,1.0,1
22,92.0,10.52137857,359.0,0.0,0.0,0.0,1.0,1
23,87.5,6.283027997,284.0,0.0,0.0,0.0,1.0,1
25,95.0,13.72638492,403.0,0.0,0.0,1.0,0.0,0
26,94.0,15.25176672,308.0,1.0,0.0,0.0,0.0,1
24,95.0,15.00096563,356.0,0.0,1.0,0.0,0.0,0
23,95.0,16.93400512,245.0,0.0,1.0,0.0,0.0,0
23,95.0,17.12100442,260.0,0.0,1.0,0.0,0.0,0
24,95.0,14.83589827,434.0,0.0,1.0,0.0,0.0,0
22,95.0,6.529850053,279.0,0.0,1.0,0.0,0.0,1
23,90.0,12.76402932,325.0,0.0,0.0,0.0,1.0,1
26,95.0,16.47502321,309.0,1.0,0.0,0.0,0.0,1
23,95.0,19.42099897,359.0,0.0,1.0,0.0,0.0,0
23,95.0,20.06947764,348.0,0.0,1.0,0.0,0.0,0
22,95.0,6.122270991,256.0,0.0,1.0,0.0,0.0,1
24,95.0,15.08413665,360.0,0.0,1.0,0.0,0.0,0
25,87.5,17.02725828,453.0,0.0,0.0,0.0,1.0,1
23,95.0,15.16773612,254.0,0.0,1.0,0.0,0.0,0
24,95.0,14.59144457,372.0,0.0,1.0,0.0,0.0,0
23,88.0,7.267899623,289.0,0.0,0.0,0.0,1.0,1
25,95.0,12.83585424,306.0,0.0,0.0,0.0,1.0,0
22,95.0,6.529850053,250.0,0.0,1.0,0.0,0.0,1
22,92.0,9.814452454,354.0,0.0,0.0,0.0,1.0,1
26,90.0,20.29041491,378.0,1.0,0.0,0.0,0.0,1
23,95.0,4.836285621,341.0,0.0,1.0,0.0,0.0,1
25,95.0,12.13341843,415.0,0.0,0.0,1.0,0.0,0
22,95.0,12.98058343,320.0,0.0,0.0,1.0,0.0,1
26,89.0,7.267899623,415.0,0.0,0.0,0.0,1.0,1
23,95.0,14.59144457,216.0,0.0,1.0,0.0,0.0,0
25,95.0,11.92938136,411.0,0.0,0.0,1.0,0.0,0
24,95.0,14.03538213,306.0,0.0,0.0,1.0,0.0,1
23,92.0,11.07916988,349.0,0.0,0.0,0.0,1.0,1
24,95.0,19.20950925,292.0,1.0,0.0,0.0,0.0,0
24,93.0,11.07916988,380.0,0.0,0.0,0.0,1.0,1
25,88.0,19.42099897,372.0,1.0,0.0,0.0,0.0,1
23,89.0,7.313168177,286.0,0.0,0.0,0.0,1.0,1
25,95.0,15.42113219,317.0,0.0,0.0,0.0,1.0,0
23,87.5,4.636126276,338.0,0.0,1.0,0.0,0.0,1
26,90.0,20.17964285,392.0,1.0,0.0,0.0,0.0,1
24,90.0,8.165410187,291.0,0.0,0.0,0.0,1.0,1
22,95.0,6.242557594,250.0,0.0,1.0,0.0,0.0,1
25,95.0,10.16280412,303.0,0.0,0.0,1.0,0.0,0
24,95.0,12.06507013,290.0,0.0,0.0,0.0,1.0,0
24,95.0,15.08413665,391.0,0.0,1.0,0.0,0.0,0
24,95.0,16.56585884,365.0,0.0,0.0,0.0,1.0,0
23,95.0,15.00096563,392.0,0.0,1.0,0.0,0.0,0
23,88.0,7.825388265,298.0,0.0,0.0,0.0,1.0,1
26,94.0,15.16773612,305.0,1.0,0.0,0.0,0.0,1
22,95.0,12.83585424,340.0,0.0,0.0,1.0,0.0,1
23,95.0,14.83589827,314.0,0.0,0.0,0.0,1.0,0
23,87.5,6.364536513,288.0,0.0,0.0,0.0,1.0,1
23,88.0,8.415248038,301.0,0.0,0.0,0.0,1.0,1
26,92.0,6.655874013,392.0,0.0,0.0,0.0,1.0,1
25,95.0,10.16280412,318.0,0.0,0.0,1.0,0.0,0
24,95.0,15.16773612,378.0,0.0,1.0,0.0,0.0,0
24,95.0,18.89654455,290.0,1.0,0.0,0.0,0.0,0
25,95.0,11.14266773,296.0,0.0,0.0,1.0,0.0,0
23,89.0,7.636059339,290.0,0.0,0.0,0.0,1.0,1
23,95.0,8.0671142,184.5,0.0,1.0,0.0,0.0,1
23,95.0,8.775098629,184.5,0.0,1.0,0.0,0.0,1
24,95.0,14.03538213,353.0,0.0,0.0,1.0,0.0,1
24,95.0,14.59144457,405.0,0.0,0.0,1.0,0.0,0
25,95.0,15.50647254,312.0,0.0,0.0,0.0,1.0,0
25,95.0,12.90803823,371.0,0.0,0.0,0.0,1.0,0
24,94.0,11.66198098,371.0,0.0,0.0,0.0,1.0,1
24,93.0,11.27059687,372.0,0.0,0.0,0.0,1.0,1
24,95.0,19.31496687,299.0,1.0,0.0,0.0,0.0,0
23,90.0,12.69256136,327.0,0.0,0.0,0.0,1.0,1
25,95.0,10.22184745,296.0,0.0,0.0,1.0,0.0,0
25,95.0,10.10404473,354.0,0.0,0.0,1.0,0.0,0
23,95.0,13.27441976,360.0,0.0,0.0,1.0,0.0,1
24,87.5,13.57421101,339.0,1.0,0.0,0.0,0.0,1
26,94.0,15.50647254,303.0,1.0,0.0,0.0,0.0,1
24,95.0,15.76515749,379.0,0.0,1.0,0.0,0.0,0
23,95.0,14.43054353,212.0,0.0,1.0,0.0,0.0,0
26,95.0,17.30998858,311.0,1.0,0.0,0.0,0.0,1
24,88.0,10.82824911,246.0,0.0,0.0,0.0,1.0,1
24,95.0,14.03538213,303.0,0.0,0.0,1.0,0.0,1
23,87.5,12.83585424,330.0,0.0,0.0,1.0,0.0,1
25,95.0,11.862037,430.0,0.0,0.0,1.0,0.0,0
26,90.0,19.42099897,390.0,1.0,0.0,0.0,0.0,1
23,95.0,8.516848104,184.5,0.0,1.0,0.0,0.0,1
22,95.0,12.55068787,333.0,0.0,0.0,1.0,0.0,1
25,95.0,11.01598084,300.0,0.0,0.0,1.0,0.0,0
23,95.0,12.27113269,330.0,0.0,0.0,1.0,0.0,1
25,95.0,16.29477154,262.0,1.0,0.0,0.0,0.0,0
22,91.0,13.42356205,332.0,0.0,0.0,0.0,1.0,1
26,88.0,19.10462223,384.0,1.0,0.0,0.0,0.0,1
24,95.0,14.19224347,325.0,0.0,0.0,1.0,0.0,1
22,95.0,12.62144823,334.0,0.0,0.0,1.0,0.0,1
25,87.5,13.42356205,350.0,1.0,0.0,0.0,0.0,1
25,87.5,13.3488037,348.0,1.0,0.0,0.0,0.0,1
22,95.0,4.702223982,354.0,0.0,1.0,0.0,0.0,1
25,88.0,14.91822038,321.0,1.0,0.0,0.0,0.0,1
24,95.0,11.72833871,280.0,0.0,0.0,0.0,1.0,0
24,95.0,15.16773612,400.0,0.0,1.0,0.0,0.0,0
23,92.0,9.929454577,351.0,0.0,0.0,0.0,1.0,1
25,87.5,13.65010619,336.0,1.0,0.0,0.0,0.0,1
26,90.0,20.17964285,297.0,1.0,0.0,0.0,0.0,1
23,89.0,7.133358572,282.0,0.0,0.0,0.0,1.0,1
23,95.0,4.938486566,342.0,0.0,1.0,0.0,0.0,1
22,93.0,7.683058499,356.0,0.0,1.0,0.0,0.0,1
23,95.0,15.25176672,397.0,0.0,1.0,0.0,0.0,0
25,95.0,10.52137857,372.0,0.0,0.0,1.0,0.0,0
23,95.0,19.52760946,344.0,0.0,1.0,0.0,0.0,0
23,95.0,14.83589827,386.0,0.0,1.0,0.0,0.0,0
23,89.0,12.55068787,322.0,0.0,0.0,0.0,1.0,1
23,93.0,11.72833871,351.0,0.0,0.0,0.0,1.0,1
24,89.0,13.49869706,406.0,0.0,0.0,0.0,1.0,1
23,89.0,12.90803823,345.0,0.0,0.0,1.0,0.0,1
23,88.0,7.496378442,287.0,0.0,0.0,0.0,1.0,1
23,95.0,5.042126986,358.0,0.0,1.0,0.0,0.0,1
25,89.0,20.51379641,298.0,1.0,0.0,0.0,0.0,1
25,95.0,11.20647613,285.0,0.0,0.0,1.0,0.0,0
23,88.0,7.921396405,286.0,0.0,0.0,0.0,1.0,1
23,92.0,9.814452454,362.0,0.0,0.0,0.0,1.0,1
23,95.0,19.74258151,358.0,0.0,1.0,0.0,0.0,0
25,95.0,10.04556771,310.0,0.0,0.0,1.0,0.0,0
24,95.0,14.27127328,305.0,0.0,0.0,1.0,0.0,1
23,87.5,12.83585424,336.0,0.0,0.0,1.0,0.0,1
22,92.0,10.52137857,355.0,0.0,0.0,0.0,1.0,1
22,92.0,11.14266773,356.0,0.0,0.0,0.0,1.0,1
22,95.0,4.538130868,339.0,0.0,1.0,0.0,0.0,1
26,94.0,14.27127328,304.0,1.0,0.0,0.0,0.0,1
22,95.0,12.55068787,330.0,0.0,0.0,1.0,0.0,1
24,95.0,14.91822038,388.0,0.0,1.0,0.0,0.0,0
21,94.0,9.365314571,387.0,0.0,1.0,0.0,0.0,1
25,95.0,12.62144823,307.0,0.0,0.0,0.0,1.0,0
25,95.0,11.27059687,294.0,0.0,0.0,1.0,0.0,0
25,95.0,15.67848238,323.0,0.0,0.0,0.0,1.0,0
26,95.0,15.67848238,304.0,1.0,0.0,0.0,0.0,1
22,95.0,12.48027818,214.0,0.0,1.0,0.0,0.0,1
24,95.0,11.92938136,373.0,0.0,0.0,0.0,1.0,1
23,95.0,19.63480231,360.0,0.0,1.0,0.0,0.0,0
23,94.0,11.01598084,390.0,0.0,0.0,0.0,1.0,1
25,92.0,6.529850053,408.0,0.0,0.0,0.0,1.0,1
22,95.0,6.826673276,297.0,0.0,1.0,0.0,0.0,1
24,87.5,14.43054353,336.0,1.0,0.0,0.0,0.0,1
23,95.0,17.40523312,404.0,0.0,1.0,0.0,0.0,0
26,89.0,18.28561157,386.0,1.0,0.0,0.0,0.0,1
24,95.0,12.90803823,254.0,1.0,0.0,0.0,0.0,0
24,95.0,11.862037,254.0,1.0,0.0,0.0,0.0,0
25,95.0,11.53023895,425.0,0.0,0.0,1.0,0.0,0
23,92.0,10.04556771,352.0,0.0,0.0,0.0,1.0,1
25,95.0,10.76627794,435.0,0.0,0.0,1.0,0.0,0
23,95.0,12.41021712,332.0,0.0,0.0,1.0,0.0,1
22,89.0,12.48027818,320.0,0.0,0.0,0.0,1.0,1
25,95.0,15.25176672,411.0,0.0,0.0,0.0,1.0,0
22,95.0,4.47356027,334.0,0.0,1.0,0.0,0.0,1
23,89.0,7.969740423,300.0,0.0,0.0,0.0,1.0,1
23,95.0,5.182587061,256.0,0.0,1.0,0.0,0.0,1
23,89.0,7.542720421,295.0,0.0,0.0,0.0,1.0,1
22,91.0,12.55068787,334.0,0.0,0.0,1.0,0.0,1
25,95.0,11.20647613,410.0,0.0,0.0,1.0,0.0,0
24,95.0,14.83589827,358.0,0.0,1.0,0.0,0.0,0
25,95.0,13.20040797,379.0,0.0,0.0,0.0,1.0,0
26,89.0,19.74258151,370.0,1.0,0.0,0.0,0.0,1
24,95.0,15.00096563,336.0,0.0,1.0,0.0,0.0,0
23,91.0,13.57421101,321.0,0.0,0.0,0.0,1.0,1
22,92.0,12.76402932,338.0,0.0,0.0,1.0,0.0,1
26,89.0,19.63480231,379.0,1.0,0.0,0.0,0.0,1
24,95.0,16.20534945,342.0,0.0,0.0,0.0,1.0,0
26,95.0,21.31537817,401.0,1.0,0.0,0.0,0.0,1
23,95.0,19.10462223,267.0,0.0,1.0,0.0,0.0,0
24,95.0,15.42113219,243.0,1.0,0.0,0.0,0.0,0
22,87.5,4.669097938,355.0,0.0,1.0,0.0,0.0,1
25,95.0,12.83585424,376.0,0.0,0.0,0.0,1.0,0
24,95.0,15.85228317,257.0,0.0,1.0,0.0,0.0,0
22,90.0,12.90803823,315.0,0.0,0.0,0.0,1.0,1
26,87.5,19.31496687,324.0,1.0,0.0,0.0,0.0,1
24,95.0,14.75399666,313.0,0.0,0.0,0.0,1.0,0
23,95.0,14.83589827,246.0,0.0,1.0,0.0,0.0,0
23,95.0,4.904260592,362.0,0.0,1.0,0.0,0.0,1
25,95.0,10.82824911,310.0,0.0,0.0,1.0,0.0,0
23,87.5,12.62144823,344.0,0.0,0.0,1.0,0.0,1
22,95.0,8.465927903,184.5,0.0,1.0,0.0,0.0,1
23,95.0,7.873279406,184.5,0.0,1.0,0.0,0.0,1
22,95.0,8.214906999,184.5,0.0,1.0,0.0,0.0,1
23,90.0,12.83585424,316.0,0.0,0.0,0.0,1.0,1
22,91.0,13.57421101,325.0,0.0,0.0,0.0,1.0,1
24,95.0,15.33623116,248.0,1.0,0.0,0.0,0.0,0
23,95.0,12.48027818,330.0,0.0,0.0,1.0,0.0,1
24,95.0,13.20040797,298.0,0.0,0.0,0.0,1.0,0
23,94.0,11.46485093,391.0,0.0,0.0,0.0,1.0,1
24,95.0,14.67251295,359.0,0.0,1.0,0.0,0.0,0
26,94.0,6.323687334,402.0,0.0,0.0,0.0,1.0,1
22,95.0,7.542720421,367.0,0.0,1.0,0.0,0.0,1
25,87.5,13.65010619,347.0,1.0,0.0,0.0,0.0,1
23,89.0,7.496378442,300.0,0.0,0.0,0.0,1.0,1
25,87.5,13.80304952,333.0,1.0,0.0,0.0,0.0,1
24,95.0,18.08630257,257.0,1.0,0.0,0.0,0.0,0
23,95.0,14.67251295,314.0,0.0,0.0,0.0,1.0,0
23,95.0,4.904260592,352.0,0.0,1.0,0.0,0.0,1
24,95.0,19.10462223,288.0,1.0,0.0,0.0,0.0,0
23,88.0,4.669097938,353.0,0.0,1.0,0.0,0.0,1
25,95.0,15.50647254,318.0,0.0,0.0,0.0,1.0,0
23,95.0,15.42113219,255.0,0.0,1.0,0.0,0.0,0
24,95.0,19.20950925,305.0,1.0,0.0,0.0,0.0,0
22,93.0,14.19224347,333.0,0.0,0.0,0.0,1.0,1
25,95.0,11.20647613,454.0,0.0,0.0,1.0,0.0,0
25,95.0,12.34050263,438.0,0.0,0.0,1.0,0.0,0
24,95.0,16.56585884,205.0,0.0,1.0,0.0,0.0,0
26,91.0,19.52760946,376.0,1.0,0.0,0.0,0.0,1
22,95.0,7.404343951,350.0,0.0,1.0,0.0,0.0,1
24,95.0,16.47502321,238.0,1.0,0.0,0.0,0.0,0
25,95.0,11.07916988,287.0,0.0,0.0,1.0,0.0,0
25,95.0,15.25176672,399.0,0.0,0.0,0.0,1.0,0
24,94.0,19.42099897,321.0,1.0,0.0,0.0,0.0,1
24,95.0,15.08413665,369.0,0.0,1.0,0.0,0.0,0
23,93.0,11.66198098,352.0,0.0,0.0,0.0,1.0,1
23,95.0,19.63480231,361.0,0.0,1.0,0.0,0.0,0
24,95.0,15.25176672,382.0,0.0,0.0,0.0,1.0,0
24,95.0,14.91822038,356.0,0.0,1.0,0.0,0.0,0
25,95.0,9.814452454,323.0,0.0,0.0,1.0,0.0,0
22,91.0,12.62144823,336.0,0.0,0.0,1.0,0.0,1
23,92.0,12.76402932,348.0,0.0,0.0,1.0,0.0,1
24,95.0,17.40523312,218.0,0.0,1.0,0.0,0.0,0
24,87.5,17.5009837,457.0,0.0,0.0,0.0,1.0,1
23,89.0,8.415248038,315.0,0.0,0.0,0.0,1.0,1
23,95.0,19.31496687,281.0,0.0,1.0,0.0,0.0,0
22,89.0,12.69256136,344.0,0.0,0.0,1.0,0.0,1
24,89.0,12.90803823,332.0,0.0,0.0,0.0,1.0,1
23,88.0,7.450253315,288.0,0.0,0.0,0.0,1.0,1
25,89.0,19.10462223,379.0,1.0,0.0,0.0,0.0,1
25,95.0,10.04556771,353.0,0.0,0.0,1.0,0.0,0
25,95.0,10.58215896,394.0,0.0,0.0,1.0,0.0,0
25,95.0,13.88010234,370.0,0.0,0.0,0.0,1.0,0
26,90.0,20.40179801,303.0,1.0,0.0,0.0,0.0,1
23,95.0,10.82824911,387.0,0.0,1.0,0.0,0.0,1
22,95.0,4.505770041,334.0,0.0,1.0,0.0,0.0,1
23,93.0,14.03538213,329.0,0.0,0.0,0.0,1.0,1
25,87.5,12.27113269,336.0,1.0,0.0,0.0,0.0,1
22,93.0,14.03538213,342.0,0.0,0.0,0.0,1.0,1
23,95.0,15.67848238,249.0,0.0,1.0,0.0,0.0,0
25,95.0,9.814452454,295.0,0.0,0.0,1.0,0.0,0
26,94.0,15.42113219,308.0,1.0,0.0,0.0,0.0,1
23,92.0,9.587732994,355.0,0.0,0.0,0.0,1.0,1
23,91.0,8.264637967,374.0,0.0,0.0,0.0,1.0,1
25,87.5,13.65010619,344.0,1.0,0.0,0.0,0.0,1
23,95.0,4.283437616,326.0,0.0,1.0,0.0,0.0,1
23,89.0,8.165410187,303.0,0.0,0.0,0.0,1.0,1
22,95.0,7.0889296,301.0,0.0,1.0,0.0,0.0,1
23,92.0,11.39978246,350.0,0.0,0.0,0.0,1.0,1
24,95.0,16.56585884,364.0,0.0,0.0,0.0,1.0,0
22,94.0,13.3488037,346.0,0.0,0.0,1.0,0.0,1
24,87.5,13.80304952,335.0,1.0,0.0,0.0,0.0,1
26,91.0,6.698275399,405.0,0.0,0.0,0.0,1.0,1
25,95.0,9.987371503,312.0,0.0,0.0,1.0,0.0,0
25,95.0,11.53023895,426.0,0.0,0.0,1.0,0.0,0
22,95.0,5.076997025,350.0,0.0,1.0,0.0,0.0,1
24,95.0,14.59144457,371.0,0.0,1.0,0.0,0.0,0
22,95.0,8.465927903,184.5,0.0,1.0,0.0,0.0,1
25,95.0,11.27059687,289.0,0.0,0.0,1.0,0.0,0
22,95.0,4.505770041,342.0,0.0,1.0,0.0,0.0,1
23,95.0,12.62144823,328.0,0.0,0.0,1.0,0.0,1
25,95.0,11.862037,438.0,0.0,0.0,1.0,0.0,0
24,95.0,15.33623116,368.0,0.0,1.0,0.0,0.0,0
23,95.0,14.75399666,218.0,0.0,1.0,0.0,0.0,0
24,87.5,7.825388265,397.0,0.0,0.0,0.0,1.0,1
25,95.0,11.14266773,448.0,0.0,0.0,1.0,0.0,0
26,94.0,13.57421101,299.0,1.0,0.0,0.0,0.0,1
23,88.0,7.969740423,297.0,0.0,0.0,0.0,1.0,1
25,87.5,12.55068787,339.0,1.0,0.0,0.0,0.0,1
24,95.0,14.83589827,370.0,0.0,0.0,0.0,1.0,0
22,95.0,7.358649263,289.0,0.0,1.0,0.0,0.0,1
26,92.0,6.364536513,398.0,0.0,0.0,0.0,1.0,1
24,87.5,13.65010619,346.0,1.0,0.0,0.0,0.0,1
23,95.0,19.74258151,350.0,0.0,1.0,0.0,0.0,0
26,95.0,16.84124175,311.0,1.0,0.0,0.0,0.0,1
24,88.0,10.64323454,245.0,0.0,0.0,0.0,1.0,1
22,93.0,11.72833871,359.0,0.0,0.0,0.0,1.0,1
23,95.0,7.496378442,184.5,0.0,0.0,0.0,1.0,1
23,89.0,7.969740423,301.0,0.0,0.0,0.0,1.0,1
23,89.0,8.364807255,314.0,0.0,0.0,0.0,1.0,1
23,87.5,12.62144823,339.0,0.0,0.0,1.0,0.0,1
22,95.0,10.16280412,196.0,0.0,1.0,0.0,0.0,1
24,95.0,14.91822038,363.0,0.0,1.0,0.0,0.0,0
23,90.0,13.12676612,329.0,0.0,0.0,0.0,1.0,1
24,95.0,16.20534945,377.0,0.0,1.0,0.0,0.0,0
23,92.0,11.20647613,355.0,0.0,0.0,0.0,1.0,1
24,95.0,17.02725828,245.0,1.0,0.0,0.0,0.0,0
22,95.0,5.43477585,309.0,0.0,1.0,0.0,0.0,1
25,95.0,11.20647613,288.0,0.0,0.0,1.0,0.0,0
26,93.0,6.655874013,393.0,0.0,0.0,0.0,1.0,1
26,95.0,17.12100442,308.0,1.0,0.0,0.0,0.0,1
22,95.0,6.571662296,248.0,0.0,1.0,0.0,0.0,1
25,89.0,19.31496687,390.0,1.0,0.0,0.0,0.0,1
24,95.0,17.88911347,256.0,1.0,0.0,0.0,0.0,0
24,92.0,10.95309884,378.0,0.0,0.0,0.0,1.0,1
25,95.0,9.987371503,314.0,0.0,0.0,1.0,0.0,0
23,91.0,9.757364232,357.0,0.0,0.0,0.0,1.0,1
23,95.0,14.83589827,372.0,0.0,1.0,0.0,0.0,0
25,95.0,7.683058499,194.0,0.0,0.0,0.0,1.0,1
22,95.0,7.358649263,348.0,0.0,1.0,0.0,0.0,1
23,91.0,10.16280412,355.0,0.0,0.0,0.0,1.0,1
23,88.0,7.267899623,290.0,0.0,0.0,0.0,1.0,1
22,92.0,11.14266773,357.0,0.0,0.0,0.0,1.0,1
25,87.5,13.80304952,345.0,1.0,0.0,0.0,0.0,1
24,94.0,11.20647613,365.0,0.0,0.0,0.0,1.0,1
23,95.0,16.84124175,261.0,0.0,1.0,0.0,0.0,0
22,95.0,4.802535216,342.0,0.0,1.0,0.0,0.0,1
23,95.0,19.85095108,343.0,0.0,1.0,0.0,0.0,0
23,95.0,15.08413665,350.0,0.0,1.0,0.0,0.0,0
24,95.0,9.531728808,421.0,0.0,0.0,0.0,1.0,1
25,95.0,10.40069682,377.0,0.0,0.0,1.0,0.0,0
26,95.0,15.76515749,310.0,1.0,0.0,0.0,0.0,1
23,95.0,12.20210529,229.0,0.0,1.0,0.0,0.0,1
23,89.0,7.313168177,296.0,0.0,0.0,0.0,1.0,1
22,92.0,10.82824911,359.0,0.0,0.0,0.0,1.0,1
25,95.0,12.90803823,388.0,0.0,0.0,0.0,1.0,0
26,93.0,14.27127328,303.0,1.0,0.0,0.0,0.0,1
22,95.0,13.57421101,335.0,0.0,0.0,1.0,0.0,1
24,95.0,14.03538213,312.0,0.0,0.0,1.0,0.0,1
22,89.0,12.76402932,329.0,0.0,0.0,1.0,0.0,1
22,95.0,8.619414571,184.5,0.0,1.0,0.0,0.0,1
22,95.0,6.913276429,366.0,0.0,1.0,0.0,0.0,1
23,87.5,6.202275223,284.0,0.0,0.0,0.0,1.0,1
23,95.0,4.802535216,317.0,0.0,1.0,0.0,0.0,1
26,95.0,16.84124175,310.0,1.0,0.0,0.0,0.0,1
23,87.5,12.62144823,337.0,0.0,0.0,1.0,0.0,1
24,95.0,14.75399666,400.0,0.0,0.0,1.0,0.0,0
26,92.0,6.364536513,407.0,0.0,0.0,0.0,1.0,1
22,87.5,12.55068787,328.0,0.0,0.0,1.0,0.0,1
22,95.0,6.122270991,259.0,0.0,1.0,0.0,0.0,1
24,95.0,14.67251295,431.0,0.0,1.0,0.0,0.0,0
24,95.0,13.05349201,256.0,1.0,0.0,0.0,0.0,0
24,93.0,10.89052217,370.0,0.0,0.0,0.0,1.0,1
23,95.0,14.75399666,360.0,0.0,1.0,0.0,0.0,0
26,95.0,16.65717174,305.0,1.0,0.0,0.0,0.0,1
22,95.0,7.589280351,298.0,0.0,1.0,0.0,0.0,1
22,93.0,13.72638492,354.0,0.0,0.0,0.0,1.0,1
23,90.0,12.83585424,322.0,0.0,0.0,0.0,1.0,1
23,89.0,7.450253315,307.0,0.0,0.0,0.0,1.0,1
23,89.0,7.825388265,298.0,0.0,0.0,0.0,1.0,1
23,94.0,10.95309884,390.0,0.0,0.0,0.0,1.0,1
23,95.0,12.48027818,326.0,0.0,0.0,1.0,0.0,1
25,91.0,6.364536513,405.0,0.0,0.0,0.0,1.0,1
24,95.0,11.59594835,419.0,0.0,0.0,1.0,0.0,0
24,95.0,18.89654455,264.0,0.0,1.0,0.0,0.0,0
25,95.0,15.93986231,313.0,0.0,0.0,0.0,1.0,0
23,90.0,13.12676612,326.0,0.0,0.0,0.0,1.0,1
23,95.0,4.904260592,344.0,0.0,1.0,0.0,0.0,1
24,89.0,13.80304952,391.0,0.0,0.0,0.0,1.0,1
24,95.0,19.10462223,266.0,0.0,1.0,0.0,0.0,0
22,95.0,4.870193845,343.0,0.0,1.0,0.0,0.0,1
25,95.0,10.82824911,288.0,0.0,0.0,1.0,0.0,0
24,95.0,12.76402932,299.0,0.0,0.0,0.0,1.0,0
22,95.0,5.289662553,298.0,0.0,1.0,0.0,0.0,1
26,95.0,13.95754575,308.0,1.0,0.0,0.0,0.0,1
23,89.0,8.116146322,309.0,0.0,0.0,0.0,1.0,1
24,95.0,16.20534945,340.0,0.0,0.0,0.0,1.0,0
24,95.0,16.20534945,341.0,0.0,0.0,0.0,1.0,0
22,95.0,4.972872478,346.0,0.0,1.0,0.0,0.0,1
23,94.0,13.80304952,344.0,0.0,0.0,0.0,1.0,1
24,87.5,13.80304952,329.0,1.0,0.0,0.0,0.0,1
25,95.0,10.46089174,300.0,0.0,0.0,1.0,0.0,0
22,95.0,4.636126276,350.0,0.0,1.0,0.0,0.0,1
25,87.5,13.80304952,328.0,1.0,0.0,0.0,0.0,1
22,95.0,4.870193845,348.0,0.0,1.0,0.0,0.0,1
22,87.5,12.76402932,326.0,0.0,0.0,1.0,0.0,1
26,90.0,19.63480231,383.0,1.0,0.0,0.0,0.0,1
24,87.5,17.12100442,456.0,0.0,0.0,0.0,1.0,1
24,95.0,9.8718154,436.0,0.0,0.0,1.0,0.0,0
25,95.0,16.29477154,356.0,0.0,0.0,0.0,1.0,0
25,95.0,9.929454577,304.0,0.0,0.0,1.0,0.0,0
22,95.0,9.8718154,197.0,0.0,1.0,0.0,0.0,1
23,95.0,4.802535216,326.0,0.0,1.0,0.0,0.0,1
23,91.0,14.1136139,336.0,0.0,0.0,0.0,1.0,1
23,95.0,14.91822038,400.0,0.0,1.0,0.0,0.0,0
22,95.0,12.76402932,330.0,0.0,0.0,1.0,0.0,1
25,95.0,9.8718154,318.0,0.0,0.0,1.0,0.0,0
22,95.0,6.826673276,256.0,0.0,1.0,0.0,0.0,1
23,95.0,14.59144457,372.0,0.0,1.0,0.0,0.0,0
24,95.0,16.02789778,343.0,0.0,0.0,0.0,1.0,0
22,92.0,13.95754575,332.0,0.0,0.0,0.0,1.0,1
23,90.0,12.90803823,319.0,0.0,0.0,0.0,1.0,1
25,89.0,19.20950925,380.0,1.0,0.0,0.0,0.0,1
23,89.0,12.76402932,331.0,0.0,0.0,0.0,1.0,1
25,89.0,19.42099897,376.0,1.0,0.0,0.0,0.0,1
23,87.5,12.69256136,344.0,0.0,0.0,1.0,0.0,1
25,89.0,19.00030193,397.0,1.0,0.0,0.0,0.0,1
23,89.0,8.116146322,317.0,0.0,0.0,0.0,1.0,1
25,95.0,11.27059687,454.0,0.0,0.0,1.0,0.0,0
23,89.0,7.969740423,298.0,0.0,0.0,0.0,1.0,1
23,95.0,17.5009837,337.0,0.0,1.0,0.0,0.0,0
22,95.0,8.415248038,381.0,0.0,1.0,0.0,0.0,1
23,89.0,12.76402932,325.0,0.0,0.0,0.0,1.0,1
25,95.0,10.10404473,295.0,0.0,0.0,1.0,0.0,0
22,95.0,6.003652649,314.0,0.0,1.0,0.0,0.0,1
24,95.0,17.88911347,223.0,0.0,1.0,0.0,0.0,0
23,87.5,12.69256136,337.0,0.0,0.0,1.0,0.0,1
26,95.0,17.21524677,316.0,1.0,0.0,0.0,0.0,1
24,95.0,15.93986231,343.0,0.0,0.0,0.0,1.0,0
25,95.0,15.59225501,313.0,0.0,0.0,0.0,1.0,0
22,95.0,12.55068787,327.0,0.0,0.0,1.0,0.0,1
23,87.5,12.55068787,336.0,0.0,0.0,1.0,0.0,1
23,95.0,8.018312629,184.5,0.0,1.0,0.0,0.0,1
25,95.0,15.50647254,399.0,0.0,0.0,0.0,1.0,0
23,89.0,12.76402932,323.0,0.0,0.0,0.0,1.0,1
26,90.0,19.95991509,300.0,1.0,0.0,0.0,0.0,1
24,95.0,12.98058343,252.0,1.0,0.0,0.0,0.0,0
22,95.0,7.044707922,350.0,0.0,1.0,0.0,0.0,1
25,95.0,16.11639251,268.0,1.0,0.0,0.0,0.0,0
25,88.0,19.52760946,385.0,1.0,0.0,0.0,0.0,1
23,95.0,16.65717174,260.0,0.0,1.0,0.0,0.0,0
23,95.0,8.516848104,184.5,0.0,1.0,0.0,0.0,1
24,95.0,9.644005982,476.5,0.0,0.0,0.0,1.0,1
26,89.0,19.20950925,383.0,1.0,0.0,0.0,0.0,1
23,95.0,16.11639251,258.0,0.0,1.0,0.0,0.0,0
24,95.0,16.65717174,251.0,1.0,0.0,0.0,0.0,0
25,87.5,13.57421101,353.0,1.0,0.0,0.0,0.0,1
25,95.0,13.42356205,369.0,0.0,0.0,0.0,1.0,0
23,89.0,7.22284254,284.0,0.0,0.0,0.0,1.0,1
25,95.0,7.777721829,196.0,0.0,0.0,0.0,1.0,1
22,95.0,12.62144823,340.0,0.0,0.0,1.0,0.0,1
23,94.0,12.27113269,342.0,0.0,0.0,0.0,1.0,1
23,95.0,19.95991509,358.0,0.0,1.0,0.0,0.0,0
26,95.0,15.85228317,311.0,1.0,0.0,0.0,0.0,1
25,95.0,15.00096563,387.0,0.0,0.0,0.0,1.0,0
22,95.0,6.122270991,258.0,0.0,1.0,0.0,0.0,1
23,95.0,12.69256136,330.0,0.0,0.0,1.0,0.0,1
23,95.0,16.93400512,242.0,0.0,1.0,0.0,0.0,0
25,87.5,14.1136139,332.0,1.0,0.0,0.0,0.0,1
25,95.0,15.33623116,317.0,0.0,0.0,0.0,1.0,0
22,90.0,12.76402932,336.0,0.0,0.0,1.0,0.0,1
25,95.0,15.93986231,376.0,0.0,0.0,0.0,1.0,0
25,88.0,19.00030193,401.0,1.0,0.0,0.0,0.0,1
22,95.0,8.88012605,184.5,0.0,1.0,0.0,0.0,1
23,90.0,12.83585424,332.0,0.0,0.0,0.0,1.0,1
24,95.0,19.20950925,296.0,1.0,0.0,0.0,0.0,0
22,95.0,5.253804423,359.0,0.0,1.0,0.0,0.0,1
25,95.0,10.95309884,297.0,0.0,0.0,1.0,0.0,0
23,95.0,12.06507013,356.0,0.0,0.0,0.0,1.0,1
23,95.0,8.415248038,184.5,0.0,1.0,0.0,0.0,1
23,95.0,8.619414571,187.0,0.0,1.0,0.0,0.0,1
23,91.0,8.165410187,373.0,0.0,0.0,0.0,1.0,1
23,95.0,5.182587061,348.0,0.0,1.0,0.0,0.0,1
24,87.5,8.165410187,390.0,0.0,0.0,0.0,1.0,1
25,89.0,20.17964285,301.0,1.0,0.0,0.0,0.0,1
24,95.0,12.69256136,408.0,0.0,0.0,1.0,0.0,0
26,90.0,19.42099897,393.0,1.0,0.0,0.0,0.0,1
23,95.0,9.147105109,184.5,0.0,1.0,0.0,0.0,1
24,95.0,14.83589827,317.0,0.0,0.0,0.0,1.0,0
23,95.0,14.51078894,184.5,0.0,1.0,0.0,0.0,0
24,95.0,16.47502321,196.0,0.0,1.0,0.0,0.0,0
22,95.0,8.827487661,184.5,0.0,1.0,0.0,0.0,1
24,95.0,16.56585884,367.0,0.0,0.0,0.0,1.0,0
24,88.0,10.52137857,244.0,0.0,0.0,0.0,1.0,1
24,90.0,15.93986231,315.0,1.0,0.0,0.0,0.0,1
23,95.0,6.740875089,263.0,0.0,1.0,0.0,0.0,1
23,95.0,15.00096563,213.0,0.0,1.0,0.0,0.0,0
23,95.0,8.722957641,191.0,0.0,1.0,0.0,0.0,1
23,95.0,16.65717174,264.0,0.0,1.0,0.0,0.0,0
25,95.0,13.3488037,381.0,0.0,0.0,0.0,1.0,0
22,92.0,11.01598084,361.0,0.0,0.0,0.0,1.0,1
25,95.0,11.14266773,307.0,0.0,0.0,1.0,0.0,0
23,95.0,6.613669965,257.0,0.0,1.0,0.0,0.0,1
27,87.5,8.619414571,353.0,0.0,0.0,0.0,1.0,1
24,95.0,14.35070581,338.0,0.0,0.0,1.0,0.0,1
23,95.0,8.671063387,189.0,0.0,1.0,0.0,0.0,1
22,95.0,5.147226326,298.0,0.0,1.0,0.0,0.0,1
25,95.0,9.929454577,301.0,0.0,0.0,1.0,0.0,0
24,95.0,12.13341843,285.0,0.0,0.0,0.0,1.0,0
22,95.0,10.34079221,367.0,0.0,1.0,0.0,0.0,1
25,95.0,16.65717174,359.0,0.0,0.0,0.0,1.0,0
23,89.0,8.619414571,314.0,0.0,0.0,0.0,1.0,1
23,95.0,6.162179985,238.0,0.0,1.0,0.0,0.0,1
25,95.0,9.8718154,327.0,0.0,0.0,1.0,0.0,0
22,95.0,7.000692513,352.0,0.0,1.0,0.0,0.0,1
25,95.0,15.50647254,384.0,0.0,0.0,0.0,1.0,0
26,95.0,15.93986231,310.0,1.0,0.0,0.0,0.0,1
26,95.0,16.56585884,306.0,1.0,0.0,0.0,0.0,1
25,95.0,13.95754575,381.0,0.0,0.0,0.0,1.0,0
24,95.0,12.20210529,353.0,0.0,0.0,0.0,1.0,1
25,93.0,6.202275223,400.0,0.0,0.0,0.0,1.0,1
24,89.0,12.90803823,330.0,0.0,0.0,0.0,1.0,1
25,95.0,10.52137857,377.0,0.0,0.0,1.0,0.0,0
24,87.5,8.264637967,399.0,0.0,0.0,0.0,1.0,1
25,95.0,9.587732994,271.0,0.0,0.0,1.0,0.0,0
24,95.0,15.50647254,246.0,1.0,0.0,0.0,0.0,0
23,95.0,14.43054353,246.0,0.0,1.0,0.0,0.0,0
22,95.0,12.90803823,316.0,0.0,0.0,1.0,0.0,1
24,95.0,14.67251295,374.0,0.0,1.0,0.0,0.0,0
23,92.0,13.95754575,334.0,0.0,0.0,0.0,1.0,1
25,88.0,15.16773612,321.0,1.0,0.0,0.0,0.0,1
23,95.0,4.538130868,331.0,0.0,1.0,0.0,0.0,1
24,90.0,12.98058343,337.0,0.0,0.0,0.0,1.0,1
24,95.0,15.76515749,373.0,0.0,0.0,0.0,1.0,0
22,95.0,7.969740423,184.5,0.0,1.0,0.0,0.0,1
23,95.0,15.93986231,456.0,0.0,1.0,0.0,0.0,0
25,87.5,13.3488037,353.0,1.0,0.0,0.0,0.0,1
23,91.0,8.364807255,364.0,0.0,0.0,0.0,1.0,1
24,95.0,15.59225501,404.0,0.0,1.0,0.0,0.0,0
23,95.0,14.51078894,219.0,0.0,1.0,0.0,0.0,0
24,95.0,17.02725828,254.0,1.0,0.0,0.0,0.0,0
25,95.0,14.83589827,261.0,1.0,0.0,0.0,0.0,0
24,95.0,12.62144823,249.0,1.0,0.0,0.0,0.0,0
22,95.0,13.3488037,336.0,0.0,0.0,1.0,0.0,1
24,95.0,12.13341843,248.0,1.0,0.0,0.0,0.0,0
23,92.0,9.987371503,356.0,0.0,0.0,0.0,1.0,1
22,95.0,11.92938136,224.0,0.0,1.0,0.0,0.0,1
22,95.0,12.90803823,323.0,0.0,0.0,1.0,0.0,1
26,94.0,6.323687334,406.0,0.0,0.0,0.0,1.0,1
22,95.0,8.827487661,377.0,0.0,1.0,0.0,0.0,1
23,91.0,8.364807255,370.0,0.0,0.0,0.0,1.0,1
22,95.0,12.98058343,332.0,0.0,0.0,1.0,0.0,1
24,95.0,16.11639251,340.0,0.0,0.0,0.0,1.0,0
21,94.0,9.420521035,391.0,0.0,1.0,0.0,0.0,1
23,91.0,8.214906999,367.0,0.0,0.0,0.0,1.0,1
23,95.0,18.48706888,348.0,0.0,1.0,0.0,0.0,0
26,95.0,17.5009837,317.0,1.0,0.0,0.0,0.0,1
24,95.0,14.83589827,362.0,0.0,1.0,0.0,0.0,0
24,95.0,11.66198098,425.0,0.0,0.0,1.0,0.0,0
23,89.0,12.69256136,337.0,0.0,0.0,0.0,1.0,1
25,95.0,15.67848238,312.0,0.0,0.0,0.0,1.0,0
23,90.0,12.76402932,322.0,0.0,0.0,0.0,1.0,1
25,95.0,11.46485093,456.0,0.0,0.0,1.0,0.0,0
23,95.0,12.76402932,341.0,0.0,0.0,1.0,0.0,1
24,95.0,15.00096563,368.0,0.0,1.0,0.0,0.0,0
23,95.0,16.29477154,249.0,0.0,1.0,0.0,0.0,0
23,95.0,13.05349201,343.0,0.0,0.0,1.0,0.0,1
25,95.0,12.76402932,388.0,0.0,0.0,0.0,1.0,0
24,95.0,14.1136139,334.0,0.0,0.0,1.0,0.0,1
25,95.0,11.07916988,306.0,0.0,0.0,1.0,0.0,0
25,95.0,12.69256136,305.0,0.0,0.0,0.0,1.0,0
25,95.0,7.730278953,196.0,0.0,0.0,0.0,1.0,1
24,95.0,16.65717174,247.0,1.0,0.0,0.0,0.0,0
25,95.0,9.929454577,337.0,0.0,0.0,1.0,0.0,0
24,95.0,16.11639251,252.0,1.0,0.0,0.0,0.0,0
24,95.0,14.67251295,387.0,0.0,1.0,0.0,0.0,0
23,95.0,12.55068787,330.0,0.0,0.0,1.0,0.0,1
22,95.0,8.364807255,184.5,0.0,1.0,0.0,0.0,1
24,94.0,11.66198098,361.0,0.0,0.0,0.0,1.0,1
22,95.0,4.441500903,336.0,0.0,1.0,0.0,0.0,1
25,95.0,15.33623116,409.0,0.0,0.0,0.0,1.0,0
22,95.0,7.542720421,358.0,0.0,1.0,0.0,0.0,1
22,95.0,8.364807255,385.0,0.0,1.0,0.0,0.0,1
24,90.0,12.69256136,331.0,0.0,0.0,0.0,1.0,1
25,95.0,14.91822038,380.0,0.0,0.0,0.0,1.0,0
23,95.0,15.00096563,365.0,0.0,1.0,0.0,0.0,0
24,95.0,18.18569032,253.0,1.0,0.0,0.0,0.0,0
24,93.0,11.53023895,373.0,0.0,0.0,0.0,1.0,1
25,95.0,11.33503171,289.0,0.0,0.0,1.0,0.0,0
25,95.0,14.1136139,385.0,0.0,0.0,0.0,1.0,0
23,95.0,14.51078894,371.0,0.0,1.0,0.0,0.0,0
23,95.0,16.02789778,261.0,0.0,1.0,0.0,0.0,0
24,95.0,17.21524677,251.0,1.0,0.0,0.0,0.0,0
24,87.5,17.21524677,466.0,0.0,0.0,0.0,1.0,1
22,95.0,7.000692513,351.0,0.0,1.0,0.0,0.0,1
23,95.0,7.777721829,184.5,0.0,1.0,0.0,0.0,1
26,94.0,6.323687334,395.0,0.0,0.0,0.0,1.0,1
23,88.0,8.264637967,296.0,0.0,0.0,0.0,1.0,1
22,95.0,6.405576451,256.0,0.0,1.0,0.0,0.0,1
22,92.0,14.19224347,335.0,0.0,0.0,0.0,1.0,1
23,95.0,19.85095108,333.0,0.0,1.0,0.0,0.0,0
22,95.0,6.48823229,291.0,0.0,1.0,0.0,0.0,1
24,95.0,12.69256136,255.0,1.0,0.0,0.0,0.0,0
25,95.0,7.730278953,200.0,0.0,0.0,0.0,1.0,1
22,95.0,8.018312629,374.0,0.0,1.0,0.0,0.0,1
24,95.0,13.88010234,314.0,0.0,0.0,1.0,0.0,1
23,95.0,12.34050263,324.0,0.0,0.0,1.0,0.0,1
25,95.0,13.27441976,386.0,0.0,0.0,0.0,1.0,0
23,95.0,8.415248038,184.5,0.0,1.0,0.0,0.0,1
24,95.0,14.59144457,320.0,0.0,0.0,0.0,1.0,0
25,95.0,11.53023895,351.0,0.0,0.0,1.0,0.0,0
23,95.0,15.33623116,256.0,0.0,1.0,0.0,0.0,0
24,95.0,19.52760946,265.0,0.0,1.0,0.0,0.0,0
25,95.0,11.862037,360.0,0.0,0.0,1.0,0.0,0
25,93.0,6.783674055,403.0,0.0,0.0,0.0,1.0,1
23,95.0,16.74896501,245.0,0.0,1.0,0.0,0.0,0
22,95.0,12.55068787,335.0,0.0,0.0,1.0,0.0,1
24,95.0,15.16773612,376.0,0.0,1.0,0.0,0.0,0
26,90.0,19.74258151,370.0,1.0,0.0,0.0,0.0,1
24,95.0,19.20950925,267.0,0.0,1.0,0.0,0.0,0
23,89.0,8.0671142,289.0,0.0,0.0,0.0,1.0,1
26,92.0,6.48823229,405.0,0.0,0.0,0.0,1.0,1
24,95.0,19.00030193,265.0,0.0,1.0,0.0,0.0,0
24,89.0,12.76402932,393.0,0.0,0.0,0.0,1.0,1
22,95.0,6.283027997,236.0,0.0,1.0,0.0,0.0,1
22,93.0,12.41021712,354.0,0.0,0.0,0.0,1.0,1
26,93.0,6.613669965,389.0,0.0,0.0,0.0,1.0,1
25,95.0,13.12676612,383.0,0.0,0.0,0.0,1.0,0
24,95.0,12.27113269,246.0,1.0,0.0,0.0,0.0,0
25,93.0,6.405576451,411.0,0.0,0.0,0.0,1.0,1
23,92.0,9.987371503,359.0,0.0,0.0,0.0,1.0,1
23,90.0,12.90803823,327.0,0.0,0.0,0.0,1.0,1
22,95.0,5.042126986,354.0,0.0,1.0,0.0,0.0,1
24,95.0,14.43054353,309.0,0.0,0.0,0.0,1.0,0
23,95.0,12.83585424,345.0,0.0,0.0,1.0,0.0,1
23,89.0,7.589280351,295.0,0.0,0.0,0.0,1.0,1
23,95.0,16.29477154,258.0,0.0,1.0,0.0,0.0,0
24,95.0,13.42356205,258.0,1.0,0.0,0.0,0.0,0
25,95.0,11.59594835,316.0,0.0,0.0,1.0,0.0,0
25,95.0,15.42113219,407.0,0.0,0.0,0.0,1.0,0
24,95.0,14.75399666,366.0,0.0,1.0,0.0,0.0,0
23,95.0,15.25176672,249.0,0.0,1.0,0.0,0.0,0
25,95.0,10.34079221,365.0,0.0,0.0,1.0,0.0,0
22,94.0,12.98058343,319.0,0.0,0.0,1.0,0.0,1
25,95.0,13.65010619,380.0,0.0,0.0,0.0,1.0,0
23,95.0,9.420521035,184.5,0.0,1.0,0.0,0.0,1
23,95.0,14.67251295,405.0,0.0,1.0,0.0,0.0,0
24,95.0,11.14266773,415.0,0.0,0.0,1.0,0.0,0
23,95.0,14.75399666,388.0,0.0,1.0,0.0,0.0,0
23,87.5,12.62144823,330.0,0.0,0.0,1.0,0.0,1
25,95.0,13.72638492,382.0,0.0,0.0,0.0,1.0,0
22,95.0,12.90803823,322.0,0.0,0.0,1.0,0.0,1
23,95.0,12.83585424,346.0,0.0,0.0,1.0,0.0,1
25,95.0,9.814452454,331.0,0.0,0.0,1.0,0.0,0
25,89.0,20.85352641,377.0,1.0,0.0,0.0,0.0,1
22,95.0,10.70460698,204.0,0.0,1.0,0.0,0.0,1
22,95.0,12.48027818,323.0,0.0,0.0,1.0,0.0,1
24,92.0,11.14266773,366.0,0.0,0.0,0.0,1.0,1
23,95.0,15.08413665,407.0,0.0,1.0,0.0,0.0,0
25,95.0,10.04556771,315.0,0.0,0.0,1.0,0.0,0
23,92.0,13.80304952,332.0,0.0,0.0,0.0,1.0,1
23,93.0,11.27059687,388.0,0.0,0.0,0.0,1.0,1
22,95.0,12.76402932,329.0,0.0,0.0,1.0,0.0,1
26,90.0,20.17964285,298.0,1.0,0.0,0.0,0.0,1
23,89.0,8.0671142,299.0,0.0,0.0,0.0,1.0,1
24,95.0,19.20950925,273.0,0.0,1.0,0.0,0.0,0
25,95.0,16.02789778,360.0,0.0,0.0,0.0,1.0,0
24,89.0,13.72638492,391.0,0.0,0.0,0.0,1.0,1
23,95.0,4.802535216,341.0,0.0,1.0,0.0,0.0,1
25,95.0,14.75399666,371.0,0.0,0.0,0.0,1.0,0
25,95.0,11.66198098,433.0,0.0,0.0,1.0,0.0,0
25,95.0,12.90803823,379.0,0.0,0.0,0.0,1.0,0
24,95.0,17.40523312,253.0,1.0,0.0,0.0,0.0,0
23,95.0,4.870193845,330.0,0.0,1.0,0.0,0.0,1
24,93.0,11.20647613,382.0,0.0,0.0,0.0,1.0,1
22,95.0,12.69256136,330.0,0.0,0.0,1.0,0.0,1
23,95.0,19.74258151,352.0,0.0,1.0,0.0,0.0,0
25,95.0,11.39978246,297.0,0.0,0.0,1.0,0.0,0
26,90.0,19.42099897,392.0,1.0,0.0,0.0,0.0,1
25,95.0,12.69256136,371.0,0.0,0.0,0.0,1.0,0
23,87.5,4.603308323,324.0,0.0,1.0,0.0,0.0,1
23,90.0,12.76402932,318.0,0.0,0.0,0.0,1.0,1
23,95.0,8.619414571,184.5,0.0,1.0,0.0,0.0,1
24,95.0,17.88911347,251.0,1.0,0.0,0.0,0.0,0
25,89.0,19.63480231,384.0,1.0,0.0,0.0,0.0,1
22,95.0,7.133358572,291.0,0.0,1.0,0.0,0.0,1
23,95.0,12.62144823,351.0,0.0,0.0,1.0,0.0,1
23,95.0,4.938486566,350.0,0.0,1.0,0.0,0.0,1
22,87.5,12.76402932,336.0,0.0,0.0,1.0,0.0,1
26,94.0,15.33623116,310.0,1.0,0.0,0.0,0.0,1
22,95.0,8.31460431,184.5,0.0,1.0,0.0,0.0,1
24,95.0,12.55068787,253.0,1.0,0.0,0.0,0.0,0
22,95.0,12.76402932,318.0,0.0,0.0,1.0,0.0,1
26,87.5,19.42099897,339.0,1.0,0.0,0.0,0.0,1
24,94.0,11.14266773,379.0,0.0,0.0,0.0,1.0,1
22,94.0,12.20210529,349.0,0.0,0.0,0.0,1.0,1
25,95.0,10.22184745,448.0,0.0,0.0,1.0,0.0,0
25,95.0,13.12676612,410.0,0.0,0.0,1.0,0.0,0
26,90.0,19.95991509,389.0,1.0,0.0,0.0,0.0,1
23,90.0,12.69256136,337.0,0.0,0.0,0.0,1.0,1
23,95.0,15.00096563,251.0,0.0,1.0,0.0,0.0,0
26,94.0,6.869873736,401.0,0.0,0.0,0.0,1.0,1
25,95.0,15.76515749,318.0,0.0,0.0,0.0,1.0,0
24,95.0,16.93400512,229.0,1.0,0.0,0.0,0.0,0
25,95.0,15.93986231,264.0,1.0,0.0,0.0,0.0,0
22,95.0,8.0671142,373.0,0.0,1.0,0.0,0.0,1
25,95.0,14.59144457,376.0,0.0,0.0,0.0,1.0,0
25,95.0,10.28117628,309.0,0.0,0.0,1.0,0.0,0
25,95.0,11.59594835,431.0,0.0,0.0,1.0,0.0,0
22,95.0,12.69256136,327.0,0.0,0.0,1.0,0.0,1
25,95.0,15.42113219,310.0,0.0,0.0,0.0,1.0,0
25,95.0,9.929454577,348.0,0.0,0.0,1.0,0.0,0
24,95.0,12.34050263,251.0,1.0,0.0,0.0,0.0,0
26,87.5,18.28561157,373.0,1.0,0.0,0.0,0.0,1
22,95.0,6.571662296,238.0,0.0,1.0,0.0,0.0,1
25,95.0,7.496378442,200.0,0.0,0.0,0.0,1.0,1
23,95.0,4.870193845,336.0,0.0,1.0,0.0,0.0,1
24,95.0,15.08413665,367.0,0.0,1.0,0.0,0.0,0
23,95.0,8.018312629,184.5,0.0,1.0,0.0,0.0,1
25,95.0,10.34079221,372.0,0.0,0.0,1.0,0.0,0
26,90.0,19.42099897,396.0,1.0,0.0,0.0,0.0,1
25,87.5,12.69256136,339.0,1.0,0.0,0.0,0.0,1
22,95.0,7.921396405,365.0,0.0,1.0,0.0,0.0,1
22,95.0,12.34050263,337.0,0.0,0.0,1.0,0.0,1
22,95.0,4.904260592,345.0,0.0,1.0,0.0,0.0,1
25,95.0,12.06507013,414.0,0.0,0.0,1.0,0.0,0
24,95.0,18.18569032,256.0,1.0,0.0,0.0,0.0,0
25,95.0,20.17964285,310.0,1.0,0.0,0.0,0.0,1
24,95.0,14.03538213,309.0,0.0,0.0,1.0,0.0,1
24,95.0,16.93400512,251.0,1.0,0.0,0.0,0.0,0
26,94.0,6.655874013,403.0,0.0,0.0,0.0,1.0,1
24,95.0,18.48706888,254.0,1.0,0.0,0.0,0.0,0
23,95.0,12.62144823,320.0,0.0,0.0,1.0,0.0,1
24,95.0,15.33623116,449.0,0.0,1.0,0.0,0.0,0
23,95.0,19.74258151,279.0,0.0,1.0,0.0,0.0,0
22,95.0,7.496378442,353.0,0.0,1.0,0.0,0.0,1
26,87.5,13.12676612,349.0,1.0,0.0,0.0,0.0,1
22,95.0,4.505770041,352.0,0.0,1.0,0.0,0.0,1
25,95.0,10.95309884,313.0,0.0,0.0,1.0,0.0,0
23,95.0,19.95991509,338.0,0.0,1.0,0.0,0.0,0
25,95.0,14.03538213,384.0,0.0,0.0,0.0,1.0,0
23,91.0,8.364807255,368.0,0.0,0.0,0.0,1.0,1
22,95.0,4.938486566,347.0,0.0,1.0,0.0,0.0,1
24,87.5,13.72638492,334.0,1.0,0.0,0.0,0.0,1
24,88.0,10.64323454,242.0,0.0,0.0,0.0,1.0,1
24,95.0,15.08413665,361.0,0.0,1.0,0.0,0.0,0
25,95.0,10.52137857,290.0,0.0,0.0,1.0,0.0,0
23,89.0,7.589280351,296.0,0.0,0.0,0.0,1.0,1
25,95.0,11.07916988,415.0,0.0,0.0,1.0,0.0,0
25,95.0,10.40069682,446.0,0.0,0.0,1.0,0.0,0
23,95.0,14.59144457,346.0,0.0,1.0,0.0,0.0,0
22,95.0,4.870193845,334.0,0.0,1.0,0.0,0.0,1
24,95.0,15.00096563,375.0,0.0,1.0,0.0,0.0,0
23,95.0,12.13341843,368.0,0.0,0.0,0.0,1.0,1
26,95.0,17.69401633,310.0,1.0,0.0,0.0,0.0,1
24,90.0,12.90803823,334.0,0.0,0.0,0.0,1.0,1
25,95.0,11.14266773,320.0,0.0,0.0,1.0,0.0,0
26,90.0,20.85352641,400.0,1.0,0.0,0.0,0.0,1
26,90.0,19.52760946,400.0,1.0,0.0,0.0,0.0,1
23,90.0,12.90803823,307.0,0.0,0.0,0.0,1.0,1
23,92.0,13.88010234,319.0,0.0,0.0,0.0,1.0,1
23,95.0,8.516848104,184.5,0.0,1.0,0.0,0.0,1
26,91.0,20.17964285,297.0,1.0,0.0,0.0,0.0,1
24,95.0,19.95991509,314.0,1.0,0.0,0.0,0.0,1
23,95.0,14.75399666,367.0,0.0,1.0,0.0,0.0,0
23,88.0,7.683058499,289.0,0.0,0.0,0.0,1.0,1
24,95.0,17.88911347,253.0,1.0,0.0,0.0,0.0,0
24,95.0,11.862037,284.0,0.0,0.0,0.0,1.0,0
22,95.0,6.571662296,282.0,0.0,1.0,0.0,0.0,1
25,93.0,6.529850053,401.0,0.0,0.0,0.0,1.0,1
23,89.0,8.165410187,289.0,0.0,0.0,0.0,1.0,1
26,87.5,18.48706888,389.0,1.0,0.0,0.0,0.0,1
23,95.0,9.255689372,391.0,0.0,1.0,0.0,0.0,1
22,95.0,9.039550676,372.0,0.0,1.0,0.0,0.0,1
23,95.0,12.55068787,326.0,0.0,0.0,1.0,0.0,1
22,90.0,12.76402932,321.0,0.0,0.0,0.0,1.0,1
24,91.0,16.84124175,317.0,1.0,0.0,0.0,0.0,1
24,95.0,12.06507013,411.0,0.0,0.0,1.0,0.0,0
24,95.0,15.85228317,346.0,0.0,0.0,0.0,1.0,0
23,95.0,12.48027818,335.0,0.0,0.0,1.0,0.0,1
22,95.0,12.83585424,327.0,0.0,0.0,1.0,0.0,1
26,95.0,15.85228317,306.0,1.0,0.0,0.0,0.0,1
25,95.0,20.96802921,404.0,1.0,0.0,0.0,0.0,1
25,95.0,16.47502321,357.0,0.0,0.0,0.0,1.0,0
25,88.0,15.16773612,318.0,1.0,0.0,0.0,0.0,1
25,95.0,10.04556771,357.0,0.0,0.0,1.0,0.0,0
23,95.0,4.904260592,350.0,0.0,1.0,0.0,0.0,1
23,90.0,12.98058343,335.0,0.0,0.0,0.0,1.0,1
24,95.0,18.18569032,260.0,0.0,1.0,0.0,0.0,0
24,95.0,17.59724365,269.0,0.0,1.0,0.0,0.0,0
24,95.0,17.79130513,255.0,1.0,0.0,0.0,0.0,0
24,89.0,12.69256136,326.0,0.0,0.0,0.0,1.0,1
23,95.0,12.27113269,334.0,0.0,0.0,1.0,0.0,1
22,95.0,6.913276429,291.0,0.0,1.0,0.0,0.0,1
24,95.0,19.31496687,305.0,1.0,0.0,0.0,0.0,0
22,95.0,8.165410187,365.0,0.0,1.0,0.0,0.0,1
23,94.0,4.870193845,350.0,0.0,1.0,0.0,0.0,1
23,95.0,16.47502321,258.0,0.0,1.0,0.0,0.0,0
23,87.5,12.69256136,344.0,0.0,0.0,1.0,0.0,1
24,89.0,13.65010619,389.0,0.0,0.0,0.0,1.0,1
24,95.0,12.83585424,308.0,0.0,0.0,0.0,1.0,0
23,95.0,16.74896501,249.0,0.0,1.0,0.0,0.0,0
22,93.0,12.83585424,320.0,0.0,0.0,1.0,0.0,1
26,92.0,6.405576451,398.0,0.0,0.0,0.0,1.0,1
22,87.5,12.90803823,336.0,0.0,0.0,1.0,0.0,1
26,87.5,8.214906999,408.0,0.0,0.0,0.0,1.0,1
23,95.0,19.95991509,348.0,0.0,1.0,0.0,0.0,0
24,95.0,12.69256136,298.0,0.0,0.0,0.0,1.0,0
24,95.0,11.99705843,353.0,0.0,0.0,0.0,1.0,1
26,94.0,14.35070581,306.0,1.0,0.0,0.0,0.0,1
24,95.0,18.7933463,281.0,1.0,0.0,0.0,0.0,0
24,95.0,13.12676612,256.0,1.0,0.0,0.0,0.0,0
26,94.0,15.59225501,302.0,1.0,0.0,0.0,0.0,1
22,92.0,10.95309884,353.0,0.0,0.0,0.0,1.0,1
23,95.0,17.21524677,246.0,0.0,1.0,0.0,0.0,0
22,95.0,6.003652649,317.0,0.0,1.0,0.0,0.0,1
24,95.0,15.00096563,359.0,0.0,1.0,0.0,0.0,0
23,87.5,12.69256136,335.0,0.0,0.0,1.0,0.0,1
26,90.0,19.63480231,379.0,1.0,0.0,0.0,0.0,1
25,95.0,15.42113219,397.0,0.0,0.0,0.0,1.0,0
24,95.0,13.80304952,261.0,1.0,0.0,0.0,0.0,0
23,95.0,19.95991509,350.0,0.0,1.0,0.0,0.0,0
25,87.5,13.3488037,354.0,1.0,0.0,0.0,0.0,1
25,95.0,11.862037,362.0,0.0,0.0,1.0,0.0,0
22,95.0,8.165410187,381.0,0.0,1.0,0.0,0.0,1
24,95.0,14.43054353,338.0,0.0,0.0,1.0,0.0,1
23,88.0,8.465927903,304.0,0.0,0.0,0.0,1.0,1
24,90.0,8.165410187,289.0,0.0,0.0,0.0,1.0,1
22,93.0,11.66198098,355.0,0.0,0.0,0.0,1.0,1
23,92.0,10.82824911,351.0,0.0,0.0,0.0,1.0,1
23,95.0,6.529850053,258.0,0.0,1.0,0.0,0.0,1
25,95.0,11.01598084,292.0,0.0,0.0,1.0,0.0,0
26,95.0,13.95754575,307.0,1.0,0.0,0.0,0.0,1
25,95.0,15.33623116,313.0,0.0,0.0,0.0,1.0,0
22,95.0,7.313168177,309.0,0.0,1.0,0.0,0.0,1
25,95.0,16.29477154,273.0,1.0,0.0,0.0,0.0,0
23,95.0,19.74258151,336.0,0.0,1.0,0.0,0.0,0
23,95.0,8.775098629,184.5,0.0,1.0,0.0,0.0,1
23,89.0,12.41021712,343.0,0.0,0.0,0.0,1.0,1
23,89.0,8.0671142,293.0,0.0,0.0,0.0,1.0,1
24,95.0,15.25176672,378.0,0.0,1.0,0.0,0.0,0
25,95.0,13.20040797,389.0,0.0,0.0,0.0,1.0,0
24,95.0,12.06507013,363.0,0.0,0.0,0.0,1.0,1
25,89.0,19.00030193,398.0,1.0,0.0,0.0,0.0,1
23,95.0,16.74896501,257.0,0.0,1.0,0.0,0.0,0
22,94.0,12.76402932,340.0,0.0,0.0,1.0,0.0,1
22,95.0,13.72638492,334.0,0.0,0.0,1.0,0.0,1
23,95.0,16.38466179,254.0,0.0,1.0,0.0,0.0,0
25,95.0,12.69256136,304.0,0.0,0.0,0.0,1.0,0
24,95.0,14.03538213,332.0,0.0,0.0,1.0,0.0,1
24,95.0,13.95754575,325.0,0.0,0.0,1.0,0.0,1
25,88.0,18.89654455,393.0,1.0,0.0,0.0,0.0,1
26,95.0,16.56585884,311.0,1.0,0.0,0.0,0.0,1
25,95.0,11.20647613,297.0,0.0,0.0,1.0,0.0,0
24,95.0,14.91822038,247.0,0.0,1.0,0.0,0.0,0
23,95.0,14.67251295,216.0,0.0,1.0,0.0,0.0,0
25,95.0,10.16280412,359.0,0.0,0.0,1.0,0.0,0
22,95.0,6.323687334,240.0,0.0,1.0,0.0,0.0,1
22,95.0,9.310371154,184.5,0.0,1.0,0.0,0.0,1
22,92.0,12.90803823,338.0,0.0,0.0,1.0,0.0,1
24,95.0,14.83589827,376.0,0.0,1.0,0.0,0.0,0
22,95.0,12.90803823,317.0,0.0,0.0,1.0,0.0,1
22,95.0,9.420521035,390.0,0.0,1.0,0.0,0.0,1
23,89.0,12.48027818,331.0,0.0,0.0,0.0,1.0,1
23,95.0,14.75399666,424.0,0.0,1.0,0.0,0.0,0
24,95.0,13.88010234,329.0,0.0,0.0,1.0,0.0,1
23,95.0,16.11639251,252.0,0.0,1.0,0.0,0.0,0
23,95.0,12.76402932,329.0,0.0,0.0,1.0,0.0,1
26,93.0,18.58861217,400.0,1.0,0.0,0.0,0.0,1
25,87.5,13.72638492,345.0,1.0,0.0,0.0,0.0,1
22,95.0,12.48027818,340.0,0.0,0.0,1.0,0.0,1
23,89.0,12.55068787,341.0,0.0,0.0,0.0,1.0,1
24,87.5,14.1136139,336.0,1.0,0.0,0.0,0.0,1
24,95.0,12.83585424,306.0,0.0,0.0,0.0,1.0,0
22,95.0,5.733232642,317.0,0.0,1.0,0.0,0.0,1
26,93.0,15.08413665,298.0,1.0,0.0,0.0,0.0,1
26,87.5,7.730278953,407.0,0.0,0.0,0.0,1.0,1
25,95.0,7.636059339,213.0,0.0,0.0,0.0,1.0,1
22,95.0,7.133358572,346.0,0.0,1.0,0.0,0.0,1
23,95.0,12.48027818,336.0,0.0,0.0,1.0,0.0,1
25,87.5,13.80304952,346.0,1.0,0.0,0.0,0.0,1
24,95.0,14.67251295,280.0,1.0,0.0,0.0,0.0,0
24,95.0,13.65010619,256.0,1.0,0.0,0.0,0.0,0
23,95.0,12.69256136,333.0,0.0,0.0,1.0,0.0,1
24,95.0,16.02789778,339.0,0.0,0.0,0.0,1.0,0
23,95.0,12.34050263,339.0,0.0,0.0,1.0,0.0,1
24,95.0,12.98058343,297.0,0.0,0.0,0.0,1.0,0
23,95.0,9.255689372,194.0,0.0,1.0,0.0,0.0,1
24,95.0,14.1136139,322.0,0.0,0.0,1.0,0.0,1
26,87.5,7.589280351,400.0,0.0,0.0,0.0,1.0,1
24,95.0,16.29477154,205.0,0.0,1.0,0.0,0.0,0
26,95.0,20.29041491,382.0,1.0,0.0,0.0,0.0,1
23,95.0,4.570643409,339.0,0.0,1.0,0.0,0.0,1
23,89.0,9.531728808,369.0,0.0,0.0,0.0,1.0,1
23,87.5,5.042126986,361.0,0.0,1.0,0.0,0.0,1
23,95.0,8.516848104,184.5,0.0,1.0,0.0,0.0,1
23,95.0,19.95991509,339.0,0.0,1.0,0.0,0.0,0
22,94.0,12.62144823,378.0,0.0,0.0,0.0,1.0,1
24,95.0,17.02725828,250.0,1.0,0.0,0.0,0.0,0
24,87.5,13.65010619,348.0,1.0,0.0,0.0,0.0,1
25,95.0,16.84124175,361.0,0.0,0.0,0.0,1.0,0
22,95.0,8.214906999,378.0,0.0,1.0,0.0,0.0,1
26,94.0,14.1136139,310.0,1.0,0.0,0.0,0.0,1
23,95.0,19.74258151,281.0,0.0,1.0,0.0,0.0,0
24,95.0,14.91822038,353.0,0.0,1.0,0.0,0.0,0
22,95.0,4.836285621,355.0,0.0,1.0,0.0,0.0,1
24,95.0,14.91822038,431.0,0.0,1.0,0.0,0.0,0
25,95.0,15.93986231,321.0,0.0,0.0,0.0,1.0,0
22,95.0,13.12676612,327.0,0.0,0.0,1.0,0.0,1
25,95.0,7.730278953,209.0,0.0,0.0,0.0,1.0,1
23,91.0,8.264637967,369.0,0.0,0.0,0.0,1.0,1
24,95.0,13.05349201,305.0,0.0,0.0,0.0,1.0,0
23,95.0,7.683058499,300.0,0.0,1.0,0.0,0.0,1
22,95.0,6.283027997,247.0,0.0,1.0,0.0,0.0,1
24,90.0,12.69256136,332.0,0.0,0.0,0.0,1.0,1
25,95.0,14.83589827,405.0,0.0,0.0,1.0,0.0,0
25,95.0,10.52137857,410.0,0.0,0.0,1.0,0.0,0
24,95.0,16.56585884,359.0,0.0,0.0,0.0,1.0,0
25,95.0,9.987371503,345.0,0.0,0.0,1.0,0.0,0
26,94.0,17.79130513,322.0,1.0,0.0,0.0,0.0,1
22,95.0,4.938486566,348.0,0.0,1.0,0.0,0.0,1
25,95.0,12.90803823,381.0,0.0,0.0,0.0,1.0,0
24,95.0,14.83589827,388.0,0.0,1.0,0.0,0.0,0
22,95.0,9.420521035,184.5,0.0,1.0,0.0,0.0,1
25,95.0,11.01598084,294.0,0.0,0.0,1.0,0.0,0
22,95.0,7.777721829,184.5,0.0,1.0,0.0,0.0,1
24,95.0,15.33623116,366.0,0.0,1.0,0.0,0.0,0
23,92.0,9.814452454,351.0,0.0,0.0,0.0,1.0,1
23,90.0,12.83585424,337.0,0.0,0.0,0.0,1.0,1
24,95.0,16.20534945,345.0,0.0,0.0,0.0,1.0,0
25,95.0,9.8718154,331.0,0.0,0.0,1.0,0.0,0
23,95.0,7.921396405,184.5,0.0,1.0,0.0,0.0,1
24,95.0,17.98744479,258.0,1.0,0.0,0.0,0.0,0
23,95.0,15.00096563,215.0,0.0,1.0,0.0,0.0,0
22,95.0,4.972872478,354.0,0.0,1.0,0.0,0.0,1
26,87.5,7.825388265,391.0,0.0,0.0,0.0,1.0,1
26,90.0,19.20950925,374.0,1.0,0.0,0.0,0.0,1
23,95.0,12.34050263,319.0,0.0,0.0,1.0,0.0,1
22,95.0,12.98058343,335.0,0.0,0.0,1.0,0.0,1
25,95.0,12.90803823,389.0,0.0,0.0,0.0,1.0,0
23,95.0,6.446808067,260.0,0.0,1.0,0.0,0.0,1
24,95.0,12.69256136,300.0,0.0,0.0,0.0,1.0,0
24,87.5,7.730278953,399.0,0.0,0.0,0.0,1.0,1
24,95.0,12.76402932,306.0,0.0,0.0,0.0,1.0,0
25,95.0,15.50647254,311.0,0.0,0.0,0.0,1.0,0
25,95.0,12.83585424,408.0,0.0,0.0,1.0,0.0,0
22,95.0,6.446808067,258.0,0.0,1.0,0.0,0.0,1
26,91.0,19.74258151,400.0,1.0,0.0,0.0,0.0,1
22,95.0,7.0889296,357.0,0.0,1.0,0.0,0.0,1
24,88.0,10.76627794,245.0,0.0,0.0,0.0,1.0,1
22,87.5,12.69256136,333.0,0.0,0.0,1.0,0.0,1
24,89.0,13.49869706,394.0,0.0,0.0,0.0,1.0,1
25,87.5,14.1136139,335.0,1.0,0.0,0.0,0.0,1
22,89.0,12.76402932,334.0,0.0,0.0,1.0,0.0,1
22,90.0,12.90803823,318.0,0.0,0.0,0.0,1.0,1
25,95.0,9.814452454,339.0,0.0,0.0,1.0,0.0,0
24,95.0,16.93400512,204.0,0.0,1.0,0.0,0.0,0
25,90.0,20.17964285,378.0,1.0,0.0,0.0,0.0,1
23,95.0,12.76402932,323.0,0.0,0.0,1.0,0.0,1
25,95.0,10.10404473,437.0,0.0,0.0,1.0,0.0,0
23,89.0,7.044707922,285.0,0.0,0.0,0.0,1.0,1
24,95.0,12.13341843,293.0,0.0,0.0,0.0,1.0,0
25,93.0,6.48823229,402.0,0.0,0.0,0.0,1.0,1
25,95.0,11.07916988,305.0,0.0,0.0,1.0,0.0,0
25,95.0,11.07916988,311.0,0.0,0.0,1.0,0.0,0
24,95.0,12.83585424,365.0,0.0,0.0,0.0,1.0,0
24,95.0,14.75399666,248.0,0.0,1.0,0.0,0.0,0
24,95.0,15.76515749,381.0,0.0,1.0,0.0,0.0,0
22,94.0,11.27059687,344.0,0.0,0.0,0.0,1.0,1
23,89.0,7.450253315,295.0,0.0,0.0,0.0,1.0,1
26,95.0,14.35070581,309.0,1.0,0.0,0.0,0.0,1
26,93.0,6.529850053,410.0,0.0,0.0,0.0,1.0,1
24,95.0,14.43054353,308.0,0.0,0.0,0.0,1.0,0
24,95.0,16.74896501,424.0,0.0,1.0,0.0,0.0,0
23,87.5,12.83585424,344.0,0.0,0.0,1.0,0.0,1
23,89.0,9.255689372,315.0,0.0,0.0,0.0,1.0,1
25,95.0,11.07916988,291.0,0.0,0.0,1.0,0.0,0
24,87.5,17.69401633,252.0,0.0,1.0,0.0,0.0,0
24,89.0,13.57421101,387.0,0.0,0.0,0.0,1.0,1
23,95.0,9.587732994,398.0,0.0,1.0,0.0,0.0,1
24,89.0,13.72638492,404.0,0.0,0.0,0.0,1.0,1
25,95.0,11.72833871,432.0,0.0,0.0,1.0,0.0,0
25,95.0,13.05349201,366.0,0.0,0.0,0.0,1.0,0
26,90.0,19.42099897,371.0,1.0,0.0,0.0,0.0,1
25,95.0,15.93986231,319.0,0.0,0.0,0.0,1.0,0
25,95.0,15.76515749,309.0,0.0,0.0,0.0,1.0,0
24,95.0,12.62144823,253.0,1.0,0.0,0.0,0.0,0
25,95.0,12.90803823,365.0,0.0,0.0,0.0,1.0,0
23,95.0,5.620007507,253.0,0.0,1.0,0.0,0.0,1
24,95.0,11.99705843,291.0,0.0,0.0,0.0,1.0,0
23,95.0,12.41021712,326.0,0.0,0.0,1.0,0.0,1
25,95.0,10.82824911,449.0,0.0,0.0,1.0,0.0,0
22,95.0,4.904260592,292.0,0.0,1.0,0.0,0.0,1
26,95.0,17.12100442,319.0,1.0,0.0,0.0,0.0,1
25,95.0,7.969740423,184.5,0.0,0.0,0.0,1.0,1
23,95.0,4.505770041,345.0,0.0,1.0,0.0,0.0,1
25,95.0,15.59225501,377.0,0.0,0.0,0.0,1.0,0
22,87.5,12.62144823,330.0,0.0,0.0,1.0,0.0,1
22,92.0,11.20647613,358.0,0.0,0.0,0.0,1.0,1
23,95.0,12.90803823,333.0,0.0,0.0,1.0,0.0,1
26,93.0,6.571662296,408.0,0.0,0.0,0.0,1.0,1
23,95.0,15.08413665,381.0,0.0,1.0,0.0,0.0,0
25,95.0,16.29477154,272.0,1.0,0.0,0.0,0.0,0
22,95.0,4.870193845,349.0,0.0,1.0,0.0,0.0,1
26,94.0,15.08413665,304.0,1.0,0.0,0.0,0.0,1
24,95.0,19.95991509,262.0,0.0,1.0,0.0,0.0,0
22,95.0,7.0889296,291.0,0.0,1.0,0.0,0.0,1
23,93.0,11.07916988,361.0,0.0,0.0,0.0,1.0,1
22,95.0,9.475991969,390.0,0.0,1.0,0.0,0.0,1
23,95.0,7.133358572,291.0,0.0,1.0,0.0,0.0,1
24,95.0,12.13341843,287.0,0.0,0.0,0.0,1.0,0
23,88.0,7.496378442,293.0,0.0,0.0,0.0,1.0,1
22,90.0,12.83585424,331.0,0.0,0.0,0.0,1.0,1
23,95.0,15.00096563,252.0,0.0,1.0,0.0,0.0,0
23,95.0,4.409591293,245.0,0.0,1.0,0.0,0.0,1
22,95.0,8.264637967,375.0,0.0,1.0,0.0,0.0,1
22,94.0,7.636059339,298.0,0.0,1.0,0.0,0.0,1
25,87.5,13.80304952,335.0,1.0,0.0,0.0,0.0,1
23,89.0,8.31460431,300.0,0.0,0.0,0.0,1.0,1
25,95.0,15.50647254,317.0,0.0,0.0,0.0,1.0,0
21,94.0,8.933015125,372.0,0.0,1.0,0.0,0.0,1
23,95.0,14.91822038,391.0,0.0,1.0,0.0,0.0,0
24,95.0,16.11639251,384.0,0.0,0.0,0.0,1.0,0
23,95.0,15.33623116,252.0,0.0,1.0,0.0,0.0,0
23,87.5,6.283027997,286.0,0.0,0.0,0.0,1.0,1
23,95.0,14.83589827,421.0,0.0,1.0,0.0,0.0,0
24,95.0,14.43054353,312.0,0.0,0.0,0.0,1.0,0
23,87.5,4.409591293,329.0,0.0,1.0,0.0,0.0,1
24,94.0,11.46485093,368.0,0.0,0.0,0.0,1.0,1
23,95.0,12.83585424,336.0,0.0,0.0,1.0,0.0,1
22,91.0,13.49869706,332.0,0.0,0.0,0.0,1.0,1
24,95.0,12.34050263,286.0,0.0,0.0,0.0,1.0,0
24,95.0,14.03538213,301.0,0.0,0.0,1.0,0.0,1
24,95.0,15.00096563,362.0,0.0,1.0,0.0,0.0,0
22,95.0,8.31460431,380.0,0.0,1.0,0.0,0.0,1
23,95.0,14.83589827,435.0,0.0,1.0,0.0,0.0,0
22,95.0,10.58215896,207.0,0.0,1.0,0.0,0.0,1
26,95.0,16.93400512,306.0,1.0,0.0,0.0,0.0,1
25,95.0,11.33503171,452.0,0.0,0.0,1.0,0.0,0
23,93.0,11.92938136,352.0,0.0,0.0,0.0,1.0,1
23,89.0,12.62144823,336.0,0.0,0.0,0.0,1.0,1
25,95.0,13.05349201,382.0,0.0,0.0,0.0,1.0,0
24,95.0,19.20950925,300.0,1.0,0.0,0.0,0.0,0
23,95.0,4.870193845,350.0,0.0,1.0,0.0,0.0,1
24,95.0,14.19224347,316.0,0.0,0.0,1.0,0.0,1
23,95.0,12.20210529,335.0,0.0,0.0,1.0,0.0,1
24,87.5,17.5009837,457.0,0.0,0.0,0.0,1.0,1
22,95.0,13.49869706,331.0,0.0,0.0,1.0,0.0,1
23,92.0,9.8718154,359.0,0.0,0.0,0.0,1.0,1
23,95.0,14.75399666,363.0,0.0,1.0,0.0,0.0,0
24,95.0,16.47502321,365.0,0.0,0.0,0.0,1.0,0
25,87.5,13.57421101,347.0,1.0,0.0,0.0,0.0,1
25,95.0,17.98744479,350.0,1.0,0.0,0.0,0.0,1
25,95.0,15.67848238,376.0,0.0,0.0,0.0,1.0,0
23,89.0,7.873279406,294.0,0.0,0.0,0.0,1.0,1
22,92.0,10.40069682,357.0,0.0,0.0,0.0,1.0,1
23,95.0,10.89052217,385.0,0.0,1.0,0.0,0.0,1
24,95.0,12.27113269,247.0,1.0,0.0,0.0,0.0,0
23,95.0,4.47356027,345.0,0.0,1.0,0.0,0.0,1
25,95.0,16.29477154,284.0,1.0,0.0,0.0,0.0,0
25,95.0,10.82824911,296.0,0.0,0.0,1.0,0.0,0
24,95.0,16.38466179,253.0,1.0,0.0,0.0,0.0,0
24,95.0,10.70460698,416.0,0.0,0.0,1.0,0.0,0
24,95.0,12.20210529,254.0,1.0,0.0,0.0,0.0,0
22,95.0,6.698275399,260.0,0.0,1.0,0.0,0.0,1
24,89.0,8.165410187,292.0,0.0,0.0,0.0,1.0,1
22,87.5,12.90803823,319.0,0.0,0.0,1.0,0.0,1
23,95.0,15.16773612,447.0,0.0,1.0,0.0,0.0,0
24,95.0,18.7933463,265.0,0.0,1.0,0.0,0.0,0
23,95.0,4.570643409,340.0,0.0,1.0,0.0,0.0,1
22,95.0,6.655874013,250.0,0.0,1.0,0.0,0.0,1
24,95.0,15.00096563,360.0,0.0,1.0,0.0,0.0,0
23,95.0,19.85095108,362.0,0.0,1.0,0.0,0.0,0
26,87.5,18.7933463,380.0,1.0,0.0,0.0,0.0,1
25,95.0,14.43054353,368.0,0.0,0.0,0.0,1.0,0
23,95.0,19.95991509,353.0,0.0,1.0,0.0,0.0,0
24,95.0,14.75399666,368.0,0.0,1.0,0.0,0.0,0
25,95.0,10.04556771,347.0,0.0,0.0,1.0,0.0,0
24,95.0,13.27441976,258.0,1.0,0.0,0.0,0.0,0
25,95.0,9.310371154,294.0,0.0,0.0,1.0,0.0,0
24,95.0,13.72638492,397.0,0.0,0.0,1.0,0.0,0
22,95.0,12.48027818,330.0,0.0,0.0,1.0,0.0,1
23,87.5,6.242557594,287.0,0.0,0.0,0.0,1.0,1
26,90.0,7.000692513,402.0,0.0,0.0,0.0,1.0,1
22,87.5,7.542720421,331.0,0.0,1.0,0.0,0.0,1
25,95.0,10.10404473,347.0,0.0,0.0,1.0,0.0,0
25,88.0,14.51078894,329.0,1.0,0.0,0.0,0.0,1
23,89.0,12.55068787,312.0,0.0,0.0,0.0,1.0,1
24,95.0,14.1136139,319.0,0.0,0.0,1.0,0.0,1
22,95.0,12.90803823,341.0,0.0,0.0,1.0,0.0,1
25,95.0,13.72638492,371.0,0.0,0.0,0.0,1.0,0
24,95.0,12.06507013,285.0,0.0,0.0,0.0,1.0,0
23,95.0,12.76402932,359.0,0.0,0.0,1.0,0.0,1
23,89.0,8.165410187,297.0,0.0,0.0,0.0,1.0,1
24,95.0,17.79130513,258.0,1.0,0.0,0.0,0.0,0
22,95.0,12.76402932,338.0,0.0,0.0,1.0,0.0,1
24,95.0,4.802535216,400.0,0.0,0.0,1.0,0.0,0
26,87.5,7.730278953,403.0,0.0,0.0,0.0,1.0,1
25,95.0,10.10404473,303.0,0.0,0.0,1.0,0.0,0
25,88.0,19.31496687,379.0,1.0,0.0,0.0,0.0,1
23,89.0,8.0671142,296.0,0.0,0.0,0.0,1.0,1
22,91.0,13.12676612,337.0,0.0,0.0,0.0,1.0,1
23,93.0,11.33503171,351.0,0.0,0.0,0.0,1.0,1
23,95.0,14.35070581,209.0,0.0,1.0,0.0,0.0,0
23,95.0,16.29477154,245.0,0.0,1.0,0.0,0.0,0
23,95.0,16.65717174,206.0,0.0,1.0,0.0,0.0,0
23,95.0,14.67251295,368.0,0.0,1.0,0.0,0.0,0
23,95.0,9.587732994,184.5,0.0,1.0,0.0,0.0,1
22,95.0,6.740875089,286.0,0.0,1.0,0.0,0.0,1
23,95.0,15.67848238,258.0,0.0,1.0,0.0,0.0,0
24,95.0,13.42356205,259.0,1.0,0.0,0.0,0.0,0
26,88.0,18.69070341,394.0,1.0,0.0,0.0,0.0,1
23,87.5,12.76402932,332.0,0.0,0.0,1.0,0.0,1
25,95.0,11.07916988,298.0,0.0,0.0,1.0,0.0,0
22,90.0,12.76402932,325.0,0.0,0.0,1.0,0.0,1
24,95.0,14.91822038,424.0,0.0,1.0,0.0,0.0,0
24,89.0,13.27441976,392.0,0.0,0.0,0.0,1.0,1
24,94.0,11.72833871,379.0,0.0,0.0,0.0,1.0,1
24,94.0,11.53023895,377.0,0.0,0.0,0.0,1.0,1
23,89.0,7.873279406,297.0,0.0,0.0,0.0,1.0,1
25,89.0,20.17964285,377.0,1.0,0.0,0.0,0.0,1
23,95.0,4.802535216,351.0,0.0,1.0,0.0,0.0,1
23,89.0,12.83585424,315.0,0.0,0.0,0.0,1.0,1
25,95.0,9.987371503,294.0,0.0,0.0,1.0,0.0,0
23,89.0,12.69256136,313.0,0.0,0.0,0.0,1.0,1
22,95.0,12.41021712,320.0,0.0,0.0,1.0,0.0,1
24,95.0,15.42113219,369.0,0.0,1.0,0.0,0.0,0
24,95.0,15.16773612,439.0,0.0,1.0,0.0,0.0,0
25,89.0,20.40179801,299.0,1.0,0.0,0.0,0.0,1
23,95.0,12.41021712,319.0,0.0,0.0,1.0,0.0,1
24,90.0,13.05349201,330.0,0.0,0.0,0.0,1.0,1
26,87.5,8.214906999,411.0,0.0,0.0,0.0,1.0,1
25,95.0,14.27127328,375.0,0.0,0.0,0.0,1.0,0
25,95.0,9.929454577,321.0,0.0,0.0,1.0,0.0,0
24,89.0,12.69256136,333.0,0.0,0.0,0.0,1.0,1
24,90.0,13.05349201,331.0,0.0,0.0,0.0,1.0,1
25,95.0,16.38466179,261.0,1.0,0.0,0.0,0.0,0
22,95.0,4.836285621,343.0,0.0,1.0,0.0,0.0,1
25,95.0,14.83589827,382.0,0.0,0.0,0.0,1.0,0
25,87.5,13.65010619,339.0,1.0,0.0,0.0,0.0,1
23,95.0,14.75399666,210.0,0.0,1.0,0.0,0.0,0
23,89.0,7.177995872,283.0,0.0,0.0,0.0,1.0,1
23,89.0,12.48027818,310.0,0.0,0.0,0.0,1.0,1
23,95.0,4.904260592,340.0,0.0,1.0,0.0,0.0,1
22,95.0,9.365314571,184.5,0.0,1.0,0.0,0.0,1
23,95.0,16.02789778,246.0,0.0,1.0,0.0,0.0,0
25,95.0,13.65010619,373.0,0.0,0.0,0.0,1.0,0
23,92.0,10.16280412,355.0,0.0,0.0,0.0,1.0,1
23,95.0,15.59225501,250.0,0.0,1.0,0.0,0.0,0
23,95.0,5.147226326,298.0,0.0,1.0,0.0,0.0,1
24,87.5,14.03538213,330.0,1.0,0.0,0.0,0.0,1
25,95.0,14.43054353,408.0,0.0,0.0,1.0,0.0,0
22,95.0,4.904260592,340.0,0.0,1.0,0.0,0.0,1
24,95.0,14.27127328,357.0,0.0,0.0,1.0,0.0,1
25,95.0,14.43054353,385.0,0.0,0.0,0.0,1.0,0
23,91.0,13.12676612,317.0,0.0,0.0,0.0,1.0,1
25,95.0,15.00096563,401.0,0.0,0.0,1.0,0.0,0
22,95.0,12.69256136,331.0,0.0,0.0,1.0,0.0,1
25,95.0,7.683058499,198.0,0.0,0.0,0.0,1.0,1
25,95.0,9.987371503,353.0,0.0,0.0,1.0,0.0,0
23,90.0,12.76402932,343.0,0.0,0.0,1.0,0.0,1
23,95.0,14.27127328,211.0,0.0,1.0,0.0,0.0,0
25,95.0,11.46485093,316.0,0.0,0.0,1.0,0.0,0
24,95.0,16.65717174,257.0,1.0,0.0,0.0,0.0,0
25,95.0,11.20647613,409.0,0.0,0.0,1.0,0.0,0
24,95.0,11.46485093,408.0,0.0,0.0,1.0,0.0,0
22,95.0,7.730278953,301.0,0.0,1.0,0.0,0.0,1
23,88.0,7.450253315,300.0,0.0,0.0,0.0,1.0,1
25,95.0,13.12676612,368.0,0.0,0.0,0.0,1.0,0
25,95.0,9.8718154,339.0,0.0,0.0,1.0,0.0,0
26,94.0,14.51078894,301.0,1.0,0.0,0.0,0.0,1
25,95.0,11.01598084,306.0,0.0,0.0,1.0,0.0,0
25,95.0,9.987371503,307.0,0.0,0.0,1.0,0.0,0
24,95.0,12.20210529,251.0,1.0,0.0,0.0,0.0,0
22,91.0,12.41021712,325.0,0.0,0.0,1.0,0.0,1
23,89.0,12.55068787,324.0,0.0,0.0,0.0,1.0,1
24,95.0,11.66198098,281.0,0.0,0.0,0.0,1.0,0
23,87.5,6.323687334,291.0,0.0,0.0,0.0,1.0,1
22,95.0,6.48823229,245.0,0.0,1.0,0.0,0.0,1
23,95.0,12.62144823,335.0,0.0,0.0,1.0,0.0,1
23,89.0,7.730278953,295.0,0.0,0.0,0.0,1.0,1
23,95.0,14.59144457,215.0,0.0,1.0,0.0,0.0,0
23,95.0,14.75399666,314.0,0.0,0.0,0.0,1.0,0
23,95.0,17.88911347,358.0,0.0,1.0,0.0,0.0,0
25,95.0,10.34079221,369.0,0.0,0.0,1.0,0.0,0
24,95.0,16.29477154,347.0,0.0,0.0,0.0,1.0,0
23,95.0,6.613669965,260.0,0.0,1.0,0.0,0.0,1
24,95.0,15.33623116,367.0,0.0,1.0,0.0,0.0,0
24,95.0,16.93400512,243.0,1.0,0.0,0.0,0.0,0
23,95.0,11.14266773,337.0,0.0,1.0,0.0,0.0,1
25,95.0,14.59144457,267.0,1.0,0.0,0.0,0.0,0
23,89.0,7.683058499,286.0,0.0,0.0,0.0,1.0,1
24,90.0,12.90803823,335.0,0.0,0.0,0.0,1.0,1
24,95.0,15.59225501,444.0,0.0,1.0,0.0,0.0,0
22,95.0,7.22284254,292.0,0.0,1.0,0.0,0.0,1
23,92.0,11.20647613,361.0,0.0,0.0,0.0,1.0,1
22,95.0,6.869873736,299.0,0.0,1.0,0.0,0.0,1
25,95.0,14.59144457,262.0,1.0,0.0,0.0,0.0,0
24,87.5,7.825388265,390.0,0.0,0.0,0.0,1.0,1
22,95.0,6.162179985,250.0,0.0,1.0,0.0,0.0,1
26,94.0,15.59225501,306.0,1.0,0.0,0.0,0.0,1
25,87.5,13.57421101,346.0,1.0,0.0,0.0,0.0,1
23,90.0,13.05349201,329.0,0.0,0.0,0.0,1.0,1
25,87.5,12.69256136,351.0,1.0,0.0,0.0,0.0,1
25,95.0,11.862037,353.0,0.0,0.0,1.0,0.0,0
23,92.0,9.814452454,350.0,0.0,0.0,0.0,1.0,1
23,89.0,8.568009903,311.0,0.0,0.0,0.0,1.0,1
24,95.0,19.10462223,291.0,1.0,0.0,0.0,0.0,0
22,95.0,6.446808067,246.0,0.0,1.0,0.0,0.0,1
26,94.0,15.16773612,309.0,1.0,0.0,0.0,0.0,1
25,95.0,12.20210529,438.0,0.0,0.0,1.0,0.0,0
24,92.0,16.56585884,321.0,1.0,0.0,0.0,0.0,1
24,95.0,18.08630257,253.0,1.0,0.0,0.0,0.0,0
22,95.0,7.000692513,346.0,0.0,1.0,0.0,0.0,1
23,87.5,12.62144823,345.0,0.0,0.0,1.0,0.0,1
25,95.0,15.42113219,404.0,0.0,0.0,0.0,1.0,0
25,95.0,11.53023895,412.0,0.0,0.0,1.0,0.0,0
25,95.0,11.07916988,296.0,0.0,0.0,1.0,0.0,0
23,95.0,14.83589827,375.0,0.0,1.0,0.0,0.0,0
23,95.0,14.75399666,395.0,0.0,1.0,0.0,0.0,0
25,95.0,11.27059687,333.0,0.0,0.0,1.0,0.0,0
23,94.0,5.733232642,358.0,0.0,1.0,0.0,0.0,1
22,95.0,12.69256136,339.0,0.0,0.0,1.0,0.0,1
24,95.0,14.67251295,369.0,0.0,1.0,0.0,0.0,0
26,90.0,20.06947764,301.0,1.0,0.0,0.0,0.0,1
26,91.0,6.869873736,409.0,0.0,0.0,0.0,1.0,1
24,93.0,11.53023895,366.0,0.0,0.0,0.0,1.0,1
24,95.0,14.91822038,387.0,0.0,1.0,0.0,0.0,0
22,92.0,9.255689372,386.0,0.0,1.0,0.0,0.0,1
23,95.0,15.25176672,449.0,0.0,1.0,0.0,0.0,0
23,95.0,14.75399666,409.0,0.0,1.0,0.0,0.0,0
24,95.0,12.06507013,258.0,1.0,0.0,0.0,0.0,0
26,91.0,19.95991509,302.0,1.0,0.0,0.0,0.0,1
24,95.0,9.644005982,184.5,0.0,0.0,0.0,1.0,1
22,95.0,6.655874013,281.0,0.0,1.0,0.0,0.0,1
22,95.0,8.0671142,184.5,0.0,1.0,0.0,0.0,1
23,89.0,7.589280351,292.0,0.0,0.0,0.0,1.0,1
23,94.0,11.46485093,390.0,0.0,0.0,0.0,1.0,1
26,90.0,20.06947764,302.0,1.0,0.0,0.0,0.0,1
24,88.0,10.58215896,243.0,0.0,0.0,0.0,1.0,1
25,95.0,11.66198098,407.0,0.0,0.0,1.0,0.0,0
26,90.0,19.74258151,385.0,1.0,0.0,0.0,0.0,1
24,95.0,16.74896501,246.0,1.0,0.0,0.0,0.0,0
23,89.0,7.969740423,302.0,0.0,0.0,0.0,1.0,1
23,95.0,8.31460431,184.5,0.0,1.0,0.0,0.0,1
23,95.0,14.91822038,251.0,0.0,1.0,0.0,0.0,0
24,95.0,13.05349201,298.0,0.0,0.0,0.0,1.0,0
24,89.0,13.72638492,402.0,0.0,0.0,0.0,1.0,1
24,95.0,17.12100442,251.0,1.0,0.0,0.0,0.0,0
25,95.0,16.11639251,261.0,1.0,0.0,0.0,0.0,0
23,92.0,10.76627794,354.0,0.0,0.0,0.0,1.0,1
23,89.0,7.921396405,299.0,0.0,0.0,0.0,1.0,1
22,95.0,6.698275399,261.0,0.0,1.0,0.0,0.0,1
24,95.0,14.75399666,369.0,0.0,1.0,0.0,0.0,0
25,88.0,15.08413665,326.0,1.0,0.0,0.0,0.0,1
23,95.0,14.91822038,423.0,0.0,1.0,0.0,0.0,0
24,95.0,11.53023895,419.0,0.0,0.0,1.0,0.0,0
23,91.0,13.65010619,332.0,0.0,0.0,0.0,1.0,1
23,90.0,12.69256136,335.0,0.0,0.0,0.0,1.0,1
24,90.0,13.05349201,332.0,0.0,0.0,0.0,1.0,1
22,95.0,4.603308323,339.0,0.0,1.0,0.0,0.0,1
25,95.0,12.06507013,418.0,0.0,0.0,1.0,0.0,0
23,95.0,19.52760946,278.0,0.0,1.0,0.0,0.0,0
22,87.5,12.62144823,313.0,0.0,0.0,1.0,0.0,1
23,95.0,14.67251295,210.0,0.0,1.0,0.0,0.0,0
24,95.0,11.862037,360.0,0.0,0.0,0.0,1.0,1
22,95.0,7.22284254,293.0,0.0,1.0,0.0,0.0,1
24,88.0,10.70460698,245.0,0.0,0.0,0.0,1.0,1
22,95.0,6.571662296,246.0,0.0,1.0,0.0,0.0,1
24,95.0,13.95754575,329.0,0.0,0.0,1.0,0.0,1
24,95.0,17.79130513,218.0,0.0,1.0,0.0,0.0,0
26,94.0,6.698275399,402.0,0.0,0.0,0.0,1.0,1
23,89.0,7.450253315,290.0,0.0,0.0,0.0,1.0,1
22,95.0,13.49869706,349.0,0.0,0.0,1.0,0.0,1
23,95.0,14.75399666,404.0,0.0,0.0,0.0,1.0,1
25,95.0,9.814452454,337.0,0.0,0.0,1.0,0.0,0
23,87.5,12.62144823,332.0,0.0,0.0,1.0,0.0,1
25,95.0,12.90803823,401.0,0.0,0.0,1.0,0.0,0
26,95.0,16.65717174,311.0,1.0,0.0,0.0,0.0,1
23,95.0,17.02725828,241.0,0.0,1.0,0.0,0.0,0
23,89.0,8.516848104,305.0,0.0,0.0,0.0,1.0,1
25,89.0,19.95991509,297.0,1.0,0.0,0.0,0.0,1
25,95.0,11.92938136,408.0,0.0,0.0,1.0,0.0,0
22,92.0,12.83585424,318.0,0.0,0.0,1.0,0.0,1
23,95.0,14.83589827,396.0,0.0,1.0,0.0,0.0,0
24,95.0,14.19224347,311.0,0.0,0.0,1.0,0.0,1
23,95.0,14.91822038,211.0,0.0,1.0,0.0,0.0,0
23,95.0,19.31496687,346.0,0.0,1.0,0.0,0.0,0
23,95.0,12.83585424,352.0,0.0,0.0,1.0,0.0,1
22,95.0,7.683058499,358.0,0.0,1.0,0.0,0.0,1
23,89.0,7.683058499,301.0,0.0,0.0,0.0,1.0,1
25,95.0,13.42356205,388.0,0.0,0.0,0.0,1.0,0
23,88.0,7.000692513,283.0,0.0,0.0,0.0,1.0,1
22,94.0,12.48027818,344.0,0.0,0.0,0.0,1.0,1
23,95.0,8.415248038,184.5,0.0,1.0,0.0,0.0,1
23,89.0,8.671063387,375.0,0.0,0.0,0.0,1.0,1
23,95.0,14.91822038,357.0,0.0,1.0,0.0,0.0,0
23,95.0,16.20534945,261.0,0.0,1.0,0.0,0.0,0
25,95.0,13.88010234,371.0,0.0,0.0,0.0,1.0,0
25,87.5,14.35070581,326.0,1.0,0.0,0.0,0.0,1
24,89.0,8.165410187,320.0,0.0,0.0,0.0,1.0,1
24,92.0,11.14266773,362.0,0.0,0.0,0.0,1.0,1
24,89.0,13.49869706,400.0,0.0,0.0,0.0,1.0,1
24,93.0,11.33503171,363.0,0.0,0.0,0.0,1.0,1
23,91.0,10.64323454,349.0,0.0,0.0,0.0,1.0,1
23,89.0,8.364807255,307.0,0.0,0.0,0.0,1.0,1
23,95.0,6.740875089,261.0,0.0,1.0,0.0,0.0,1
24,93.0,11.07916988,360.0,0.0,0.0,0.0,1.0,1
23,95.0,5.076997025,346.0,0.0,1.0,0.0,0.0,1
25,95.0,9.8718154,346.0,0.0,0.0,1.0,0.0,0
23,95.0,8.364807255,184.5,0.0,1.0,0.0,0.0,1
22,95.0,7.404343951,309.0,0.0,1.0,0.0,0.0,1
24,95.0,16.84124175,252.0,1.0,0.0,0.0,0.0,0
23,89.0,12.62144823,347.0,0.0,0.0,0.0,1.0,1
23,95.0,12.48027818,325.0,0.0,0.0,1.0,0.0,1
26,95.0,17.30998858,314.0,1.0,0.0,0.0,0.0,1
25,95.0,15.50647254,405.0,0.0,0.0,0.0,1.0,0
23,95.0,12.34050263,334.0,0.0,0.0,1.0,0.0,1
23,95.0,14.59144457,371.0,0.0,1.0,0.0,0.0,0
25,95.0,10.52137857,395.0,0.0,0.0,1.0,0.0,0
25,93.0,6.655874013,402.0,0.0,0.0,0.0,1.0,1
24,93.0,11.20647613,372.0,0.0,0.0,0.0,1.0,1
22,95.0,8.0671142,374.0,0.0,1.0,0.0,0.0,1
25,89.0,20.40179801,376.0,1.0,0.0,0.0,0.0,1
24,95.0,12.90803823,261.0,1.0,0.0,0.0,0.0,0
23,89.0,7.921396405,297.0,0.0,0.0,0.0,1.0,1
25,89.0,19.63480231,391.0,1.0,0.0,0.0,0.0,1
24,95.0,15.08413665,388.0,0.0,1.0,0.0,0.0,0
24,87.5,13.95754575,328.0,1.0,0.0,0.0,0.0,1
25,95.0,11.92938136,417.0,0.0,0.0,1.0,0.0,0
26,90.0,19.31496687,377.0,1.0,0.0,0.0,0.0,1
23,95.0,16.20534945,247.0,0.0,1.0,0.0,0.0,0
22,95.0,4.938486566,358.0,0.0,1.0,0.0,0.0,1
23,89.0,12.62144823,305.0,0.0,0.0,0.0,1.0,1
23,95.0,4.904260592,355.0,0.0,1.0,0.0,0.0,1
25,89.0,15.59225501,322.0,1.0,0.0,0.0,0.0,1
23,95.0,19.74258151,334.0,0.0,1.0,0.0,0.0,0
23,88.0,7.404343951,286.0,0.0,0.0,0.0,1.0,1
25,87.5,13.80304952,340.0,1.0,0.0,0.0,0.0,1
26,89.0,19.31496687,375.0,1.0,0.0,0.0,0.0,1
23,89.0,7.777721829,295.0,0.0,0.0,0.0,1.0,1
25,92.0,6.571662296,399.0,0.0,0.0,0.0,1.0,1
23,95.0,19.52760946,262.0,0.0,1.0,0.0,0.0,0
25,87.5,13.88010234,330.0,1.0,0.0,0.0,0.0,1
24,95.0,15.93986231,344.0,0.0,0.0,0.0,1.0,0
25,95.0,10.95309884,308.0,0.0,0.0,1.0,0.0,0
25,89.0,19.31496687,379.0,1.0,0.0,0.0,0.0,1
25,95.0,10.10404473,288.0,0.0,0.0,1.0,0.0,0
25,95.0,13.27441976,380.0,0.0,0.0,0.0,1.0,0
22,95.0,6.913276429,289.0,0.0,1.0,0.0,0.0,1
26,94.0,15.50647254,307.0,1.0,0.0,0.0,0.0,1
24,95.0,13.12676612,254.0,1.0,0.0,0.0,0.0,0
23,95.0,8.88012605,194.0,0.0,1.0,0.0,0.0,1
25,95.0,16.20534945,265.0,1.0,0.0,0.0,0.0,0
22,95.0,12.62144823,323.0,0.0,0.0,1.0,0.0,1
25,95.0,9.929454577,338.0,0.0,0.0,1.0,0.0,0
23,95.0,12.69256136,343.0,0.0,0.0,1.0,0.0,1
24,95.0,14.43054353,311.0,0.0,0.0,0.0,1.0,0
22,92.0,13.88010234,317.0,0.0,0.0,0.0,1.0,1
22,95.0,5.007419045,340.0,0.0,1.0,0.0,0.0,1
24,88.0,10.89052217,245.0,0.0,0.0,0.0,1.0,1
23,87.5,12.55068787,328.0,0.0,0.0,1.0,0.0,1
26,95.0,13.95754575,311.0,1.0,0.0,0.0,0.0,1
25,88.0,19.42099897,406.0,1.0,0.0,0.0,0.0,1
22,93.0,7.683058499,299.0,0.0,1.0,0.0,0.0,1
23,87.5,12.55068787,332.0,0.0,0.0,1.0,0.0,1
26,94.0,6.698275399,398.0,0.0,0.0,0.0,1.0,1
26,93.0,6.242557594,404.0,0.0,0.0,0.0,1.0,1
24,95.0,16.56585884,247.0,1.0,0.0,0.0,0.0,0
24,95.0,12.90803823,305.0,0.0,0.0,0.0,1.0,0
24,95.0,15.00096563,370.0,0.0,1.0,0.0,0.0,0
24,95.0,16.65717174,360.0,0.0,0.0,0.0,1.0,0
22,95.0,13.05349201,319.0,0.0,0.0,1.0,0.0,1
26,88.0,18.7933463,380.0,1.0,0.0,0.0,0.0,1
25,95.0,13.12676612,411.0,0.0,0.0,1.0,0.0,0
24,95.0,14.83589827,403.0,0.0,1.0,0.0,0.0,0
22,95.0,6.242557594,244.0,0.0,1.0,0.0,0.0,1
25,95.0,10.95309884,420.0,0.0,0.0,1.0,0.0,0
25,95.0,11.99705843,397.0,0.0,0.0,1.0,0.0,0
24,95.0,14.83589827,401.0,0.0,1.0,0.0,0.0,0
25,95.0,15.67848238,311.0,0.0,0.0,0.0,1.0,0
25,95.0,15.25176672,316.0,0.0,0.0,0.0,1.0,0
24,95.0,16.11639251,342.0,0.0,0.0,0.0,1.0,0
26,91.0,6.913276429,397.0,0.0,0.0,0.0,1.0,1
22,95.0,6.529850053,262.0,0.0,1.0,0.0,0.0,1
23,88.0,7.730278953,290.0,0.0,0.0,0.0,1.0,1
24,95.0,13.42356205,375.0,0.0,0.0,0.0,1.0,0
23,87.5,12.69256136,347.0,0.0,0.0,1.0,0.0,1
25,95.0,10.70460698,450.0,0.0,0.0,1.0,0.0,0
25,95.0,11.79502342,416.0,0.0,0.0,1.0,0.0,0
23,95.0,6.446808067,247.0,0.0,1.0,0.0,0.0,1
23,95.0,4.870193845,349.0,0.0,1.0,0.0,0.0,1
23,95.0,16.38466179,249.0,0.0,1.0,0.0,0.0,0
26,95.0,17.12100442,316.0,1.0,0.0,0.0,0.0,1
23,95.0,14.59144457,426.0,0.0,1.0,0.0,0.0,0
22,89.0,7.636059339,297.0,0.0,1.0,0.0,0.0,1
25,95.0,12.98058343,386.0,0.0,0.0,0.0,1.0,0
25,92.0,6.613669965,401.0,0.0,0.0,0.0,1.0,1
22,92.0,11.20647613,355.0,0.0,0.0,0.0,1.0,1
22,95.0,12.48027818,337.0,0.0,0.0,1.0,0.0,1
23,95.0,8.214906999,184.5,0.0,1.0,0.0,0.0,1
25,95.0,15.25176672,387.0,0.0,0.0,0.0,1.0,0
22,95.0,13.20040797,333.0,0.0,0.0,1.0,0.0,1
24,95.0,15.59225501,375.0,0.0,1.0,0.0,0.0,0
23,95.0,8.264637967,184.5,0.0,1.0,0.0,0.0,1
22,95.0,12.55068787,340.0,0.0,0.0,1.0,0.0,1
24,95.0,13.12676612,251.0,1.0,0.0,0.0,0.0,0
22,95.0,8.671063387,184.5,0.0,1.0,0.0,0.0,1
23,95.0,19.63480231,353.0,0.0,1.0,0.0,0.0,0
23,95.0,4.538130868,334.0,0.0,1.0,0.0,0.0,1
23,95.0,14.91822038,379.0,0.0,1.0,0.0,0.0,0
25,95.0,12.98058343,385.0,0.0,0.0,0.0,1.0,0
23,90.0,12.98058343,336.0,0.0,0.0,0.0,1.0,1
24,95.0,16.56585884,257.0,1.0,0.0,0.0,0.0,0
25,95.0,11.66198098,378.0,0.0,0.0,1.0,0.0,0
22,95.0,4.870193845,339.0,0.0,1.0,0.0,0.0,1
24,95.0,11.862037,290.0,0.0,0.0,0.0,1.0,0
24,95.0,14.03538213,386.0,0.0,0.0,0.0,1.0,0
24,95.0,16.38466179,390.0,0.0,1.0,0.0,0.0,0
23,95.0,12.62144823,318.0,0.0,0.0,1.0,0.0,1
22,92.0,11.07916988,353.0,0.0,0.0,0.0,1.0,1
22,95.0,7.044707922,296.0,0.0,1.0,0.0,0.0,1
22,95.0,8.619414571,184.5,0.0,1.0,0.0,0.0,1
24,87.5,18.38606989,461.0,0.0,0.0,0.0,1.0,1
25,95.0,10.10404473,302.0,0.0,0.0,1.0,0.0,0
24,87.5,16.38466179,255.0,0.0,1.0,0.0,0.0,0
23,95.0,14.51078894,211.0,0.0,1.0,0.0,0.0,0
23,89.0,7.777721829,299.0,0.0,0.0,0.0,1.0,1
25,87.5,12.41021712,341.0,1.0,0.0,0.0,0.0,1
25,95.0,11.46485093,314.0,0.0,0.0,1.0,0.0,0
24,95.0,14.43054353,386.0,0.0,1.0,0.0,0.0,0
23,87.5,6.122270991,281.0,0.0,0.0,0.0,1.0,1
25,95.0,12.90803823,400.0,0.0,0.0,1.0,0.0,0
23,93.0,12.76402932,352.0,0.0,0.0,1.0,0.0,1
24,95.0,15.50647254,367.0,0.0,1.0,0.0,0.0,0
24,87.5,13.49869706,347.0,1.0,0.0,0.0,0.0,1
25,95.0,7.313168177,190.0,0.0,0.0,0.0,1.0,1
23,91.0,10.64323454,350.0,0.0,0.0,0.0,1.0,1
23,95.0,14.91822038,213.0,0.0,1.0,0.0,0.0,0
25,95.0,15.50647254,319.0,0.0,0.0,0.0,1.0,0
23,91.0,8.214906999,376.0,0.0,0.0,0.0,1.0,1
23,92.0,13.65010619,321.0,0.0,0.0,0.0,1.0,1
24,95.0,14.1136139,329.0,0.0,0.0,1.0,0.0,1
23,95.0,16.65717174,256.0,0.0,1.0,0.0,0.0,0
25,92.0,6.529850053,404.0,0.0,0.0,0.0,1.0,1
25,95.0,13.72638492,366.0,0.0,0.0,0.0,1.0,0
24,95.0,12.83585424,260.0,1.0,0.0,0.0,0.0,0
26,95.0,17.40523312,314.0,1.0,0.0,0.0,0.0,1
23,95.0,14.67251295,383.0,0.0,1.0,0.0,0.0,0
26,91.0,6.783674055,390.0,0.0,0.0,0.0,1.0,1
23,93.0,8.933015125,262.0,0.0,0.0,0.0,1.0,1
24,95.0,15.33623116,372.0,0.0,1.0,0.0,0.0,0
23,95.0,9.420521035,184.5,0.0,1.0,0.0,0.0,1
22,92.0,10.16280412,356.0,0.0,0.0,0.0,1.0,1
22,95.0,8.516848104,360.0,0.0,1.0,0.0,0.0,1
24,88.0,14.51078894,324.0,1.0,0.0,0.0,0.0,1
23,95.0,16.38466179,200.0,0.0,1.0,0.0,0.0,0
22,95.0,7.044707922,365.0,0.0,1.0,0.0,0.0,1
24,95.0,14.43054353,304.0,0.0,0.0,1.0,0.0,1
23,95.0,7.589280351,298.0,0.0,1.0,0.0,0.0,1
23,95.0,4.441500903,346.0,0.0,1.0,0.0,0.0,1
24,95.0,12.55068787,249.0,1.0,0.0,0.0,0.0,0
24,95.0,14.03538213,336.0,0.0,0.0,1.0,0.0,1
22,95.0,12.76402932,315.0,0.0,0.0,1.0,0.0,1
24,88.0,10.40069682,243.0,0.0,0.0,0.0,1.0,1
24,87.5,8.619414571,458.0,0.0,0.0,0.0,1.0,1
25,95.0,11.59594835,346.0,0.0,0.0,1.0,0.0,0
22,92.0,12.76402932,324.0,0.0,0.0,1.0,0.0,1
25,95.0,12.55068787,307.0,0.0,0.0,0.0,1.0,0
26,89.0,7.177995872,398.0,0.0,0.0,0.0,1.0,1
26,94.0,13.80304952,304.0,1.0,0.0,0.0,0.0,1
22,95.0,6.740875089,258.0,0.0,1.0,0.0,0.0,1
23,91.0,8.214906999,363.0,0.0,0.0,0.0,1.0,1
26,89.0,7.133358572,393.0,0.0,0.0,0.0,1.0,1
23,95.0,11.01598084,385.0,0.0,1.0,0.0,0.0,1
26,89.0,18.08630257,376.0,1.0,0.0,0.0,0.0,1
25,91.0,6.446808067,401.0,0.0,0.0,0.0,1.0,1
23,95.0,12.76402932,338.0,0.0,0.0,1.0,0.0,1
22,95.0,7.777721829,362.0,0.0,1.0,0.0,0.0,1
22,95.0,4.409591293,350.0,0.0,1.0,0.0,0.0,1
24,95.0,15.67848238,404.0,0.0,1.0,0.0,0.0,0
24,95.0,16.20534945,348.0,0.0,0.0,0.0,1.0,0
23,95.0,5.007419045,277.0,0.0,1.0,0.0,0.0,1
22,95.0,6.698275399,257.0,0.0,1.0,0.0,0.0,1
25,93.0,6.655874013,393.0,0.0,0.0,0.0,1.0,1
22,95.0,12.76402932,341.0,0.0,0.0,1.0,0.0,1
23,95.0,18.38606989,263.0,0.0,1.0,0.0,0.0,0
23,95.0,16.20534945,249.0,0.0,1.0,0.0,0.0,0
22,89.0,12.55068787,320.0,0.0,0.0,0.0,1.0,1
22,95.0,6.202275223,247.0,0.0,1.0,0.0,0.0,1
24,89.0,13.80304952,377.0,0.0,0.0,0.0,1.0,1
23,95.0,16.20534945,246.0,0.0,1.0,0.0,0.0,0
25,95.0,10.64323454,285.0,0.0,0.0,1.0,0.0,0
24,89.0,8.214906999,287.0,0.0,0.0,0.0,1.0,1
25,95.0,10.89052217,449.0,0.0,0.0,1.0,0.0,0
25,95.0,10.76627794,438.0,0.0,0.0,1.0,0.0,0
23,95.0,12.90803823,346.0,0.0,0.0,1.0,0.0,1
22,95.0,6.242557594,242.0,0.0,1.0,0.0,0.0,1
26,92.0,6.529850053,397.0,0.0,0.0,0.0,1.0,1
23,95.0,6.48823229,258.0,0.0,1.0,0.0,0.0,1
25,95.0,11.20647613,312.0,0.0,0.0,1.0,0.0,0
22,95.0,9.987371503,193.0,0.0,1.0,0.0,0.0,1
24,95.0,18.7933463,266.0,0.0,1.0,0.0,0.0,0
23,95.0,12.06507013,320.0,0.0,0.0,1.0,0.0,1
25,95.0,10.04556771,298.0,0.0,0.0,1.0,0.0,0
23,95.0,12.41021712,323.0,0.0,0.0,1.0,0.0,1
25,95.0,7.730278953,205.0,0.0,0.0,0.0,1.0,1
23,95.0,15.00096563,315.0,0.0,1.0,0.0,0.0,0
25,95.0,15.50647254,400.0,0.0,0.0,0.0,1.0,0
23,95.0,6.869873736,247.0,0.0,1.0,0.0,0.0,1
22,95.0,8.775098629,184.5,0.0,1.0,0.0,0.0,1
23,95.0,7.969740423,184.5,0.0,1.0,0.0,0.0,1
22,92.0,11.14266773,355.0,0.0,0.0,0.0,1.0,1
22,95.0,12.62144823,328.0,0.0,0.0,1.0,0.0,1
23,89.0,7.496378442,293.0,0.0,0.0,0.0,1.0,1
22,95.0,13.42356205,352.0,0.0,0.0,1.0,0.0,1
22,95.0,4.603308323,337.0,0.0,1.0,0.0,0.0,1
22,95.0,7.000692513,350.0,0.0,1.0,0.0,0.0,1
23,95.0,4.938486566,347.0,0.0,1.0,0.0,0.0,1
25,95.0,10.16280412,283.0,0.0,0.0,1.0,0.0,0
24,95.0,12.76402932,304.0,0.0,0.0,0.0,1.0,0
22,91.0,12.76402932,328.0,0.0,0.0,1.0,0.0,1
23,89.0,12.41021712,329.0,0.0,0.0,0.0,1.0,1
25,95.0,10.89052217,303.0,0.0,0.0,1.0,0.0,0
22,95.0,13.72638492,352.0,0.0,0.0,1.0,0.0,1
25,95.0,10.95309884,304.0,0.0,0.0,1.0,0.0,0
22,89.0,13.27441976,336.0,0.0,0.0,1.0,0.0,1
24,95.0,11.92938136,356.0,0.0,0.0,0.0,1.0,1
22,93.0,11.92938136,355.0,0.0,0.0,0.0,1.0,1
24,95.0,15.00096563,421.0,0.0,1.0,0.0,0.0,0
22,93.0,13.65010619,354.0,0.0,0.0,0.0,1.0,1
25,89.0,19.52760946,399.0,1.0,0.0,0.0,0.0,1
24,95.0,11.92938136,286.0,0.0,0.0,0.0,1.0,0
25,91.0,6.48823229,404.0,0.0,0.0,0.0,1.0,1
23,95.0,15.42113219,393.0,0.0,1.0,0.0,0.0,0
25,95.0,9.814452454,275.0,0.0,0.0,1.0,0.0,0
22,95.0,6.529850053,280.0,0.0,1.0,0.0,0.0,1
23,95.0,15.85228317,254.0,0.0,1.0,0.0,0.0,0
23,89.0,12.48027818,336.0,0.0,0.0,0.0,1.0,1
25,87.5,13.49869706,348.0,1.0,0.0,0.0,0.0,1
25,95.0,11.39978246,316.0,0.0,0.0,1.0,0.0,0
23,95.0,15.50647254,394.0,0.0,1.0,0.0,0.0,0
26,89.0,19.20950925,389.0,1.0,0.0,0.0,0.0,1
23,89.0,9.814452454,372.0,0.0,0.0,0.0,1.0,1
24,95.0,15.76515749,370.0,0.0,0.0,0.0,1.0,0
22,95.0,6.698275399,292.0,0.0,1.0,0.0,0.0,1
24,90.0,8.116146322,292.0,0.0,0.0,0.0,1.0,1
26,90.0,20.29041491,385.0,1.0,0.0,0.0,0.0,1
23,95.0,8.775098629,192.0,0.0,1.0,0.0,0.0,1
23,95.0,14.83589827,249.0,0.0,1.0,0.0,0.0,0
25,95.0,17.79130513,368.0,1.0,0.0,0.0,0.0,1
24,89.0,12.90803823,333.0,0.0,0.0,0.0,1.0,1
26,90.0,19.10462223,402.0,1.0,0.0,0.0,0.0,1
22,95.0,7.000692513,288.0,0.0,1.0,0.0,0.0,1
26,93.0,6.529850053,394.0,0.0,0.0,0.0,1.0,1
23,90.0,12.90803823,336.0,0.0,0.0,0.0,1.0,1
26,90.0,7.044707922,401.0,0.0,0.0,0.0,1.0,1
22,95.0,6.956882353,299.0,0.0,1.0,0.0,0.0,1
25,95.0,11.27059687,291.0,0.0,0.0,1.0,0.0,0
25,95.0,12.69256136,302.0,0.0,0.0,0.0,1.0,0
25,95.0,16.02789778,265.0,1.0,0.0,0.0,0.0,0
26,87.5,9.147105109,387.0,0.0,0.0,0.0,1.0,1
25,95.0,11.92938136,413.0,0.0,0.0,1.0,0.0,0
24,95.0,13.65010619,387.0,0.0,0.0,0.0,1.0,0
26,90.0,7.133358572,401.0,0.0,0.0,0.0,1.0,1
24,95.0,13.49869706,258.0,1.0,0.0,0.0,0.0,0
24,95.0,11.27059687,430.0,0.0,0.0,1.0,0.0,0
24,92.0,17.02725828,319.0,1.0,0.0,0.0,0.0,1
22,95.0,7.496378442,352.0,0.0,1.0,0.0,0.0,1
26,93.0,6.529850053,400.0,0.0,0.0,0.0,1.0,1
24,95.0,11.72833871,360.0,0.0,0.0,0.0,1.0,1
23,95.0,14.83589827,439.0,0.0,1.0,0.0,0.0,0
24,95.0,17.21524677,252.0,1.0,0.0,0.0,0.0,0
23,95.0,19.52760946,279.0,0.0,1.0,0.0,0.0,0
24,95.0,14.83589827,427.0,0.0,1.0,0.0,0.0,0
26,91.0,20.06947764,298.0,1.0,0.0,0.0,0.0,1
23,95.0,12.90803823,349.0,0.0,0.0,1.0,0.0,1
25,95.0,9.8718154,288.0,0.0,0.0,1.0,0.0,0
22,95.0,6.655874013,245.0,0.0,1.0,0.0,0.0,1
25,95.0,9.8718154,322.0,0.0,0.0,1.0,0.0,0
22,92.0,9.644005982,356.0,0.0,0.0,0.0,1.0,1
23,95.0,16.02789778,253.0,0.0,1.0,0.0,0.0,0
22,88.0,12.55068787,335.0,0.0,0.0,1.0,0.0,1
22,95.0,12.62144823,327.0,0.0,0.0,1.0,0.0,1
22,95.0,6.613669965,255.0,0.0,1.0,0.0,0.0,1
25,91.0,6.529850053,393.0,0.0,0.0,0.0,1.0,1
24,95.0,14.75399666,384.0,0.0,1.0,0.0,0.0,0
26,95.0,17.02725828,314.0,1.0,0.0,0.0,0.0,1
23,95.0,4.870193845,340.0,0.0,1.0,0.0,0.0,1
25,95.0,9.757364232,342.0,0.0,0.0,1.0,0.0,0
23,87.5,12.62144823,336.0,0.0,0.0,1.0,0.0,1
22,95.0,8.415248038,372.0,0.0,1.0,0.0,0.0,1
23,95.0,14.59144457,386.0,0.0,1.0,0.0,0.0,0
23,95.0,16.38466179,243.0,0.0,1.0,0.0,0.0,0
24,95.0,11.53023895,355.0,0.0,0.0,0.0,1.0,1
25,95.0,15.42113219,318.0,0.0,0.0,0.0,1.0,0
26,93.0,6.529850053,396.0,0.0,0.0,0.0,1.0,1
23,95.0,12.34050263,315.0,0.0,0.0,1.0,0.0,1
25,88.0,14.59144457,326.0,1.0,0.0,0.0,0.0,1
25,87.5,13.80304952,343.0,1.0,0.0,0.0,0.0,1
25,87.5,14.03538213,333.0,1.0,0.0,0.0,0.0,1
23,95.0,8.31460431,184.5,0.0,1.0,0.0,0.0,1
23,92.0,10.40069682,359.0,0.0,0.0,0.0,1.0,1
23,95.0,12.34050263,335.0,0.0,0.0,1.0,0.0,1
23,88.0,7.589280351,295.0,0.0,0.0,0.0,1.0,1
25,87.5,7.921396405,409.0,0.0,0.0,0.0,1.0,1
24,90.0,8.0671142,289.0,0.0,0.0,0.0,1.0,1
23,95.0,6.202275223,247.0,0.0,1.0,0.0,0.0,1
22,87.5,12.48027818,324.0,0.0,0.0,1.0,0.0,1
23,95.0,8.415248038,197.0,0.0,1.0,0.0,0.0,1
25,89.0,19.74258151,392.0,1.0,0.0,0.0,0.0,1
24,95.0,16.11639251,374.0,0.0,1.0,0.0,0.0,0
25,95.0,7.683058499,208.0,0.0,0.0,0.0,1.0,1
23,91.0,13.27441976,325.0,0.0,0.0,0.0,1.0,1
23,95.0,15.00096563,389.0,0.0,1.0,0.0,0.0,0
22,93.0,13.27441976,333.0,0.0,0.0,1.0,0.0,1
22,95.0,7.777721829,184.5,0.0,1.0,0.0,0.0,1
24,95.0,13.95754575,333.0,0.0,0.0,1.0,0.0,1
23,95.0,7.873279406,184.5,0.0,1.0,0.0,0.0,1
22,93.0,13.20040797,353.0,0.0,0.0,0.0,1.0,1
23,95.0,19.42099897,349.0,0.0,1.0,0.0,0.0,0
23,95.0,8.516848104,184.5,0.0,1.0,0.0,0.0,1
26,94.0,6.571662296,400.0,0.0,0.0,0.0,1.0,1
24,92.0,11.20647613,362.0,0.0,0.0,0.0,1.0,1
25,95.0,11.39978246,453.0,0.0,0.0,1.0,0.0,0
23,95.0,15.00096563,395.0,0.0,1.0,0.0,0.0,0
25,95.0,16.38466179,262.0,1.0,0.0,0.0,0.0,0
23,90.0,12.98058343,319.0,0.0,0.0,0.0,1.0,1
24,89.0,15.93986231,320.0,1.0,0.0,0.0,0.0,1
24,95.0,12.55068787,246.0,1.0,0.0,0.0,0.0,0
23,95.0,16.38466179,252.0,0.0,1.0,0.0,0.0,0
24,95.0,14.1136139,314.0,0.0,0.0,1.0,0.0,1
22,87.5,12.76402932,330.0,0.0,0.0,1.0,0.0,1
24,94.0,11.27059687,388.0,0.0,0.0,0.0,1.0,1
24,95.0,14.35070581,384.0,0.0,0.0,0.0,1.0,0
22,95.0,13.20040797,336.0,0.0,0.0,1.0,0.0,1
25,95.0,15.42113219,314.0,0.0,0.0,0.0,1.0,0
22,95.0,13.57421101,330.0,0.0,0.0,1.0,0.0,1
25,95.0,7.313168177,189.0,0.0,0.0,0.0,1.0,1
25,95.0,11.14266773,297.0,0.0,0.0,1.0,0.0,0
26,94.0,18.89654455,401.0,1.0,0.0,0.0,0.0,1
25,95.0,12.83585424,302.0,0.0,0.0,0.0,1.0,0
23,92.0,10.70460698,360.0,0.0,0.0,0.0,1.0,1
22,95.0,6.698275399,250.0,0.0,1.0,0.0,0.0,1
22,92.0,11.862037,353.0,0.0,0.0,0.0,1.0,1
26,90.0,20.17964285,389.0,1.0,0.0,0.0,0.0,1
24,95.0,12.76402932,258.0,1.0,0.0,0.0,0.0,0
25,87.5,13.65010619,339.0,1.0,0.0,0.0,0.0,1
25,87.5,13.57421101,339.0,1.0,0.0,0.0,0.0,1
26,90.0,19.85095108,297.0,1.0,0.0,0.0,0.0,1
23,95.0,5.182587061,341.0,0.0,1.0,0.0,0.0,1
24,95.0,13.42356205,367.0,0.0,0.0,0.0,1.0,0
24,87.5,8.214906999,402.0,0.0,0.0,0.0,1.0,1
26,93.0,6.529850053,401.0,0.0,0.0,0.0,1.0,1
23,89.0,12.83585424,348.0,0.0,0.0,1.0,0.0,1
24,95.0,15.76515749,461.0,0.0,1.0,0.0,0.0,0
24,95.0,14.83589827,381.0,0.0,1.0,0.0,0.0,0
23,95.0,5.042126986,360.0,0.0,1.0,0.0,0.0,1
23,95.0,15.50647254,253.0,0.0,1.0,0.0,0.0,0
25,95.0,11.07916988,321.0,0.0,0.0,1.0,0.0,0
24,95.0,14.35070581,311.0,0.0,0.0,0.0,1.0,0
23,89.0,9.531728808,366.0,0.0,0.0,0.0,1.0,1
25,87.5,13.42356205,347.0,1.0,0.0,0.0,0.0,1
26,95.0,16.84124175,313.0,1.0,0.0,0.0,0.0,1
24,95.0,14.83589827,428.0,0.0,1.0,0.0,0.0,0
26,91.0,20.17964285,380.0,1.0,0.0,0.0,0.0,1
24,95.0,16.11639251,415.0,0.0,1.0,0.0,0.0,0
25,95.0,10.16280412,289.0,0.0,0.0,1.0,0.0,0
22,95.0,12.98058343,326.0,0.0,0.0,1.0,0.0,1
24,95.0,11.46485093,283.0,0.0,0.0,0.0,1.0,0
23,92.0,9.700549236,362.0,0.0,0.0,0.0,1.0,1
25,95.0,12.83585424,381.0,0.0,0.0,0.0,1.0,0
24,95.0,12.90803823,386.0,0.0,0.0,0.0,1.0,0
22,93.0,11.27059687,353.0,0.0,0.0,0.0,1.0,1
24,95.0,12.83585424,362.0,0.0,0.0,0.0,1.0,0
23,88.0,7.0889296,286.0,0.0,0.0,0.0,1.0,1
25,95.0,15.67848238,325.0,0.0,0.0,0.0,1.0,0
26,91.0,19.85095108,300.0,1.0,0.0,0.0,0.0,1
23,95.0,9.147105109,199.0,0.0,1.0,0.0,0.0,1
26,91.0,6.956882353,402.0,0.0,0.0,0.0,1.0,1
23,95.0,11.59594835,373.0,0.0,0.0,0.0,1.0,1
23,95.0,12.98058343,342.0,0.0,0.0,1.0,0.0,1
23,94.0,11.27059687,395.0,0.0,0.0,0.0,1.0,1
24,95.0,12.90803823,304.0,0.0,0.0,0.0,1.0,0
24,95.0,12.76402932,301.0,0.0,0.0,0.0,1.0,0
23,88.0,8.0671142,294.0,0.0,0.0,0.0,1.0,1
24,95.0,12.48027818,247.0,1.0,0.0,0.0,0.0,0
26,90.0,20.06947764,297.0,1.0,0.0,0.0,0.0,1
22,95.0,7.000692513,285.0,0.0,1.0,0.0,0.0,1
23,89.0,8.31460431,292.0,0.0,0.0,0.0,1.0,1
25,95.0,10.52137857,396.0,0.0,0.0,1.0,0.0,0
24,95.0,17.02725828,249.0,1.0,0.0,0.0,0.0,0
24,95.0,12.55068787,306.0,0.0,0.0,0.0,1.0,0
24,95.0,14.03538213,241.0,1.0,0.0,0.0,0.0,0
23,92.0,9.700549236,360.0,0.0,0.0,0.0,1.0,1
23,95.0,8.214906999,184.5,0.0,1.0,0.0,0.0,1
25,95.0,15.59225501,319.0,0.0,0.0,0.0,1.0,0
22,95.0,6.613669965,248.0,0.0,1.0,0.0,0.0,1
24,93.0,11.27059687,378.0,0.0,0.0,0.0,1.0,1
22,92.0,11.07916988,356.0,0.0,0.0,0.0,1.0,1
23,95.0,6.529850053,254.0,0.0,1.0,0.0,0.0,1
22,92.0,10.28117628,363.0,0.0,0.0,0.0,1.0,1
22,92.0,14.27127328,320.0,0.0,0.0,0.0,1.0,1
22,90.0,12.62144823,330.0,0.0,0.0,1.0,0.0,1
22,95.0,7.969740423,184.5,0.0,1.0,0.0,0.0,1
24,95.0,14.03538213,325.0,0.0,0.0,1.0,0.0,1
23,88.0,7.636059339,292.0,0.0,0.0,0.0,1.0,1
25,95.0,16.02789778,321.0,0.0,0.0,0.0,1.0,0
23,95.0,6.613669965,252.0,0.0,1.0,0.0,0.0,1
24,95.0,11.92938136,279.0,0.0,0.0,0.0,1.0,0
26,95.0,16.38466179,312.0,1.0,0.0,0.0,0.0,1
22,94.0,12.55068787,346.0,0.0,0.0,0.0,1.0,1
25,95.0,10.22184745,370.0,0.0,0.0,1.0,0.0,0
22,91.0,13.65010619,335.0,0.0,0.0,0.0,1.0,1
26,94.0,15.08413665,311.0,1.0,0.0,0.0,0.0,1
22,95.0,4.636126276,335.0,0.0,1.0,0.0,0.0,1
22,95.0,12.69256136,341.0,0.0,0.0,1.0,0.0,1
25,95.0,16.38466179,264.0,1.0,0.0,0.0,0.0,0
22,95.0,9.420521035,385.0,0.0,1.0,0.0,0.0,1
23,91.0,8.465927903,360.0,0.0,0.0,0.0,1.0,1
23,89.0,7.873279406,299.0,0.0,0.0,0.0,1.0,1
24,95.0,15.08413665,363.0,0.0,1.0,0.0,0.0,0
25,95.0,11.27059687,296.0,0.0,0.0,1.0,0.0,0
26,89.0,19.52760946,382.0,1.0,0.0,0.0,0.0,1
25,95.0,9.8718154,337.0,0.0,0.0,1.0,0.0,0
21,94.0,7.777721829,375.0,0.0,1.0,0.0,0.0,1
24,87.5,8.31460431,184.5,0.0,0.0,0.0,1.0,1
25,87.5,14.1136139,330.0,1.0,0.0,0.0,0.0,1
25,95.0,16.02789778,261.0,1.0,0.0,0.0,0.0,0
23,95.0,4.870193845,354.0,0.0,1.0,0.0,0.0,1
24,95.0,14.59144457,376.0,0.0,1.0,0.0,0.0,0
25,95.0,11.07916988,303.0,0.0,0.0,1.0,0.0,0
25,95.0,15.85228317,317.0,0.0,0.0,0.0,1.0,0
24,90.0,12.83585424,329.0,0.0,0.0,0.0,1.0,1
24,95.0,15.85228317,382.0,0.0,1.0,0.0,0.0,0
26,94.0,6.283027997,387.0,0.0,0.0,0.0,1.0,1
24,95.0,18.58861217,256.0,1.0,0.0,0.0,0.0,0
22,95.0,13.42356205,347.0,0.0,0.0,1.0,0.0,1
26,87.5,8.364807255,418.0,0.0,0.0,0.0,1.0,1
25,95.0,11.14266773,322.0,0.0,0.0,1.0,0.0,0
24,87.5,17.12100442,465.0,0.0,0.0,0.0,1.0,1
24,95.0,15.93986231,412.0,0.0,1.0,0.0,0.0,0
22,95.0,6.740875089,257.0,0.0,1.0,0.0,0.0,1
25,95.0,11.33503171,453.0,0.0,0.0,1.0,0.0,0
25,95.0,14.19224347,405.0,0.0,0.0,1.0,0.0,0
25,95.0,15.85228317,311.0,0.0,0.0,0.0,1.0,0
23,95.0,4.938486566,343.0,0.0,1.0,0.0,0.0,1
25,87.5,13.27441976,350.0,1.0,0.0,0.0,0.0,1
26,90.0,20.17964285,387.0,1.0,0.0,0.0,0.0,1
24,95.0,19.63480231,270.0,0.0,1.0,0.0,0.0,0
25,95.0,10.28117628,364.0,0.0,0.0,1.0,0.0,0
22,95.0,8.775098629,192.0,0.0,1.0,0.0,0.0,1
23,95.0,13.12676612,337.0,0.0,0.0,1.0,0.0,1
23,89.0,7.921396405,292.0,0.0,0.0,0.0,1.0,1
23,89.0,9.365314571,350.0,0.0,0.0,0.0,1.0,1
22,87.5,12.69256136,341.0,0.0,0.0,1.0,0.0,1
26,95.0,20.29041491,392.0,1.0,0.0,0.0,0.0,1
22,95.0,12.62144823,319.0,0.0,0.0,1.0,0.0,1
26,87.5,7.542720421,390.0,0.0,0.0,0.0,1.0,1
23,95.0,4.702223982,353.0,0.0,1.0,0.0,0.0,1
23,89.0,7.683058499,297.0,0.0,0.0,0.0,1.0,1
22,95.0,8.88012605,378.0,0.0,1.0,0.0,0.0,1
25,95.0,15.67848238,310.0,0.0,0.0,0.0,1.0,0
24,95.0,16.56585884,253.0,1.0,0.0,0.0,0.0,0
22,95.0,6.202275223,251.0,0.0,1.0,0.0,0.0,1
23,95.0,12.76402932,349.0,0.0,0.0,1.0,0.0,1
23,95.0,14.75399666,419.0,0.0,1.0,0.0,0.0,0
25,95.0,15.16773612,311.0,0.0,0.0,0.0,1.0,0
23,89.0,16.11639251,257.0,0.0,1.0,0.0,0.0,0
22,95.0,6.698275399,259.0,0.0,1.0,0.0,0.0,1
22,95.0,6.740875089,255.0,0.0,1.0,0.0,0.0,1
26,90.0,19.31496687,390.0,1.0,0.0,0.0,0.0,1
23,95.0,9.757364232,184.5,0.0,1.0,0.0,0.0,1
22,95.0,5.886678992,266.0,0.0,1.0,0.0,0.0,1
23,87.5,6.323687334,288.0,0.0,0.0,0.0,1.0,1
24,95.0,11.59594835,430.0,0.0,0.0,1.0,0.0,0
25,87.5,14.1136139,316.0,1.0,0.0,0.0,0.0,1
22,89.0,12.69256136,335.0,0.0,0.0,0.0,1.0,1
23,90.0,15.00096563,184.5,0.0,0.0,0.0,1.0,1
23,91.0,8.264637967,363.0,0.0,0.0,0.0,1.0,1
22,90.0,12.98058343,322.0,0.0,0.0,0.0,1.0,1
23,95.0,8.619414571,192.0,0.0,1.0,0.0,0.0,1
26,94.0,14.91822038,305.0,1.0,0.0,0.0,0.0,1
23,90.0,12.83585424,323.0,0.0,0.0,0.0,1.0,1
23,95.0,15.00096563,412.0,0.0,1.0,0.0,0.0,0
24,90.0,12.90803823,337.0,0.0,0.0,0.0,1.0,1
23,95.0,15.76515749,251.0,0.0,1.0,0.0,0.0,0
23,90.0,12.69256136,352.0,0.0,0.0,1.0,0.0,1
24,93.0,11.39978246,371.0,0.0,0.0,0.0,1.0,1
24,95.0,11.59594835,376.0,0.0,0.0,0.0,1.0,1
23,92.0,10.22184745,359.0,0.0,0.0,0.0,1.0,1
23,90.0,12.90803823,323.0,0.0,0.0,0.0,1.0,1
24,95.0,15.16773612,393.0,0.0,1.0,0.0,0.0,0
22,95.0,7.267899623,354.0,0.0,1.0,0.0,0.0,1
24,95.0,13.27441976,418.0,0.0,0.0,1.0,0.0,0
23,94.0,5.545397326,347.0,0.0,1.0,0.0,0.0,1
22,95.0,5.886678992,256.0,0.0,1.0,0.0,0.0,1
23,95.0,14.83589827,391.0,0.0,1.0,0.0,0.0,0
23,89.0,10.34079221,360.0,0.0,0.0,0.0,1.0,1
23,95.0,15.25176672,253.0,0.0,1.0,0.0,0.0,0
23,95.0,14.51078894,217.0,0.0,1.0,0.0,0.0,0
23,95.0,15.00096563,357.0,0.0,1.0,0.0,0.0,0
22,90.0,7.000692513,272.0,0.0,1.0,0.0,0.0,1
22,93.0,12.76402932,355.0,0.0,0.0,0.0,1.0,1
23,90.0,12.55068787,330.0,0.0,0.0,0.0,1.0,1
23,95.0,15.85228317,259.0,0.0,1.0,0.0,0.0,0
23,95.0,12.76402932,364.0,0.0,0.0,1.0,0.0,1
25,87.5,13.80304952,327.0,1.0,0.0,0.0,0.0,1
23,90.0,15.33623116,184.5,0.0,0.0,0.0,1.0,1
22,93.0,11.862037,355.0,0.0,0.0,0.0,1.0,1
23,95.0,15.85228317,258.0,0.0,1.0,0.0,0.0,0
23,90.0,12.41021712,328.0,0.0,0.0,0.0,1.0,1
24,95.0,15.00096563,378.0,0.0,1.0,0.0,0.0,0
22,95.0,6.956882353,354.0,0.0,1.0,0.0,0.0,1
22,95.0,9.039550676,184.5,0.0,1.0,0.0,0.0,1
22,95.0,6.202275223,258.0,0.0,1.0,0.0,0.0,1
25,95.0,13.3488037,369.0,0.0,0.0,0.0,1.0,0
25,95.0,16.29477154,184.5,1.0,0.0,0.0,0.0,0
25,95.0,7.730278953,195.0,0.0,0.0,0.0,1.0,1
23,89.0,7.404343951,294.0,0.0,0.0,0.0,1.0,1
24,95.0,14.43054353,351.0,0.0,0.0,1.0,0.0,1
23,95.0,8.0671142,184.5,0.0,1.0,0.0,0.0,1
25,95.0,13.57421101,374.0,0.0,0.0,0.0,1.0,0
23,89.0,12.62144823,352.0,0.0,0.0,0.0,1.0,1
25,93.0,6.655874013,407.0,0.0,0.0,0.0,1.0,1
27,87.5,8.568009903,359.0,0.0,0.0,0.0,1.0,1
26,89.0,19.20950925,377.0,1.0,0.0,0.0,0.0,1
22,95.0,9.255689372,389.0,0.0,1.0,0.0,0.0,1
26,88.0,7.313168177,400.0,0.0,0.0,0.0,1.0,1
24,95.0,19.74258151,272.0,0.0,1.0,0.0,0.0,0
23,95.0,16.11639251,201.0,0.0,1.0,0.0,0.0,0
23,95.0,14.67251295,390.0,0.0,1.0,0.0,0.0,0
23,95.0,16.38466179,245.0,0.0,1.0,0.0,0.0,0
23,87.5,12.62144823,337.0,0.0,0.0,1.0,0.0,1
23,93.0,11.01598084,383.0,0.0,0.0,0.0,1.0,1
26,90.0,18.38606989,390.0,1.0,0.0,0.0,0.0,1
25,95.0,9.255689372,324.0,0.0,0.0,1.0,0.0,0
23,88.0,7.404343951,290.0,0.0,0.0,0.0,1.0,1
24,95.0,13.88010234,321.0,0.0,0.0,1.0,0.0,1
24,95.0,19.20950925,286.0,1.0,0.0,0.0,0.0,0
25,95.0,7.730278953,203.0,0.0,0.0,0.0,1.0,1
25,95.0,15.50647254,324.0,0.0,0.0,0.0,1.0,0
23,93.0,12.76402932,348.0,0.0,0.0,1.0,0.0,1
22,95.0,8.364807255,377.0,0.0,1.0,0.0,0.0,1
26,91.0,6.869873736,404.0,0.0,0.0,0.0,1.0,1
23,89.0,8.516848104,362.0,0.0,0.0,0.0,1.0,1
26,87.5,18.38606989,389.0,1.0,0.0,0.0,0.0,1
24,95.0,12.69256136,306.0,0.0,0.0,0.0,1.0,0
25,95.0,11.07916988,304.0,0.0,0.0,1.0,0.0,0
23,92.0,11.01598084,351.0,0.0,0.0,0.0,1.0,1
24,87.5,4.441500903,327.0,0.0,1.0,0.0,0.0,1
22,95.0,5.076997025,290.0,0.0,1.0,0.0,0.0,1
24,95.0,20.62641439,313.0,1.0,0.0,0.0,0.0,1
25,95.0,11.33503171,295.0,0.0,0.0,1.0,0.0,0
26,90.0,20.40179801,373.0,1.0,0.0,0.0,0.0,1
22,91.0,13.12676612,332.0,0.0,0.0,0.0,1.0,1
26,95.0,15.42113219,311.0,1.0,0.0,0.0,0.0,1
25,95.0,10.82824911,451.0,0.0,0.0,1.0,0.0,0
22,95.0,8.722957641,190.0,0.0,1.0,0.0,0.0,1
23,95.0,15.25176672,390.0,0.0,1.0,0.0,0.0,0
23,95.0,20.06947764,344.0,0.0,1.0,0.0,0.0,0
22,95.0,6.529850053,249.0,0.0,1.0,0.0,0.0,1
23,95.0,4.972872478,340.0,0.0,1.0,0.0,0.0,1
25,95.0,8.933015125,436.0,0.0,0.0,1.0,0.0,0
23,88.0,7.542720421,289.0,0.0,0.0,0.0,1.0,1
23,95.0,12.20210529,317.0,0.0,0.0,1.0,0.0,1
25,95.0,13.42356205,405.0,0.0,0.0,1.0,0.0,0
25,87.5,19.00030193,402.0,1.0,0.0,0.0,0.0,1
23,95.0,15.50647254,252.0,0.0,1.0,0.0,0.0,0
24,95.0,14.67251295,252.0,0.0,1.0,0.0,0.0,0
22,95.0,12.62144823,335.0,0.0,0.0,1.0,0.0,1
25,95.0,9.987371503,346.0,0.0,0.0,1.0,0.0,0
22,93.0,12.34050263,350.0,0.0,0.0,0.0,1.0,1
23,95.0,4.972872478,342.0,0.0,1.0,0.0,0.0,1
25,95.0,10.04556771,352.0,0.0,0.0,1.0,0.0,0
23,95.0,12.76402932,331.0,0.0,0.0,1.0,0.0,1
23,95.0,6.571662296,255.0,0.0,1.0,0.0,0.0,1
25,95.0,9.929454577,345.0,0.0,0.0,1.0,0.0,0
23,95.0,15.33623116,395.0,0.0,1.0,0.0,0.0,0
23,92.0,12.83585424,345.0,0.0,0.0,1.0,0.0,1
23,87.5,12.55068787,346.0,0.0,0.0,1.0,0.0,1
26,90.0,19.00030193,397.0,1.0,0.0,0.0,0.0,1
25,89.0,19.10462223,386.0,1.0,0.0,0.0,0.0,1
23,95.0,14.83589827,368.0,0.0,1.0,0.0,0.0,0
23,89.0,8.116146322,302.0,0.0,0.0,0.0,1.0,1
22,95.0,5.042126986,308.0,0.0,1.0,0.0,0.0,1
24,89.0,13.49869706,401.0,0.0,0.0,0.0,1.0,1
25,95.0,11.39978246,423.0,0.0,0.0,1.0,0.0,0
24,95.0,16.56585884,202.0,0.0,1.0,0.0,0.0,0
24,89.0,13.49869706,391.0,0.0,0.0,0.0,1.0,1
23,92.0,9.929454577,359.0,0.0,0.0,0.0,1.0,1
24,95.0,15.76515749,254.0,0.0,1.0,0.0,0.0,0
24,95.0,11.99705843,371.0,0.0,0.0,0.0,1.0,1
24,95.0,14.19224347,315.0,0.0,0.0,1.0,0.0,1
23,95.0,14.35070581,214.0,0.0,1.0,0.0,0.0,0
26,90.0,20.40179801,296.0,1.0,0.0,0.0,0.0,1
26,91.0,7.044707922,394.0,0.0,0.0,0.0,1.0,1
26,95.0,16.65717174,313.0,1.0,0.0,0.0,0.0,1
25,95.0,11.53023895,429.0,0.0,0.0,1.0,0.0,0
23,95.0,12.83585424,344.0,0.0,0.0,1.0,0.0,1
22,95.0,5.695315198,312.0,0.0,1.0,0.0,0.0,1
25,87.5,13.27441976,340.0,1.0,0.0,0.0,0.0,1
24,95.0,14.75399666,378.0,0.0,1.0,0.0,0.0,0
23,95.0,16.93400512,247.0,0.0,1.0,0.0,0.0,0
23,87.5,6.323687334,286.0,0.0,0.0,0.0,1.0,1
25,95.0,14.83589827,265.0,1.0,0.0,0.0,0.0,0
24,95.0,19.52760946,318.0,1.0,0.0,0.0,0.0,1
22,95.0,9.8718154,192.0,0.0,1.0,0.0,0.0,1
22,90.0,12.98058343,329.0,0.0,0.0,0.0,1.0,1
25,95.0,9.929454577,288.0,0.0,0.0,1.0,0.0,0
23,95.0,4.870193845,351.0,0.0,1.0,0.0,0.0,1
25,95.0,14.1136139,378.0,0.0,0.0,0.0,1.0,0
25,95.0,15.85228317,325.0,0.0,0.0,0.0,1.0,0
22,95.0,7.044707922,348.0,0.0,1.0,0.0,0.0,1
26,94.0,6.405576451,401.0,0.0,0.0,0.0,1.0,1
23,95.0,19.95991509,337.0,0.0,1.0,0.0,0.0,0
23,95.0,14.35070581,343.0,0.0,0.0,1.0,0.0,1
24,95.0,15.33623116,399.0,0.0,1.0,0.0,0.0,0
25,93.0,6.869873736,407.0,0.0,0.0,0.0,1.0,1
23,95.0,8.933015125,196.0,0.0,1.0,0.0,0.0,1
23,95.0,16.47502321,254.0,0.0,1.0,0.0,0.0,0
23,89.0,12.62144823,340.0,0.0,0.0,0.0,1.0,1
23,87.5,13.12676612,345.0,0.0,0.0,1.0,0.0,1
24,95.0,12.62144823,300.0,0.0,0.0,0.0,1.0,0
25,95.0,17.88911347,370.0,1.0,0.0,0.0,0.0,1
24,95.0,15.42113219,374.0,0.0,1.0,0.0,0.0,0
25,95.0,13.05349201,389.0,0.0,0.0,0.0,1.0,0
25,95.0,15.42113219,380.0,0.0,0.0,0.0,1.0,0
25,93.0,6.48823229,401.0,0.0,0.0,0.0,1.0,1
23,95.0,14.43054353,308.0,0.0,0.0,0.0,1.0,0
25,95.0,15.25176672,381.0,0.0,0.0,0.0,1.0,0
25,95.0,16.02789778,382.0,0.0,0.0,0.0,1.0,0
25,93.0,6.283027997,392.0,0.0,0.0,0.0,1.0,1
24,89.0,13.42356205,410.0,0.0,0.0,0.0,1.0,1
26,88.0,18.89654455,400.0,1.0,0.0,0.0,0.0,1
23,95.0,12.62144823,333.0,0.0,0.0,1.0,0.0,1
23,88.0,7.358649263,288.0,0.0,0.0,0.0,1.0,1
23,95.0,15.08413665,255.0,0.0,1.0,0.0,0.0,0
22,95.0,6.571662296,259.0,0.0,1.0,0.0,0.0,1
22,95.0,12.55068787,320.0,0.0,0.0,1.0,0.0,1
24,95.0,18.89654455,268.0,0.0,1.0,0.0,0.0,0
22,95.0,6.913276429,293.0,0.0,1.0,0.0,0.0,1
25,89.0,20.06947764,303.0,1.0,0.0,0.0,0.0,1
24,95.0,15.50647254,383.0,0.0,0.0,0.0,1.0,0
23,95.0,8.722957641,190.0,0.0,1.0,0.0,0.0,1
22,95.0,5.582615631,309.0,0.0,1.0,0.0,0.0,1
23,95.0,4.768941936,352.0,0.0,1.0,0.0,0.0,1
23,95.0,14.75399666,212.0,0.0,1.0,0.0,0.0,0
23,95.0,16.74896501,258.0,0.0,1.0,0.0,0.0,0
22,91.0,12.55068787,337.0,0.0,0.0,1.0,0.0,1
25,95.0,12.98058343,364.0,0.0,0.0,0.0,1.0,0
22,95.0,9.147105109,385.0,0.0,1.0,0.0,0.0,1
25,95.0,10.46089174,445.0,0.0,0.0,1.0,0.0,0
22,95.0,4.904260592,341.0,0.0,1.0,0.0,0.0,1
24,95.0,13.88010234,309.0,0.0,0.0,1.0,0.0,1
24,95.0,14.91822038,367.0,0.0,1.0,0.0,0.0,0
24,95.0,14.27127328,346.0,0.0,0.0,1.0,0.0,1
25,95.0,15.93986231,369.0,0.0,0.0,0.0,1.0,0
23,95.0,18.08630257,383.0,0.0,1.0,0.0,0.0,0
23,95.0,14.83589827,428.0,0.0,1.0,0.0,0.0,0
23,90.0,13.27441976,326.0,0.0,0.0,0.0,1.0,1
24,95.0,14.03538213,294.0,0.0,0.0,1.0,0.0,1
22,95.0,5.925488904,313.0,0.0,1.0,0.0,0.0,1
22,93.0,12.83585424,327.0,0.0,0.0,1.0,0.0,1
22,92.0,9.757364232,356.0,0.0,0.0,0.0,1.0,1
25,95.0,13.88010234,391.0,0.0,0.0,0.0,1.0,0
25,95.0,10.10404473,438.0,0.0,0.0,1.0,0.0,0
23,95.0,15.08413665,377.0,0.0,1.0,0.0,0.0,0
25,95.0,11.07916988,318.0,0.0,0.0,1.0,0.0,0
22,87.5,12.13341843,336.0,0.0,0.0,1.0,0.0,1
26,91.0,20.62641439,387.0,1.0,0.0,0.0,0.0,1
24,89.0,13.42356205,396.0,0.0,0.0,0.0,1.0,1
24,95.0,14.35070581,247.0,0.0,0.0,1.0,0.0,1
22,95.0,6.783674055,248.0,0.0,1.0,0.0,0.0,1
23,95.0,17.30998858,247.0,0.0,1.0,0.0,0.0,0
25,95.0,10.16280412,292.0,0.0,0.0,1.0,0.0,0
22,95.0,6.740875089,240.0,0.0,1.0,0.0,0.0,1
26,90.0,20.06947764,394.0,1.0,0.0,0.0,0.0,1
23,95.0,19.74258151,293.0,0.0,1.0,0.0,0.0,0
26,90.0,19.10462223,378.0,1.0,0.0,0.0,0.0,1
24,89.0,13.72638492,390.0,0.0,0.0,0.0,1.0,1
23,95.0,16.47502321,245.0,0.0,1.0,0.0,0.0,0
23,95.0,19.74258151,339.0,0.0,1.0,0.0,0.0,0
24,95.0,16.56585884,248.0,1.0,0.0,0.0,0.0,0
25,87.5,12.69256136,337.0,1.0,0.0,0.0,0.0,1
22,95.0,7.0889296,299.0,0.0,1.0,0.0,0.0,1
23,95.0,12.83585424,350.0,0.0,0.0,1.0,0.0,1
24,95.0,14.91822038,355.0,0.0,1.0,0.0,0.0,0
24,95.0,12.13341843,288.0,0.0,0.0,0.0,1.0,0
23,87.5,12.62144823,347.0,0.0,0.0,1.0,0.0,1
26,94.0,15.00096563,301.0,1.0,0.0,0.0,0.0,1
26,93.0,18.7933463,395.0,1.0,0.0,0.0,0.0,1
23,95.0,19.63480231,277.0,0.0,1.0,0.0,0.0,0
24,95.0,14.91822038,372.0,0.0,1.0,0.0,0.0,0
22,95.0,7.589280351,357.0,0.0,1.0,0.0,0.0,1
24,95.0,19.10462223,287.0,1.0,0.0,0.0,0.0,0
22,95.0,7.044707922,349.0,0.0,1.0,0.0,0.0,1
23,90.0,12.62144823,317.0,0.0,0.0,0.0,1.0,1
23,95.0,14.91822038,249.0,0.0,1.0,0.0,0.0,0
23,95.0,4.836285621,346.0,0.0,1.0,0.0,0.0,1
23,87.5,6.122270991,289.0,0.0,0.0,0.0,1.0,1
22,89.0,12.76402932,336.0,0.0,0.0,1.0,0.0,1
22,95.0,6.913276429,298.0,0.0,1.0,0.0,0.0,1
23,89.0,12.41021712,345.0,0.0,0.0,0.0,1.0,1
24,95.0,13.80304952,398.0,0.0,0.0,1.0,0.0,0
24,89.0,13.20040797,402.0,0.0,0.0,0.0,1.0,1
23,90.0,13.05349201,331.0,0.0,0.0,0.0,1.0,1
24,89.0,13.42356205,388.0,0.0,0.0,0.0,1.0,1
23,95.0,7.450253315,299.0,0.0,1.0,0.0,0.0,1
22,95.0,7.000692513,342.0,0.0,1.0,0.0,0.0,1
23,89.0,8.364807255,300.0,0.0,0.0,0.0,1.0,1
24,95.0,15.16773612,379.0,0.0,1.0,0.0,0.0,0
23,95.0,19.63480231,184.5,0.0,1.0,0.0,0.0,0
26,94.0,18.28561157,378.0,1.0,0.0,0.0,0.0,1
24,95.0,15.00096563,372.0,0.0,1.0,0.0,0.0,0
26,95.0,14.1136139,313.0,1.0,0.0,0.0,0.0,1
26,92.0,6.529850053,392.0,0.0,0.0,0.0,1.0,1
23,95.0,16.56585884,256.0,0.0,1.0,0.0,0.0,0
24,95.0,19.00030193,284.0,1.0,0.0,0.0,0.0,0
25,95.0,10.95309884,305.0,0.0,0.0,1.0,0.0,0
22,95.0,7.000692513,250.0,0.0,1.0,0.0,0.0,1
22,94.0,13.65010619,349.0,0.0,0.0,0.0,1.0,1
25,95.0,11.862037,348.0,0.0,0.0,1.0,0.0,0
25,87.5,12.34050263,344.0,1.0,0.0,0.0,0.0,1
23,95.0,20.17964285,353.0,0.0,1.0,0.0,0.0,0
23,95.0,17.12100442,247.0,0.0,1.0,0.0,0.0,0
26,94.0,15.16773612,303.0,1.0,0.0,0.0,0.0,1
24,90.0,16.29477154,317.0,1.0,0.0,0.0,0.0,1
23,95.0,17.59724365,400.0,0.0,1.0,0.0,0.0,0
23,89.0,7.825388265,290.0,0.0,0.0,0.0,1.0,1
22,95.0,9.987371503,194.0,0.0,1.0,0.0,0.0,1
24,95.0,12.98058343,256.0,1.0,0.0,0.0,0.0,0
24,95.0,18.69070341,269.0,0.0,1.0,0.0,0.0,0
23,95.0,19.85095108,355.0,0.0,1.0,0.0,0.0,0
25,95.0,10.95309884,449.0,0.0,0.0,1.0,0.0,0
24,95.0,13.49869706,259.0,1.0,0.0,0.0,0.0,0
23,95.0,4.603308323,331.0,0.0,1.0,0.0,0.0,1
23,92.0,13.88010234,338.0,0.0,0.0,0.0,1.0,1
25,95.0,10.95309884,301.0,0.0,0.0,1.0,0.0,0
23,91.0,8.264637967,362.0,0.0,0.0,0.0,1.0,1
23,95.0,12.69256136,339.0,0.0,0.0,1.0,0.0,1
24,89.0,13.80304952,403.0,0.0,0.0,0.0,1.0,1
25,87.5,13.57421101,351.0,1.0,0.0,0.0,0.0,1
22,95.0,6.956882353,288.0,0.0,1.0,0.0,0.0,1
23,95.0,8.775098629,193.0,0.0,1.0,0.0,0.0,1
23,87.5,12.55068787,342.0,0.0,0.0,1.0,0.0,1
23,95.0,13.27441976,349.0,0.0,0.0,1.0,0.0,1
23,95.0,14.91822038,210.0,0.0,1.0,0.0,0.0,0
23,90.0,12.48027818,328.0,0.0,0.0,0.0,1.0,1
24,95.0,17.88911347,258.0,0.0,1.0,0.0,0.0,0
26,94.0,15.42113219,310.0,1.0,0.0,0.0,0.0,1
23,89.0,7.404343951,288.0,0.0,0.0,0.0,1.0,1
24,95.0,14.35070581,307.0,0.0,0.0,0.0,1.0,0
23,95.0,12.62144823,344.0,0.0,0.0,1.0,0.0,1
23,88.0,7.636059339,287.0,0.0,0.0,0.0,1.0,1
22,95.0,12.83585424,328.0,0.0,0.0,1.0,0.0,1
23,95.0,15.08413665,251.0,0.0,1.0,0.0,0.0,0
25,95.0,11.66198098,354.0,0.0,0.0,1.0,0.0,0
23,95.0,9.201267821,184.5,0.0,1.0,0.0,0.0,1
22,95.0,7.730278953,361.0,0.0,1.0,0.0,0.0,1
26,91.0,7.000692513,411.0,0.0,0.0,0.0,1.0,1
23,95.0,13.27441976,354.0,0.0,0.0,1.0,0.0,1
22,95.0,7.542720421,340.0,0.0,1.0,0.0,0.0,1
25,95.0,14.1136139,411.0,0.0,0.0,1.0,0.0,0
23,95.0,12.20210529,330.0,0.0,0.0,1.0,0.0,1
25,93.0,6.655874013,392.0,0.0,0.0,0.0,1.0,1
22,95.0,7.496378442,299.0,0.0,1.0,0.0,0.0,1
23,95.0,11.39978246,392.0,0.0,1.0,0.0,0.0,1
24,95.0,12.83585424,375.0,0.0,0.0,0.0,1.0,0
23,95.0,6.529850053,251.0,0.0,1.0,0.0,0.0,1
23,89.0,9.420521035,311.0,0.0,0.0,0.0,1.0,1
26,92.0,6.446808067,391.0,0.0,0.0,0.0,1.0,1
25,92.0,18.58861217,382.0,1.0,0.0,0.0,0.0,1
22,95.0,9.201267821,389.0,0.0,1.0,0.0,0.0,1
24,95.0,11.99705843,289.0,0.0,0.0,0.0,1.0,0
23,95.0,16.29477154,257.0,0.0,1.0,0.0,0.0,0
25,95.0,9.8718154,323.0,0.0,0.0,1.0,0.0,0
25,89.0,19.31496687,381.0,1.0,0.0,0.0,0.0,1
24,95.0,15.76515749,251.0,0.0,1.0,0.0,0.0,0
23,89.0,8.0671142,309.0,0.0,0.0,0.0,1.0,1
25,95.0,11.14266773,298.0,0.0,0.0,1.0,0.0,0
24,95.0,14.67251295,409.0,0.0,1.0,0.0,0.0,0
25,87.5,14.51078894,337.0,1.0,0.0,0.0,0.0,1
22,93.0,11.20647613,352.0,0.0,0.0,0.0,1.0,1
25,95.0,13.05349201,374.0,0.0,0.0,0.0,1.0,0
22,92.0,13.65010619,328.0,0.0,0.0,0.0,1.0,1
25,88.0,15.42113219,322.0,1.0,0.0,0.0,0.0,1
23,91.0,10.04556771,350.0,0.0,0.0,0.0,1.0,1
23,88.0,7.921396405,296.0,0.0,0.0,0.0,1.0,1
23,95.0,6.202275223,246.0,0.0,1.0,0.0,0.0,1
24,95.0,12.06507013,286.0,0.0,0.0,0.0,1.0,0
24,95.0,15.00096563,315.0,0.0,0.0,0.0,1.0,0
26,90.0,20.29041491,298.0,1.0,0.0,0.0,0.0,1
25,88.0,19.31496687,371.0,1.0,0.0,0.0,0.0,1
24,95.0,14.91822038,401.0,0.0,1.0,0.0,0.0,0
26,90.0,19.63480231,402.0,1.0,0.0,0.0,0.0,1
25,95.0,12.76402932,307.0,0.0,0.0,0.0,1.0,0
23,95.0,14.67251295,400.0,0.0,1.0,0.0,0.0,0
23,87.5,12.62144823,335.0,0.0,0.0,1.0,0.0,1
25,95.0,10.16280412,355.0,0.0,0.0,1.0,0.0,0
25,95.0,9.8718154,313.0,0.0,0.0,1.0,0.0,0
23,90.0,12.55068787,322.0,0.0,0.0,0.0,1.0,1
22,92.0,10.76627794,355.0,0.0,0.0,0.0,1.0,1
24,95.0,16.47502321,256.0,0.0,1.0,0.0,0.0,0
23,92.0,10.52137857,358.0,0.0,0.0,0.0,1.0,1
26,94.0,14.51078894,304.0,1.0,0.0,0.0,0.0,1
22,95.0,6.529850053,258.0,0.0,1.0,0.0,0.0,1
23,92.0,9.929454577,356.0,0.0,0.0,0.0,1.0,1
26,95.0,14.43054353,308.0,1.0,0.0,0.0,0.0,1
23,90.0,15.33623116,321.0,0.0,0.0,0.0,1.0,1
24,95.0,14.35070581,369.0,0.0,1.0,0.0,0.0,0
26,87.5,8.31460431,414.0,0.0,0.0,0.0,1.0,1
23,87.5,12.69256136,342.0,0.0,0.0,1.0,0.0,1
26,92.0,6.529850053,399.0,0.0,0.0,0.0,1.0,1
24,95.0,16.29477154,350.0,0.0,0.0,0.0,1.0,0
22,95.0,4.938486566,344.0,0.0,1.0,0.0,0.0,1
23,95.0,14.67251295,411.0,0.0,1.0,0.0,0.0,0
23,95.0,13.05349201,342.0,0.0,0.0,1.0,0.0,1
24,95.0,13.12676612,403.0,0.0,0.0,1.0,0.0,0
22,95.0,5.076997025,361.0,0.0,1.0,0.0,0.0,1
23,95.0,15.00096563,394.0,0.0,1.0,0.0,0.0,0
24,95.0,17.12100442,257.0,1.0,0.0,0.0,0.0,0
25,95.0,11.59594835,430.0,0.0,0.0,1.0,0.0,0
23,95.0,14.91822038,369.0,0.0,1.0,0.0,0.0,0
22,92.0,10.22184745,358.0,0.0,0.0,0.0,1.0,1
22,95.0,6.740875089,242.0,0.0,1.0,0.0,0.0,1
24,95.0,14.83589827,371.0,0.0,1.0,0.0,0.0,0
25,95.0,15.42113219,405.0,0.0,0.0,0.0,1.0,0
24,95.0,15.16773612,397.0,0.0,1.0,0.0,0.0,0
23,89.0,9.987371503,368.0,0.0,0.0,0.0,1.0,1
23,95.0,19.74258151,338.0,0.0,1.0,0.0,0.0,0
23,92.0,11.20647613,354.0,0.0,0.0,0.0,1.0,1
24,95.0,12.83585424,300.0,0.0,0.0,0.0,1.0,0
25,89.0,14.59144457,317.0,1.0,0.0,0.0,0.0,1
22,95.0,5.147226326,359.0,0.0,1.0,0.0,0.0,1
22,95.0,9.093199852,184.5,0.0,1.0,0.0,0.0,1
24,95.0,13.3488037,258.0,1.0,0.0,0.0,0.0,0
22,94.0,11.99705843,349.0,0.0,0.0,0.0,1.0,1
22,95.0,4.570643409,355.0,0.0,1.0,0.0,0.0,1
23,95.0,15.85228317,250.0,0.0,1.0,0.0,0.0,0
22,95.0,6.783674055,299.0,0.0,1.0,0.0,0.0,1
24,95.0,15.42113219,393.0,0.0,1.0,0.0,0.0,0
22,95.0,5.007419045,353.0,0.0,1.0,0.0,0.0,1
24,95.0,12.06507013,256.0,1.0,0.0,0.0,0.0,0
22,89.0,12.69256136,323.0,0.0,0.0,1.0,0.0,1
23,95.0,20.06947764,335.0,0.0,1.0,0.0,0.0,0
25,95.0,15.42113219,391.0,0.0,0.0,0.0,1.0,0
25,87.5,12.62144823,346.0,1.0,0.0,0.0,0.0,1
23,89.0,7.496378442,292.0,0.0,0.0,0.0,1.0,1
24,95.0,18.69070341,253.0,1.0,0.0,0.0,0.0,0
24,95.0,15.00096563,387.0,0.0,1.0,0.0,0.0,0
26,94.0,6.655874013,401.0,0.0,0.0,0.0,1.0,1
24,95.0,14.27127328,352.0,0.0,0.0,1.0,0.0,1
23,89.0,12.48027818,337.0,0.0,0.0,0.0,1.0,1
23,95.0,14.83589827,320.0,0.0,0.0,0.0,1.0,0
22,95.0,12.76402932,342.0,0.0,0.0,1.0,0.0,1
24,95.0,11.59594835,407.0,0.0,0.0,1.0,0.0,0
23,95.0,5.50835179,252.0,0.0,1.0,0.0,0.0,1
26,90.0,20.29041491,381.0,1.0,0.0,0.0,0.0,1
24,95.0,13.95754575,308.0,0.0,0.0,1.0,0.0,1
23,95.0,14.91822038,359.0,0.0,1.0,0.0,0.0,0
22,92.0,10.28117628,361.0,0.0,0.0,0.0,1.0,1
24,95.0,14.59144457,315.0,0.0,0.0,0.0,1.0,0
23,95.0,14.83589827,429.0,0.0,1.0,0.0,0.0,0
24,95.0,12.20210529,366.0,0.0,0.0,0.0,1.0,1
23,89.0,7.873279406,298.0,0.0,0.0,0.0,1.0,1
22,95.0,4.802535216,344.0,0.0,1.0,0.0,0.0,1
22,87.5,7.542720421,305.0,0.0,1.0,0.0,0.0,1
26,90.0,20.51379641,295.0,1.0,0.0,0.0,0.0,1
22,95.0,8.516848104,186.0,0.0,1.0,0.0,0.0,1
22,90.0,12.62144823,328.0,0.0,0.0,1.0,0.0,1
23,95.0,14.59144457,401.0,0.0,1.0,0.0,0.0,0
22,95.0,7.450253315,372.0,0.0,1.0,0.0,0.0,1
22,92.0,10.89052217,354.0,0.0,0.0,0.0,1.0,1
23,95.0,15.08413665,219.0,0.0,1.0,0.0,0.0,0
23,90.0,13.05349201,335.0,0.0,0.0,0.0,1.0,1
25,87.5,14.43054353,323.0,1.0,0.0,0.0,0.0,1
22,95.0,6.571662296,254.0,0.0,1.0,0.0,0.0,1
26,95.0,14.27127328,308.0,1.0,0.0,0.0,0.0,1
25,95.0,9.644005982,270.0,0.0,0.0,1.0,0.0,0
23,95.0,16.65717174,247.0,0.0,1.0,0.0,0.0,0
22,87.5,12.55068787,341.0,0.0,0.0,1.0,0.0,1
22,93.0,13.20040797,349.0,0.0,0.0,0.0,1.0,1
23,95.0,15.33623116,445.0,0.0,1.0,0.0,0.0,0
22,95.0,13.05349201,328.0,0.0,0.0,1.0,0.0,1
23,95.0,14.67251295,408.0,0.0,1.0,0.0,0.0,0
22,92.0,9.420521035,359.0,0.0,0.0,0.0,1.0,1
25,95.0,10.95309884,293.0,0.0,0.0,1.0,0.0,0
23,95.0,14.91822038,362.0,0.0,1.0,0.0,0.0,0
22,95.0,6.529850053,255.0,0.0,1.0,0.0,0.0,1
25,95.0,7.730278953,206.0,0.0,0.0,0.0,1.0,1
23,95.0,8.465927903,184.5,0.0,1.0,0.0,0.0,1
23,89.0,6.783674055,286.0,0.0,0.0,0.0,1.0,1
23,95.0,11.07916988,398.0,0.0,1.0,0.0,0.0,1
25,95.0,9.420521035,436.0,0.0,0.0,1.0,0.0,0
25,87.5,18.7933463,384.0,1.0,0.0,0.0,0.0,1
22,95.0,9.201267821,388.0,0.0,1.0,0.0,0.0,1
26,91.0,20.40179801,299.0,1.0,0.0,0.0,0.0,1
23,95.0,15.93986231,249.0,0.0,1.0,0.0,0.0,0
22,93.0,11.59594835,355.0,0.0,0.0,0.0,1.0,1
25,95.0,9.700549236,349.0,0.0,0.0,1.0,0.0,0
22,95.0,12.83585424,331.0,0.0,0.0,1.0,0.0,1
22,87.5,12.34050263,344.0,0.0,0.0,1.0,0.0,1
25,95.0,10.22184745,444.0,0.0,0.0,1.0,0.0,0
25,95.0,11.92938136,421.0,0.0,0.0,1.0,0.0,0
25,88.0,14.91822038,325.0,1.0,0.0,0.0,0.0,1
25,95.0,14.91822038,379.0,0.0,0.0,0.0,1.0,0
22,95.0,4.904260592,353.0,0.0,1.0,0.0,0.0,1
22,93.0,13.57421101,351.0,0.0,0.0,0.0,1.0,1
25,95.0,11.53023895,457.0,0.0,0.0,1.0,0.0,0
23,90.0,12.62144823,333.0,0.0,0.0,0.0,1.0,1
23,95.0,9.475991969,389.0,0.0,1.0,0.0,0.0,1
24,95.0,14.91822038,319.0,0.0,0.0,0.0,1.0,0
26,89.0,19.31496687,396.0,1.0,0.0,0.0,0.0,1
23,95.0,12.41021712,329.0,0.0,0.0,1.0,0.0,1
24,93.0,11.59594835,359.0,0.0,0.0,0.0,1.0,1
24,95.0,11.46485093,280.0,0.0,0.0,0.0,1.0,0
24,95.0,14.83589827,322.0,0.0,0.0,0.0,1.0,0
24,95.0,12.48027818,256.0,1.0,0.0,0.0,0.0,0
26,95.0,17.40523312,305.0,1.0,0.0,0.0,0.0,1
26,89.0,19.63480231,377.0,1.0,0.0,0.0,0.0,1
25,95.0,9.987371503,320.0,0.0,0.0,1.0,0.0,0
24,87.5,7.873279406,393.0,0.0,0.0,0.0,1.0,1
25,95.0,12.90803823,370.0,0.0,0.0,0.0,1.0,0
23,95.0,16.56585884,249.0,0.0,1.0,0.0,0.0,0
24,89.0,8.214906999,292.0,0.0,0.0,0.0,1.0,1
25,95.0,15.33623116,410.0,0.0,0.0,0.0,1.0,0
23,95.0,4.538130868,335.0,0.0,1.0,0.0,0.0,1
23,92.0,16.02789778,256.0,0.0,1.0,0.0,0.0,0
25,95.0,14.19224347,376.0,0.0,0.0,0.0,1.0,0
22,95.0,4.972872478,350.0,0.0,1.0,0.0,0.0,1
23,88.0,7.450253315,291.0,0.0,0.0,0.0,1.0,1
24,95.0,15.93986231,379.0,0.0,1.0,0.0,0.0,0
24,95.0,15.50647254,393.0,0.0,1.0,0.0,0.0,0
24,90.0,12.98058343,333.0,0.0,0.0,0.0,1.0,1
21,94.0,9.039550676,380.0,0.0,1.0,0.0,0.0,1
22,90.0,12.76402932,339.0,0.0,0.0,1.0,0.0,1
23,95.0,15.08413665,360.0,0.0,1.0,0.0,0.0,0
25,95.0,15.76515749,329.0,0.0,0.0,0.0,1.0,0
23,95.0,5.042126986,350.0,0.0,1.0,0.0,0.0,1
24,93.0,11.14266773,360.0,0.0,0.0,0.0,1.0,1
24,89.0,15.59225501,318.0,1.0,0.0,0.0,0.0,1
23,89.0,12.90803823,331.0,0.0,0.0,0.0,1.0,1
26,90.0,20.40179801,305.0,1.0,0.0,0.0,0.0,1
26,90.0,19.10462223,383.0,1.0,0.0,0.0,0.0,1
22,95.0,7.133358572,296.0,0.0,1.0,0.0,0.0,1
24,95.0,12.83585424,252.0,1.0,0.0,0.0,0.0,0
23,95.0,8.933015125,184.5,0.0,1.0,0.0,0.0,1
24,95.0,15.85228317,256.0,0.0,1.0,0.0,0.0,0
24,95.0,10.04556771,349.0,0.0,0.0,1.0,0.0,0
24,94.0,11.46485093,378.0,0.0,0.0,0.0,1.0,1
26,94.0,14.43054353,304.0,1.0,0.0,0.0,0.0,1
22,95.0,10.40069682,201.0,0.0,1.0,0.0,0.0,1
25,95.0,4.669097938,443.0,0.0,0.0,1.0,0.0,0
24,94.0,11.59594835,371.0,0.0,0.0,0.0,1.0,1
24,95.0,11.92938136,370.0,0.0,0.0,0.0,1.0,1
25,95.0,7.777721829,197.0,0.0,0.0,0.0,1.0,1
23,95.0,4.505770041,340.0,0.0,1.0,0.0,0.0,1
22,95.0,13.20040797,338.0,0.0,0.0,1.0,0.0,1
26,87.5,7.730278953,404.0,0.0,0.0,0.0,1.0,1
23,95.0,14.43054353,386.0,0.0,1.0,0.0,0.0,0
23,87.5,6.48823229,288.0,0.0,0.0,0.0,1.0,1
23,95.0,14.67251295,248.0,0.0,1.0,0.0,0.0,0
24,95.0,10.10404473,435.0,0.0,0.0,1.0,0.0,0
25,95.0,9.8718154,305.0,0.0,0.0,1.0,0.0,0
23,95.0,9.365314571,184.5,0.0,1.0,0.0,0.0,1
23,95.0,14.91822038,384.0,0.0,1.0,0.0,0.0,0
23,95.0,15.08413665,453.0,0.0,1.0,0.0,0.0,0
23,89.0,7.683058499,311.0,0.0,0.0,0.0,1.0,1
23,95.0,12.83585424,329.0,0.0,0.0,1.0,0.0,1
23,91.0,13.42356205,335.0,0.0,0.0,0.0,1.0,1
25,95.0,9.929454577,317.0,0.0,0.0,1.0,0.0,0
25,95.0,13.3488037,382.0,0.0,0.0,0.0,1.0,0
22,95.0,6.956882353,365.0,0.0,1.0,0.0,0.0,1
25,95.0,15.33623116,184.5,1.0,0.0,0.0,0.0,0
25,95.0,13.05349201,370.0,0.0,0.0,0.0,1.0,0
25,95.0,13.20040797,387.0,0.0,0.0,0.0,1.0,0
23,95.0,16.29477154,252.0,0.0,1.0,0.0,0.0,0
23,90.0,12.83585424,336.0,0.0,0.0,1.0,0.0,1
23,92.0,10.64323454,359.0,0.0,0.0,0.0,1.0,1
24,95.0,11.33503171,410.0,0.0,0.0,1.0,0.0,0
24,95.0,18.7933463,278.0,1.0,0.0,0.0,0.0,0
24,95.0,12.48027818,245.0,1.0,0.0,0.0,0.0,0
23,95.0,14.51078894,215.0,0.0,1.0,0.0,0.0,0
23,89.0,7.133358572,284.0,0.0,0.0,0.0,1.0,1
23,95.0,15.67848238,260.0,0.0,1.0,0.0,0.0,0
22,95.0,9.310371154,393.0,0.0,1.0,0.0,0.0,1
23,95.0,19.85095108,344.0,0.0,1.0,0.0,0.0,0
22,95.0,6.405576451,247.0,0.0,1.0,0.0,0.0,1
22,95.0,13.20040797,334.0,0.0,0.0,1.0,0.0,1
22,95.0,13.65010619,330.0,0.0,0.0,1.0,0.0,1
24,95.0,18.18569032,268.0,0.0,1.0,0.0,0.0,0
22,95.0,7.636059339,364.0,0.0,1.0,0.0,0.0,1
22,95.0,6.242557594,249.0,0.0,1.0,0.0,0.0,1
24,95.0,15.76515749,454.0,0.0,1.0,0.0,0.0,0
26,91.0,6.571662296,402.0,0.0,0.0,0.0,1.0,1
23,87.5,6.043008199,278.0,0.0,0.0,0.0,1.0,1
22,95.0,7.358649263,362.0,0.0,1.0,0.0,0.0,1
24,95.0,14.1136139,307.0,0.0,0.0,1.0,0.0,1
23,95.0,16.56585884,259.0,0.0,1.0,0.0,0.0,0
25,87.5,13.88010234,331.0,1.0,0.0,0.0,0.0,1
23,90.0,12.98058343,326.0,0.0,0.0,0.0,1.0,1
23,95.0,16.11639251,250.0,0.0,1.0,0.0,0.0,0
22,95.0,7.313168177,359.0,0.0,1.0,0.0,0.0,1
25,92.0,6.364536513,395.0,0.0,0.0,0.0,1.0,1
25,95.0,11.07916988,313.0,0.0,0.0,1.0,0.0,0
22,95.0,10.10404473,194.0,0.0,1.0,0.0,0.0,1
25,95.0,11.99705843,414.0,0.0,0.0,1.0,0.0,0
26,92.0,6.613669965,399.0,0.0,0.0,0.0,1.0,1
26,94.0,14.27127328,312.0,1.0,0.0,0.0,0.0,1
23,95.0,7.496378442,301.0,0.0,1.0,0.0,0.0,1
22,95.0,12.69256136,347.0,0.0,0.0,1.0,0.0,1
24,95.0,15.93986231,345.0,0.0,0.0,0.0,1.0,0
25,87.5,13.65010619,351.0,1.0,0.0,0.0,0.0,1
22,95.0,12.98058343,337.0,0.0,0.0,1.0,0.0,1
23,95.0,19.52760946,357.0,0.0,1.0,0.0,0.0,0
22,95.0,7.542720421,346.0,0.0,1.0,0.0,0.0,1
25,95.0,11.862037,359.0,0.0,0.0,1.0,0.0,0
23,95.0,8.465927903,184.5,0.0,1.0,0.0,0.0,1
23,95.0,8.214906999,184.5,0.0,1.0,0.0,0.0,1
25,95.0,6.003652649,446.0,0.0,0.0,1.0,0.0,0
24,93.0,18.38606989,313.0,1.0,0.0,0.0,0.0,1
26,87.5,7.921396405,399.0,0.0,0.0,0.0,1.0,1
22,95.0,4.870193845,338.0,0.0,1.0,0.0,0.0,1
22,95.0,7.450253315,377.0,0.0,1.0,0.0,0.0,1
22,93.0,13.3488037,345.0,0.0,0.0,0.0,1.0,1
22,92.0,10.58215896,355.0,0.0,0.0,0.0,1.0,1
23,95.0,12.76402932,339.0,0.0,0.0,1.0,0.0,1
22,95.0,6.162179985,239.0,0.0,1.0,0.0,0.0,1
25,87.5,8.165410187,398.0,0.0,0.0,0.0,1.0,1
26,94.0,15.33623116,300.0,1.0,0.0,0.0,0.0,1
22,95.0,13.57421101,342.0,0.0,0.0,1.0,0.0,1
25,95.0,13.95754575,370.0,0.0,0.0,0.0,1.0,0
24,89.0,13.80304952,407.0,0.0,0.0,0.0,1.0,1
25,87.5,13.88010234,336.0,1.0,0.0,0.0,0.0,1
23,95.0,20.17964285,357.0,0.0,1.0,0.0,0.0,0
24,95.0,12.62144823,251.0,1.0,0.0,0.0,0.0,0
22,95.0,4.904260592,352.0,0.0,1.0,0.0,0.0,1
22,95.0,6.571662296,249.0,0.0,1.0,0.0,0.0,1
23,89.0,12.76402932,352.0,0.0,0.0,1.0,0.0,1
24,95.0,14.1136139,326.0,0.0,0.0,1.0,0.0,1
23,92.0,9.8718154,357.0,0.0,0.0,0.0,1.0,1
25,95.0,13.20040797,404.0,0.0,0.0,1.0,0.0,0
24,95.0,14.27127328,382.0,0.0,1.0,0.0,0.0,0
23,87.5,12.55068787,329.0,0.0,0.0,1.0,0.0,1
24,95.0,11.99705843,284.0,0.0,0.0,0.0,1.0,0
25,95.0,17.69401633,372.0,1.0,0.0,0.0,0.0,1
22,89.0,12.55068787,308.0,0.0,0.0,0.0,1.0,1
22,95.0,7.000692513,292.0,0.0,1.0,0.0,0.0,1
24,95.0,15.16773612,385.0,0.0,1.0,0.0,0.0,0
23,95.0,5.886678992,258.0,0.0,1.0,0.0,0.0,1
23,88.0,7.589280351,293.0,0.0,0.0,0.0,1.0,1
25,95.0,14.43054353,372.0,0.0,0.0,0.0,1.0,0
25,89.0,19.74258151,387.0,1.0,0.0,0.0,0.0,1
26,95.0,15.59225501,308.0,1.0,0.0,0.0,0.0,1
25,95.0,9.929454577,298.0,0.0,0.0,1.0,0.0,0
22,91.0,12.69256136,339.0,0.0,0.0,1.0,0.0,1
22,95.0,6.783674055,258.0,0.0,1.0,0.0,0.0,1
22,95.0,8.364807255,184.5,0.0,1.0,0.0,0.0,1
24,95.0,12.06507013,367.0,0.0,0.0,0.0,1.0,1
23,95.0,6.571662296,256.0,0.0,1.0,0.0,0.0,1
22,95.0,7.404343951,345.0,0.0,1.0,0.0,0.0,1
25,95.0,12.98058343,384.0,0.0,0.0,0.0,1.0,0
24,87.5,13.65010619,345.0,1.0,0.0,0.0,0.0,1
25,95.0,14.35070581,402.0,0.0,0.0,1.0,0.0,0
22,95.0,7.000692513,341.0,0.0,1.0,0.0,0.0,1
23,95.0,15.08413665,250.0,0.0,1.0,0.0,0.0,0
24,89.0,13.05349201,384.0,0.0,0.0,0.0,1.0,1
23,95.0,16.02789778,353.0,0.0,1.0,0.0,0.0,0
24,95.0,14.83589827,366.0,0.0,1.0,0.0,0.0,0
24,95.0,14.03538213,320.0,0.0,0.0,1.0,0.0,1
22,94.0,12.69256136,325.0,0.0,0.0,1.0,0.0,1
25,87.5,7.0889296,348.0,1.0,0.0,0.0,0.0,1
26,93.0,6.446808067,391.0,0.0,0.0,0.0,1.0,1
26,87.5,8.214906999,419.0,0.0,0.0,0.0,1.0,1
25,95.0,9.929454577,307.0,0.0,0.0,1.0,0.0,0
25,95.0,12.34050263,441.0,0.0,0.0,1.0,0.0,0
24,95.0,12.98058343,255.0,1.0,0.0,0.0,0.0,0
22,92.0,10.16280412,354.0,0.0,0.0,0.0,1.0,1
24,89.0,12.48027818,386.0,0.0,0.0,0.0,1.0,1
23,90.0,12.69256136,321.0,0.0,0.0,0.0,1.0,1
26,90.0,20.51379641,299.0,1.0,0.0,0.0,0.0,1
26,88.0,7.358649263,408.0,0.0,0.0,0.0,1.0,1
26,94.0,6.826673276,391.0,0.0,0.0,0.0,1.0,1
23,95.0,6.613669965,254.0,0.0,1.0,0.0,0.0,1
25,87.5,13.57421101,343.0,1.0,0.0,0.0,0.0,1
26,91.0,6.956882353,395.0,0.0,0.0,0.0,1.0,1
24,95.0,16.56585884,256.0,1.0,0.0,0.0,0.0,0
25,95.0,10.10404473,279.0,0.0,0.0,1.0,0.0,0
25,95.0,7.0889296,436.0,0.0,0.0,1.0,0.0,0
24,95.0,19.85095108,320.0,1.0,0.0,0.0,0.0,1
23,95.0,12.83585424,351.0,0.0,0.0,1.0,0.0,1
23,87.5,12.62144823,340.0,0.0,0.0,1.0,0.0,1
24,95.0,16.20534945,413.0,0.0,1.0,0.0,0.0,0
23,95.0,15.25176672,364.0,0.0,1.0,0.0,0.0,0
26,91.0,7.000692513,394.0,0.0,0.0,0.0,1.0,1
26,90.0,7.044707922,388.0,0.0,0.0,0.0,1.0,1
24,88.0,14.59144457,327.0,1.0,0.0,0.0,0.0,1
25,95.0,10.89052217,422.0,0.0,0.0,1.0,0.0,0
24,95.0,15.16773612,453.0,0.0,1.0,0.0,0.0,0
23,95.0,4.938486566,255.0,0.0,1.0,0.0,0.0,1
23,90.0,12.76402932,338.0,0.0,0.0,0.0,1.0,1
23,89.0,8.214906999,311.0,0.0,0.0,0.0,1.0,1
22,95.0,5.007419045,342.0,0.0,1.0,0.0,0.0,1
23,95.0,19.52760946,273.0,0.0,1.0,0.0,0.0,0
22,91.0,13.27441976,345.0,0.0,0.0,1.0,0.0,1
22,91.0,13.3488037,336.0,0.0,0.0,0.0,1.0,1
26,93.0,13.88010234,296.0,1.0,0.0,0.0,0.0,1
23,95.0,12.90803823,337.0,0.0,0.0,1.0,0.0,1
24,95.0,11.862037,286.0,0.0,0.0,0.0,1.0,0
24,95.0,11.27059687,276.0,0.0,0.0,0.0,1.0,0
25,87.5,12.34050263,343.0,1.0,0.0,0.0,0.0,1
23,95.0,4.735505087,354.0,0.0,1.0,0.0,0.0,1
23,94.0,10.70460698,382.0,0.0,0.0,0.0,1.0,1
24,95.0,11.79502342,291.0,0.0,0.0,0.0,1.0,0
23,95.0,14.59144457,383.0,0.0,1.0,0.0,0.0,0
24,89.0,13.57421101,397.0,0.0,0.0,0.0,1.0,1
24,88.0,15.08413665,324.0,1.0,0.0,0.0,0.0,1
23,89.0,12.76402932,315.0,0.0,0.0,0.0,1.0,1
22,95.0,4.47356027,336.0,0.0,1.0,0.0,0.0,1
24,89.0,8.0671142,289.0,0.0,0.0,0.0,1.0,1
26,88.0,7.404343951,408.0,0.0,0.0,0.0,1.0,1
24,95.0,16.02789778,413.0,0.0,1.0,0.0,0.0,0
22,95.0,6.446808067,259.0,0.0,1.0,0.0,0.0,1
24,95.0,16.74896501,244.0,1.0,0.0,0.0,0.0,0
22,95.0,7.133358572,355.0,0.0,1.0,0.0,0.0,1
23,95.0,16.84124175,249.0,0.0,1.0,0.0,0.0,0
24,95.0,17.12100442,402.0,0.0,1.0,0.0,0.0,0
22,93.0,13.80304952,350.0,0.0,0.0,0.0,1.0,1
25,95.0,12.83585424,374.0,0.0,0.0,0.0,1.0,0
22,95.0,12.55068787,341.0,0.0,0.0,1.0,0.0,1
23,95.0,4.47356027,308.0,0.0,1.0,0.0,0.0,1
22,92.0,11.72833871,355.0,0.0,0.0,0.0,1.0,1
22,95.0,7.404343951,344.0,0.0,1.0,0.0,0.0,1
24,95.0,12.62144823,303.0,0.0,0.0,0.0,1.0,0
26,91.0,19.95991509,293.0,1.0,0.0,0.0,0.0,1
23,89.0,7.044707922,290.0,0.0,0.0,0.0,1.0,1
22,95.0,6.783674055,292.0,0.0,1.0,0.0,0.0,1
22,95.0,8.516848104,184.5,0.0,1.0,0.0,0.0,1
24,95.0,14.51078894,305.0,0.0,0.0,0.0,1.0,0
24,95.0,12.20210529,286.0,0.0,0.0,0.0,1.0,0
24,95.0,4.636126276,408.0,0.0,0.0,1.0,0.0,0
23,95.0,17.40523312,400.0,0.0,1.0,0.0,0.0,0
25,95.0,12.13341843,412.0,0.0,0.0,1.0,0.0,0
26,93.0,14.59144457,303.0,1.0,0.0,0.0,0.0,1
23,95.0,15.85228317,247.0,0.0,1.0,0.0,0.0,0
23,89.0,8.264637967,286.0,0.0,0.0,0.0,1.0,1
25,88.0,15.16773612,320.0,1.0,0.0,0.0,0.0,1
22,95.0,4.538130868,336.0,0.0,1.0,0.0,0.0,1
26,90.0,19.00030193,389.0,1.0,0.0,0.0,0.0,1
26,87.5,8.465927903,343.0,0.0,0.0,0.0,1.0,1
25,95.0,13.42356205,374.0,0.0,0.0,0.0,1.0,0
25,95.0,9.8718154,329.0,0.0,0.0,1.0,0.0,0
25,95.0,16.11639251,323.0,0.0,0.0,0.0,1.0,0
25,95.0,15.50647254,376.0,0.0,0.0,0.0,1.0,0
23,95.0,19.52760946,343.0,0.0,1.0,0.0,0.0,0
24,95.0,23.52696458,363.0,1.0,0.0,0.0,0.0,1
25,95.0,11.27059687,318.0,0.0,0.0,1.0,0.0,0
22,95.0,7.825388265,184.5,0.0,1.0,0.0,0.0,1
25,95.0,14.75399666,403.0,0.0,0.0,1.0,0.0,0
26,92.0,6.613669965,394.0,0.0,0.0,0.0,1.0,1
23,95.0,9.093199852,185.0,0.0,1.0,0.0,0.0,1
22,95.0,12.83585424,339.0,0.0,0.0,1.0,0.0,1
22,95.0,6.082547355,245.0,0.0,1.0,0.0,0.0,1
25,95.0,12.62144823,364.0,0.0,0.0,0.0,1.0,0
23,90.0,12.55068787,317.0,0.0,0.0,0.0,1.0,1
23,95.0,12.62144823,337.0,0.0,0.0,1.0,0.0,1
22,95.0,9.365314571,184.5,0.0,1.0,0.0,0.0,1
24,95.0,15.85228317,344.0,0.0,0.0,0.0,1.0,0
24,95.0,14.83589827,310.0,0.0,0.0,0.0,1.0,0
25,95.0,12.55068787,412.0,0.0,0.0,1.0,0.0,0
24,87.5,13.65010619,348.0,1.0,0.0,0.0,0.0,1
22,92.0,10.82824911,353.0,0.0,0.0,0.0,1.0,1
22,90.0,7.22284254,305.0,0.0,1.0,0.0,0.0,1
23,95.0,8.018312629,184.5,0.0,1.0,0.0,0.0,1
25,95.0,11.59594835,369.0,0.0,0.0,1.0,0.0,0
22,95.0,12.69256136,326.0,0.0,0.0,1.0,0.0,1
26,94.0,15.67848238,302.0,1.0,0.0,0.0,0.0,1
26,93.0,6.48823229,398.0,0.0,0.0,0.0,1.0,1
24,95.0,10.10404473,448.0,0.0,0.0,1.0,0.0,0
22,93.0,11.14266773,358.0,0.0,0.0,0.0,1.0,1
26,92.0,6.405576451,392.0,0.0,0.0,0.0,1.0,1
24,95.0,14.19224347,330.0,0.0,0.0,1.0,0.0,1
24,89.0,13.95754575,385.0,0.0,0.0,0.0,1.0,1
24,89.0,8.31460431,287.0,0.0,0.0,0.0,1.0,1
22,95.0,8.165410187,194.0,0.0,1.0,0.0,0.0,1
25,95.0,14.27127328,378.0,0.0,0.0,0.0,1.0,0
22,95.0,7.496378442,308.0,0.0,1.0,0.0,0.0,1
24,87.5,12.55068787,248.0,1.0,0.0,0.0,0.0,0
23,88.0,7.777721829,285.0,0.0,0.0,0.0,1.0,1
24,87.5,17.30998858,464.0,0.0,0.0,0.0,1.0,1
22,95.0,7.496378442,349.0,0.0,1.0,0.0,0.0,1
24,95.0,14.83589827,314.0,0.0,0.0,0.0,1.0,0
24,95.0,14.83589827,355.0,0.0,1.0,0.0,0.0,0
23,95.0,6.826673276,252.0,0.0,1.0,0.0,0.0,1
23,95.0,4.870193845,345.0,0.0,1.0,0.0,0.0,1
25,95.0,12.20210529,415.0,0.0,0.0,1.0,0.0,0
24,95.0,18.58861217,257.0,1.0,0.0,0.0,0.0,0
24,95.0,16.93400512,257.0,1.0,0.0,0.0,0.0,0
24,95.0,11.72833871,429.0,0.0,0.0,1.0,0.0,0
25,95.0,15.93986231,318.0,0.0,0.0,0.0,1.0,0
23,92.0,10.58215896,359.0,0.0,0.0,0.0,1.0,1
26,89.0,19.63480231,374.0,1.0,0.0,0.0,0.0,1
22,87.5,12.20210529,320.0,0.0,0.0,1.0,0.0,1
22,95.0,7.777721829,184.5,0.0,1.0,0.0,0.0,1
25,95.0,13.05349201,367.0,0.0,0.0,0.0,1.0,0
23,95.0,15.59225501,448.0,0.0,1.0,0.0,0.0,0
22,92.0,10.76627794,356.0,0.0,0.0,0.0,1.0,1
24,95.0,14.83589827,385.0,0.0,1.0,0.0,0.0,0
22,92.0,12.76402932,328.0,0.0,0.0,1.0,0.0,1
25,87.5,13.72638492,349.0,1.0,0.0,0.0,0.0,1
23,95.0,13.49869706,356.0,0.0,0.0,1.0,0.0,1
22,95.0,7.730278953,370.0,0.0,1.0,0.0,0.0,1
23,90.0,12.48027818,322.0,0.0,0.0,0.0,1.0,1
23,91.0,13.65010619,333.0,0.0,0.0,0.0,1.0,1
24,95.0,15.33623116,380.0,0.0,1.0,0.0,0.0,0
26,94.0,13.95754575,303.0,1.0,0.0,0.0,0.0,1
24,87.5,17.30998858,459.0,0.0,0.0,0.0,1.0,1
25,95.0,13.20040797,372.0,0.0,0.0,0.0,1.0,0
24,93.0,11.07916988,379.0,0.0,0.0,0.0,1.0,1
23,92.0,13.57421101,328.0,0.0,0.0,0.0,1.0,1
24,95.0,13.88010234,282.0,1.0,0.0,0.0,0.0,0
23,95.0,15.85228317,248.0,0.0,1.0,0.0,0.0,0
23,95.0,16.29477154,356.0,0.0,1.0,0.0,0.0,0
22,95.0,5.253804423,364.0,0.0,1.0,0.0,0.0,1
24,89.0,8.165410187,287.0,0.0,0.0,0.0,1.0,1
23,95.0,19.85095108,346.0,0.0,1.0,0.0,0.0,0
22,87.5,12.62144823,339.0,0.0,0.0,1.0,0.0,1
24,95.0,14.67251295,370.0,0.0,1.0,0.0,0.0,0
23,95.0,19.63480231,278.0,0.0,1.0,0.0,0.0,0
22,95.0,4.409591293,348.0,0.0,1.0,0.0,0.0,1
22,95.0,11.39978246,233.0,0.0,1.0,0.0,0.0,1
24,95.0,13.05349201,253.0,1.0,0.0,0.0,0.0,0
25,95.0,11.66198098,410.0,0.0,0.0,1.0,0.0,0
25,95.0,10.40069682,368.0,0.0,0.0,1.0,0.0,0
23,95.0,19.85095108,332.0,0.0,1.0,0.0,0.0,0
24,95.0,14.27127328,345.0,0.0,0.0,1.0,0.0,1
23,95.0,4.870193845,348.0,0.0,1.0,0.0,0.0,1
23,95.0,4.870193845,359.0,0.0,1.0,0.0,0.0,1
25,95.0,13.42356205,380.0,0.0,0.0,0.0,1.0,0
23,95.0,14.91822038,378.0,0.0,1.0,0.0,0.0,0
25,95.0,11.66198098,409.0,0.0,0.0,1.0,0.0,0
22,95.0,7.133358572,280.0,0.0,1.0,0.0,0.0,1
25,88.0,19.52760946,399.0,1.0,0.0,0.0,0.0,1
24,95.0,14.27127328,318.0,0.0,0.0,1.0,0.0,1
23,95.0,8.264637967,184.5,0.0,1.0,0.0,0.0,1
23,95.0,9.039550676,184.5,0.0,1.0,0.0,0.0,1
23,95.0,5.182587061,299.0,0.0,1.0,0.0,0.0,1
23,87.5,4.22124279,332.0,0.0,1.0,0.0,0.0,1
24,95.0,14.19224347,295.0,0.0,0.0,1.0,0.0,1
23,95.0,19.63480231,340.0,0.0,1.0,0.0,0.0,0
26,90.0,19.42099897,382.0,1.0,0.0,0.0,0.0,1
23,95.0,5.076997025,358.0,0.0,1.0,0.0,0.0,1
23,89.0,12.76402932,347.0,0.0,0.0,1.0,0.0,1
24,95.0,12.13341843,251.0,1.0,0.0,0.0,0.0,0
25,95.0,11.14266773,411.0,0.0,0.0,1.0,0.0,0
23,92.0,9.757364232,354.0,0.0,0.0,0.0,1.0,1
22,92.0,12.69256136,328.0,0.0,0.0,1.0,0.0,1
24,95.0,12.27113269,356.0,0.0,0.0,0.0,1.0,1
23,95.0,8.722957641,189.0,0.0,1.0,0.0,0.0,1
22,95.0,5.964479838,252.0,0.0,1.0,0.0,0.0,1
26,92.0,6.446808067,388.0,0.0,0.0,0.0,1.0,1
25,95.0,16.56585884,366.0,0.0,0.0,0.0,1.0,0
25,95.0,11.20647613,299.0,0.0,0.0,1.0,0.0,0
26,89.0,19.42099897,375.0,1.0,0.0,0.0,0.0,1
23,95.0,19.52760946,354.0,0.0,1.0,0.0,0.0,0
23,89.0,7.133358572,286.0,0.0,0.0,0.0,1.0,1
24,95.0,15.33623116,392.0,0.0,1.0,0.0,0.0,0
25,95.0,10.40069682,372.0,0.0,0.0,1.0,0.0,0
25,95.0,13.42356205,376.0,0.0,0.0,0.0,1.0,0
24,88.0,10.89052217,241.0,0.0,0.0,0.0,1.0,1
25,95.0,9.987371503,274.0,0.0,0.0,1.0,0.0,0
22,93.0,11.59594835,352.0,0.0,0.0,0.0,1.0,1
24,95.0,11.39978246,358.0,0.0,0.0,0.0,1.0,1
23,95.0,12.69256136,329.0,0.0,0.0,1.0,0.0,1
22,95.0,7.313168177,358.0,0.0,1.0,0.0,0.0,1
23,95.0,17.79130513,248.0,0.0,1.0,0.0,0.0,0
25,95.0,9.929454577,320.0,0.0,0.0,1.0,0.0,0
25,90.0,20.29041491,304.0,1.0,0.0,0.0,0.0,1
24,95.0,13.95754575,326.0,0.0,0.0,1.0,0.0,1
24,95.0,13.95754575,301.0,0.0,0.0,1.0,0.0,1
25,95.0,11.39978246,424.0,0.0,0.0,1.0,0.0,0
25,95.0,12.83585424,377.0,0.0,0.0,0.0,1.0,0
23,95.0,4.836285621,350.0,0.0,1.0,0.0,0.0,1
24,95.0,16.65717174,254.0,1.0,0.0,0.0,0.0,0
23,95.0,7.496378442,356.0,0.0,1.0,0.0,0.0,1
22,91.0,12.55068787,331.0,0.0,0.0,1.0,0.0,1
23,89.0,8.31460431,304.0,0.0,0.0,0.0,1.0,1
25,95.0,11.46485093,335.0,0.0,0.0,1.0,0.0,0
25,95.0,12.98058343,405.0,0.0,0.0,1.0,0.0,0
24,95.0,14.19224347,404.0,0.0,0.0,1.0,0.0,0
23,92.0,10.04556771,356.0,0.0,0.0,0.0,1.0,1
23,95.0,19.63480231,365.0,0.0,1.0,0.0,0.0,0
24,95.0,14.59144457,388.0,0.0,1.0,0.0,0.0,0
26,90.0,20.40179801,374.0,1.0,0.0,0.0,0.0,1
23,95.0,9.987371503,389.0,0.0,1.0,0.0,0.0,1
24,95.0,13.12676612,297.0,0.0,0.0,0.0,1.0,0
23,95.0,4.836285621,343.0,0.0,1.0,0.0,0.0,1
22,95.0,7.542720421,363.0,0.0,1.0,0.0,0.0,1
22,95.0,6.956882353,351.0,0.0,1.0,0.0,0.0,1
25,89.0,20.06947764,304.0,1.0,0.0,0.0,0.0,1
26,87.5,18.89654455,378.0,1.0,0.0,0.0,0.0,1
22,95.0,5.398243871,316.0,0.0,1.0,0.0,0.0,1
24,91.0,16.74896501,320.0,1.0,0.0,0.0,0.0,1
25,95.0,18.18569032,358.0,1.0,0.0,0.0,0.0,1
24,87.5,17.40523312,468.0,0.0,0.0,0.0,1.0,1
25,95.0,12.83585424,388.0,0.0,0.0,0.0,1.0,0
22,95.0,6.655874013,249.0,0.0,1.0,0.0,0.0,1
23,89.0,6.913276429,290.0,0.0,0.0,0.0,1.0,1
24,95.0,11.39978246,416.0,0.0,0.0,1.0,0.0,0
23,95.0,4.870193845,344.0,0.0,1.0,0.0,0.0,1
22,95.0,7.450253315,363.0,0.0,1.0,0.0,0.0,1
25,95.0,9.8718154,320.0,0.0,0.0,1.0,0.0,0
24,95.0,14.03538213,327.0,0.0,0.0,1.0,0.0,1
25,95.0,15.50647254,404.0,0.0,0.0,0.0,1.0,0
23,89.0,7.589280351,294.0,0.0,0.0,0.0,1.0,1
25,95.0,11.862037,363.0,0.0,0.0,1.0,0.0,0
23,95.0,12.69256136,320.0,0.0,0.0,1.0,0.0,1
26,89.0,17.88911347,281.0,1.0,0.0,0.0,0.0,1
24,93.0,11.07916988,374.0,0.0,0.0,0.0,1.0,1
23,95.0,19.63480231,355.0,0.0,1.0,0.0,0.0,0
24,87.5,13.88010234,330.0,1.0,0.0,0.0,0.0,1
24,95.0,13.80304952,395.0,0.0,0.0,1.0,0.0,0
24,95.0,18.38606989,263.0,0.0,1.0,0.0,0.0,0
26,90.0,20.06947764,377.0,1.0,0.0,0.0,0.0,1
22,92.0,11.46485093,353.0,0.0,0.0,0.0,1.0,1
23,95.0,16.29477154,358.0,0.0,1.0,0.0,0.0,0
26,87.5,7.969740423,407.0,0.0,0.0,0.0,1.0,1
23,95.0,16.84124175,250.0,0.0,1.0,0.0,0.0,0
25,92.0,6.613669965,402.0,0.0,0.0,0.0,1.0,1
24,95.0,19.42099897,306.0,1.0,0.0,0.0,0.0,0
25,95.0,11.14266773,423.0,0.0,0.0,1.0,0.0,0
23,89.0,8.0671142,284.0,0.0,0.0,0.0,1.0,1
24,95.0,14.19224347,349.0,0.0,0.0,1.0,0.0,1
22,95.0,12.69256136,328.0,0.0,0.0,1.0,0.0,1
22,95.0,4.870193845,351.0,0.0,1.0,0.0,0.0,1
23,87.5,12.69256136,339.0,0.0,0.0,1.0,0.0,1
23,95.0,8.568009903,186.0,0.0,1.0,0.0,0.0,1
26,94.0,14.83589827,311.0,1.0,0.0,0.0,0.0,1
24,95.0,14.75399666,322.0,0.0,0.0,0.0,1.0,0
24,95.0,16.65717174,203.0,0.0,1.0,0.0,0.0,0
23,95.0,15.50647254,256.0,0.0,1.0,0.0,0.0,0
26,90.0,19.00030193,383.0,1.0,0.0,0.0,0.0,1
23,90.0,12.98058343,309.0,0.0,0.0,0.0,1.0,1
24,95.0,13.12676612,301.0,0.0,0.0,0.0,1.0,0
22,92.0,13.95754575,334.0,0.0,0.0,0.0,1.0,1
22,90.0,12.69256136,325.0,0.0,0.0,1.0,0.0,1
24,95.0,13.05349201,303.0,0.0,0.0,0.0,1.0,0
26,93.0,6.529850053,405.0,0.0,0.0,0.0,1.0,1
24,95.0,14.59144457,361.0,0.0,1.0,0.0,0.0,0
24,95.0,8.619414571,197.0,0.0,0.0,0.0,1.0,1
23,95.0,14.91822038,261.0,0.0,0.0,0.0,1.0,1
26,94.0,15.50647254,300.0,1.0,0.0,0.0,0.0,1
26,94.0,15.25176672,303.0,1.0,0.0,0.0,0.0,1
26,93.0,6.571662296,399.0,0.0,0.0,0.0,1.0,1
24,89.0,8.214906999,285.0,0.0,0.0,0.0,1.0,1
23,90.0,12.55068787,331.0,0.0,0.0,0.0,1.0,1
23,95.0,17.40523312,402.0,0.0,1.0,0.0,0.0,0
24,95.0,14.27127328,278.0,1.0,0.0,0.0,0.0,0
23,95.0,5.112029894,346.0,0.0,1.0,0.0,0.0,1
23,95.0,13.42356205,360.0,0.0,0.0,1.0,0.0,1
25,93.0,6.655874013,401.0,0.0,0.0,0.0,1.0,1
22,91.0,9.814452454,354.0,0.0,0.0,0.0,1.0,1
22,95.0,4.972872478,344.0,0.0,1.0,0.0,0.0,1
23,95.0,8.619414571,188.0,0.0,1.0,0.0,0.0,1
25,95.0,10.04556771,446.0,0.0,0.0,1.0,0.0,0
24,95.0,15.25176672,393.0,0.0,1.0,0.0,0.0,0
24,95.0,12.20210529,290.0,0.0,0.0,0.0,1.0,0
24,95.0,11.79502342,282.0,0.0,0.0,0.0,1.0,0
22,87.5,7.177995872,289.0,0.0,1.0,0.0,0.0,1
24,89.0,13.72638492,388.0,0.0,0.0,0.0,1.0,1
25,95.0,13.42356205,392.0,0.0,0.0,0.0,1.0,0
23,87.5,12.55068787,337.0,0.0,0.0,1.0,0.0,1
23,89.0,8.116146322,308.0,0.0,0.0,0.0,1.0,1
22,95.0,4.904260592,354.0,0.0,1.0,0.0,0.0,1
22,95.0,12.76402932,326.0,0.0,0.0,1.0,0.0,1
24,95.0,18.58861217,262.0,0.0,1.0,0.0,0.0,0
24,95.0,19.95991509,272.0,0.0,1.0,0.0,0.0,0
24,93.0,18.08630257,315.0,1.0,0.0,0.0,0.0,1
23,95.0,14.83589827,395.0,0.0,1.0,0.0,0.0,0
22,95.0,5.471478228,299.0,0.0,1.0,0.0,0.0,1
25,89.0,18.7933463,405.0,1.0,0.0,0.0,0.0,1
24,95.0,14.75399666,317.0,0.0,0.0,0.0,1.0,0
23,95.0,14.43054353,307.0,0.0,0.0,0.0,1.0,0
22,91.0,13.72638492,328.0,0.0,0.0,0.0,1.0,1
23,89.0,7.777721829,297.0,0.0,0.0,0.0,1.0,1
23,95.0,15.25176672,215.0,0.0,1.0,0.0,0.0,0
22,92.0,10.04556771,356.0,0.0,0.0,0.0,1.0,1
24,95.0,12.20210529,291.0,0.0,0.0,0.0,1.0,0
24,95.0,12.20210529,288.0,0.0,0.0,0.0,1.0,0
24,95.0,16.47502321,352.0,0.0,0.0,0.0,1.0,0
22,95.0,12.48027818,319.0,0.0,0.0,1.0,0.0,1
22,95.0,12.69256136,342.0,0.0,0.0,1.0,0.0,1
23,92.0,10.04556771,346.0,0.0,0.0,0.0,1.0,1
24,95.0,14.83589827,397.0,0.0,1.0,0.0,0.0,0
24,95.0,16.56585884,204.0,0.0,1.0,0.0,0.0,0
25,87.5,13.72638492,343.0,1.0,0.0,0.0,0.0,1
25,95.0,16.11639251,276.0,1.0,0.0,0.0,0.0,0
23,91.0,8.214906999,368.0,0.0,0.0,0.0,1.0,1
25,95.0,11.46485093,432.0,0.0,0.0,1.0,0.0,0
23,95.0,15.76515749,458.0,0.0,1.0,0.0,0.0,0
24,95.0,12.62144823,306.0,0.0,0.0,0.0,1.0,0
23,95.0,9.475991969,184.5,0.0,1.0,0.0,0.0,1
25,95.0,9.420521035,265.0,0.0,0.0,1.0,0.0,0
25,95.0,12.90803823,378.0,0.0,0.0,0.0,1.0,0
25,95.0,11.46485093,334.0,0.0,0.0,1.0,0.0,0
25,95.0,9.644005982,268.0,0.0,0.0,1.0,0.0,0
23,95.0,15.08413665,249.0,0.0,1.0,0.0,0.0,0
22,95.0,8.465927903,377.0,0.0,1.0,0.0,0.0,1
25,95.0,15.59225501,402.0,0.0,0.0,0.0,1.0,0
25,95.0,10.28117628,358.0,0.0,0.0,1.0,0.0,0
25,95.0,10.04556771,297.0,0.0,0.0,1.0,0.0,0
25,95.0,15.50647254,402.0,0.0,0.0,0.0,1.0,0
24,95.0,14.59144457,364.0,0.0,1.0,0.0,0.0,0
25,93.0,6.446808067,406.0,0.0,0.0,0.0,1.0,1
23,95.0,19.52760946,272.0,0.0,1.0,0.0,0.0,0
25,95.0,14.59144457,390.0,0.0,0.0,1.0,0.0,0
23,95.0,14.91822038,393.0,0.0,1.0,0.0,0.0,0
25,95.0,12.98058343,411.0,0.0,0.0,1.0,0.0,0
22,95.0,7.542720421,359.0,0.0,1.0,0.0,0.0,1
25,95.0,11.39978246,313.0,0.0,0.0,1.0,0.0,0
25,95.0,16.29477154,264.0,1.0,0.0,0.0,0.0,0
25,95.0,7.683058499,204.0,0.0,0.0,0.0,1.0,1
26,94.0,6.446808067,402.0,0.0,0.0,0.0,1.0,1
24,95.0,13.95754575,343.0,0.0,0.0,1.0,0.0,1
25,95.0,9.929454577,311.0,0.0,0.0,1.0,0.0,0
22,95.0,5.182587061,295.0,0.0,1.0,0.0,0.0,1
23,95.0,15.50647254,456.0,0.0,1.0,0.0,0.0,0
22,92.0,11.01598084,354.0,0.0,0.0,0.0,1.0,1
26,92.0,6.48823229,397.0,0.0,0.0,0.0,1.0,1
23,90.0,12.48027818,310.0,0.0,0.0,0.0,1.0,1
24,95.0,12.34050263,367.0,0.0,0.0,0.0,1.0,1
24,95.0,14.35070581,323.0,0.0,0.0,1.0,0.0,1
24,93.0,19.42099897,319.0,1.0,0.0,0.0,0.0,1
24,95.0,12.27113269,370.0,0.0,0.0,0.0,1.0,1
25,95.0,11.14266773,452.0,0.0,0.0,1.0,0.0,0
22,95.0,13.49869706,343.0,0.0,0.0,1.0,0.0,1
23,95.0,15.42113219,244.0,0.0,1.0,0.0,0.0,0
25,95.0,7.542720421,190.0,0.0,0.0,0.0,1.0,1
23,89.0,12.62144823,314.0,0.0,0.0,0.0,1.0,1
24,95.0,19.31496687,293.0,1.0,0.0,0.0,0.0,0
25,95.0,12.62144823,308.0,0.0,0.0,0.0,1.0,0
26,94.0,15.08413665,308.0,1.0,0.0,0.0,0.0,1
25,95.0,14.59144457,371.0,0.0,0.0,0.0,1.0,0
25,95.0,11.01598084,418.0,0.0,0.0,1.0,0.0,0
24,95.0,13.95754575,304.0,0.0,0.0,1.0,0.0,1
22,92.0,10.10404473,356.0,0.0,0.0,0.0,1.0,1
24,89.0,13.65010619,391.0,0.0,0.0,0.0,1.0,1
23,95.0,13.27441976,362.0,0.0,0.0,1.0,0.0,1
23,90.0,12.76402932,349.0,0.0,0.0,1.0,0.0,1
24,90.0,12.76402932,329.0,0.0,0.0,0.0,1.0,1
25,95.0,12.06507013,411.0,0.0,0.0,1.0,0.0,0
24,95.0,16.02789778,341.0,0.0,0.0,0.0,1.0,0
22,95.0,7.358649263,360.0,0.0,1.0,0.0,0.0,1
25,95.0,5.771326913,443.0,0.0,0.0,1.0,0.0,0
24,92.0,18.89654455,322.0,1.0,0.0,0.0,0.0,1
23,95.0,12.90803823,351.0,0.0,0.0,1.0,0.0,1
24,95.0,14.51078894,307.0,0.0,0.0,0.0,1.0,0
25,95.0,13.20040797,395.0,0.0,0.0,1.0,0.0,0
22,91.0,12.76402932,339.0,0.0,0.0,1.0,0.0,1
22,95.0,7.044707922,340.0,0.0,1.0,0.0,0.0,1
25,95.0,13.49869706,386.0,0.0,0.0,0.0,1.0,0
21,94.0,8.722957641,383.0,0.0,1.0,0.0,0.0,1
22,95.0,8.264637967,371.0,0.0,1.0,0.0,0.0,1
23,89.0,7.267899623,298.0,0.0,0.0,0.0,1.0,1
22,95.0,13.3488037,335.0,0.0,0.0,1.0,0.0,1
23,91.0,8.264637967,372.0,0.0,0.0,0.0,1.0,1
22,90.0,12.90803823,317.0,0.0,0.0,0.0,1.0,1
22,87.5,12.62144823,324.0,0.0,0.0,1.0,0.0,1
23,95.0,8.165410187,184.5,0.0,1.0,0.0,0.0,1
24,95.0,12.06507013,249.0,1.0,0.0,0.0,0.0,0
23,95.0,14.83589827,385.0,0.0,1.0,0.0,0.0,0
24,95.0,15.50647254,395.0,0.0,1.0,0.0,0.0,0
26,87.5,8.0671142,412.0,0.0,0.0,0.0,1.0,1
23,95.0,15.00096563,396.0,0.0,1.0,0.0,0.0,0
22,95.0,7.496378442,334.0,0.0,1.0,0.0,0.0,1
24,95.0,14.1136139,254.0,0.0,1.0,0.0,0.0,0
22,95.0,8.31460431,184.5,0.0,1.0,0.0,0.0,1
25,95.0,11.39978246,303.0,0.0,0.0,1.0,0.0,0
23,89.0,12.76402932,340.0,0.0,0.0,1.0,0.0,1
26,95.0,18.28561157,302.0,1.0,0.0,0.0,0.0,1
23,95.0,4.702223982,349.0,0.0,1.0,0.0,0.0,1
25,95.0,12.06507013,407.0,0.0,0.0,1.0,0.0,0
26,95.0,14.03538213,305.0,1.0,0.0,0.0,0.0,1
26,91.0,7.000692513,393.0,0.0,0.0,0.0,1.0,1
25,95.0,11.39978246,323.0,0.0,0.0,1.0,0.0,0
24,95.0,14.19224347,358.0,0.0,0.0,1.0,0.0,1
25,89.0,19.63480231,388.0,1.0,0.0,0.0,0.0,1
24,95.0,20.40179801,316.0,1.0,0.0,0.0,0.0,1
25,95.0,10.16280412,436.0,0.0,0.0,1.0,0.0,0
24,89.0,13.80304952,384.0,0.0,0.0,0.0,1.0,1
23,95.0,6.48823229,252.0,0.0,1.0,0.0,0.0,1
23,88.0,6.364536513,286.0,0.0,0.0,0.0,1.0,1
25,95.0,10.95309884,316.0,0.0,0.0,1.0,0.0,0
26,95.0,17.69401633,317.0,1.0,0.0,0.0,0.0,1
22,95.0,7.542720421,271.0,0.0,1.0,0.0,0.0,1
24,95.0,11.99705843,360.0,0.0,0.0,0.0,1.0,1
25,95.0,9.814452454,320.0,0.0,0.0,1.0,0.0,0
23,90.0,12.41021712,330.0,0.0,0.0,0.0,1.0,1
24,95.0,12.13341843,353.0,0.0,0.0,0.0,1.0,1
22,95.0,9.475991969,377.0,0.0,1.0,0.0,0.0,1
24,95.0,17.79130513,256.0,1.0,0.0,0.0,0.0,0
26,95.0,20.62641439,395.0,1.0,0.0,0.0,0.0,1
23,92.0,10.10404473,351.0,0.0,0.0,0.0,1.0,1
22,95.0,6.48823229,255.0,0.0,1.0,0.0,0.0,1
23,89.0,8.516848104,342.0,0.0,0.0,0.0,1.0,1
23,87.5,5.964479838,285.0,0.0,0.0,0.0,1.0,1
23,95.0,8.465927903,186.0,0.0,1.0,0.0,0.0,1
26,95.0,17.21524677,318.0,1.0,0.0,0.0,0.0,1
22,87.5,12.48027818,331.0,0.0,0.0,1.0,0.0,1
26,91.0,19.85095108,298.0,1.0,0.0,0.0,0.0,1
24,89.0,13.42356205,403.0,0.0,0.0,0.0,1.0,1
24,95.0,12.13341843,368.0,0.0,0.0,0.0,1.0,1
24,90.0,12.34050263,333.0,0.0,0.0,0.0,1.0,1
23,95.0,15.85228317,459.0,0.0,1.0,0.0,0.0,0
24,94.0,11.72833871,368.0,0.0,0.0,0.0,1.0,1
24,89.0,13.49869706,409.0,0.0,0.0,0.0,1.0,1
24,87.5,16.47502321,468.0,0.0,0.0,0.0,1.0,1
23,95.0,6.364536513,252.0,0.0,1.0,0.0,0.0,1
22,95.0,13.57421101,355.0,0.0,0.0,1.0,0.0,1
26,90.0,20.17964285,377.0,1.0,0.0,0.0,0.0,1
24,95.0,17.02725828,251.0,1.0,0.0,0.0,0.0,0
25,87.5,19.31496687,339.0,1.0,0.0,0.0,0.0,1
25,95.0,12.98058343,401.0,0.0,0.0,1.0,0.0,0
23,89.0,7.358649263,298.0,0.0,0.0,0.0,1.0,1
24,95.0,15.16773612,391.0,0.0,1.0,0.0,0.0,0
22,95.0,6.613669965,277.0,0.0,1.0,0.0,0.0,1
23,95.0,14.75399666,385.0,0.0,1.0,0.0,0.0,0
24,92.0,18.48706888,320.0,1.0,0.0,0.0,0.0,1
23,93.0,11.66198098,354.0,0.0,0.0,0.0,1.0,1
22,95.0,7.404343951,356.0,0.0,1.0,0.0,0.0,1
23,95.0,14.83589827,434.0,0.0,1.0,0.0,0.0,0
24,95.0,15.33623116,383.0,0.0,1.0,0.0,0.0,0
24,95.0,11.46485093,420.0,0.0,0.0,1.0,0.0,0
23,89.0,7.358649263,309.0,0.0,0.0,0.0,1.0,1
24,95.0,14.91822038,377.0,0.0,1.0,0.0,0.0,0
22,95.0,7.683058499,300.0,0.0,1.0,0.0,0.0,1
23,92.0,11.01598084,358.0,0.0,0.0,0.0,1.0,1
25,95.0,13.49869706,368.0,0.0,0.0,0.0,1.0,0
23,89.0,7.22284254,283.0,0.0,0.0,0.0,1.0,1
23,89.0,12.76402932,311.0,0.0,0.0,0.0,1.0,1
25,95.0,11.46485093,317.0,0.0,0.0,1.0,0.0,0
25,89.0,20.85352641,378.0,1.0,0.0,0.0,0.0,1
24,95.0,14.83589827,443.0,0.0,1.0,0.0,0.0,0
25,89.0,19.74258151,370.0,1.0,0.0,0.0,0.0,1
25,93.0,6.613669965,398.0,0.0,0.0,0.0,1.0,1
23,91.0,12.98058343,328.0,0.0,0.0,0.0,1.0,1
23,95.0,19.31496687,273.0,0.0,1.0,0.0,0.0,0
23,95.0,17.30998858,260.0,0.0,1.0,0.0,0.0,0
25,95.0,16.38466179,369.0,0.0,0.0,0.0,1.0,0
25,95.0,15.76515749,314.0,0.0,0.0,0.0,1.0,0
23,91.0,8.415248038,359.0,0.0,0.0,0.0,1.0,1
25,95.0,12.27113269,412.0,0.0,0.0,1.0,0.0,0
25,95.0,13.05349201,364.0,0.0,0.0,0.0,1.0,0
25,95.0,9.8718154,336.0,0.0,0.0,1.0,0.0,0
22,92.0,10.10404473,358.0,0.0,0.0,0.0,1.0,1
22,95.0,6.202275223,259.0,0.0,1.0,0.0,0.0,1
23,95.0,12.83585424,339.0,0.0,0.0,1.0,0.0,1
24,95.0,14.03538213,317.0,0.0,0.0,1.0,0.0,1
22,95.0,5.886678992,260.0,0.0,1.0,0.0,0.0,1
24,95.0,15.76515749,184.5,0.0,1.0,0.0,0.0,0
25,92.0,6.571662296,395.0,0.0,0.0,0.0,1.0,1
24,89.0,13.3488037,390.0,0.0,0.0,0.0,1.0,1
25,95.0,12.98058343,367.0,0.0,0.0,0.0,1.0,0
22,95.0,5.545397326,267.0,0.0,1.0,0.0,0.0,1
23,92.0,9.757364232,355.0,0.0,0.0,0.0,1.0,1
22,95.0,6.122270991,244.0,0.0,1.0,0.0,0.0,1
26,90.0,20.29041491,390.0,1.0,0.0,0.0,0.0,1
23,95.0,16.20534945,254.0,0.0,1.0,0.0,0.0,0
26,93.0,6.571662296,392.0,0.0,0.0,0.0,1.0,1
25,95.0,10.82824911,304.0,0.0,0.0,1.0,0.0,0
24,89.0,13.72638492,394.0,0.0,0.0,0.0,1.0,1
25,95.0,11.66198098,351.0,0.0,0.0,1.0,0.0,0
24,95.0,16.11639251,352.0,0.0,0.0,0.0,1.0,0
22,95.0,8.465927903,373.0,0.0,1.0,0.0,0.0,1
22,95.0,9.365314571,394.0,0.0,1.0,0.0,0.0,1
23,92.0,11.01598084,353.0,0.0,0.0,0.0,1.0,1
22,95.0,11.862037,222.0,0.0,1.0,0.0,0.0,1
25,95.0,13.80304952,374.0,0.0,0.0,0.0,1.0,0
22,92.0,12.98058343,335.0,0.0,0.0,1.0,0.0,1
23,95.0,8.465927903,184.5,0.0,1.0,0.0,0.0,1
26,94.0,6.571662296,398.0,0.0,0.0,0.0,1.0,1
23,95.0,12.76402932,327.0,0.0,0.0,1.0,0.0,1
23,88.0,7.683058499,292.0,0.0,0.0,0.0,1.0,1
24,87.5,16.74896501,458.0,0.0,0.0,0.0,1.0,1
23,88.0,12.76402932,348.0,0.0,0.0,1.0,0.0,1
24,88.0,10.76627794,247.0,0.0,0.0,0.0,1.0,1
23,95.0,14.75399666,386.0,0.0,1.0,0.0,0.0,0
22,95.0,9.310371154,381.0,0.0,1.0,0.0,0.0,1
24,95.0,12.69256136,305.0,0.0,0.0,0.0,1.0,0
24,95.0,14.51078894,383.0,0.0,1.0,0.0,0.0,0
24,95.0,11.99705843,366.0,0.0,0.0,0.0,1.0,1
25,90.0,16.11639251,316.0,1.0,0.0,0.0,0.0,1
25,89.0,18.89654455,391.0,1.0,0.0,0.0,0.0,1
23,95.0,12.76402932,344.0,0.0,0.0,1.0,0.0,1
22,93.0,12.83585424,329.0,0.0,0.0,1.0,0.0,1
25,95.0,10.70460698,282.0,0.0,0.0,1.0,0.0,0
26,94.0,15.08413665,305.0,1.0,0.0,0.0,0.0,1
23,89.0,8.165410187,291.0,0.0,0.0,0.0,1.0,1
24,95.0,13.57421101,260.0,1.0,0.0,0.0,0.0,0
23,92.0,13.72638492,324.0,0.0,0.0,0.0,1.0,1
24,87.5,8.116146322,387.0,0.0,0.0,0.0,1.0,1
25,95.0,9.929454577,346.0,0.0,0.0,1.0,0.0,0
23,89.0,12.76402932,320.0,0.0,0.0,0.0,1.0,1
26,88.0,18.7933463,401.0,1.0,0.0,0.0,0.0,1
25,95.0,15.67848238,372.0,0.0,0.0,0.0,1.0,0
24,89.0,13.20040797,327.0,0.0,0.0,0.0,1.0,1
22,95.0,7.589280351,288.0,0.0,1.0,0.0,0.0,1
22,95.0,6.956882353,377.0,0.0,1.0,0.0,0.0,1
25,92.0,6.571662296,393.0,0.0,0.0,0.0,1.0,1
25,95.0,13.95754575,239.0,1.0,0.0,0.0,0.0,0
24,95.0,19.31496687,304.0,1.0,0.0,0.0,0.0,0
24,94.0,10.46089174,378.0,0.0,0.0,0.0,1.0,1
23,95.0,4.870193845,338.0,0.0,1.0,0.0,0.0,1
22,94.0,12.90803823,324.0,0.0,0.0,1.0,0.0,1
24,95.0,17.98744479,253.0,1.0,0.0,0.0,0.0,0
24,95.0,16.47502321,363.0,0.0,0.0,0.0,1.0,0
22,95.0,5.582615631,310.0,0.0,1.0,0.0,0.0,1
22,95.0,5.218112844,360.0,0.0,1.0,0.0,0.0,1
24,95.0,12.90803823,299.0,0.0,0.0,0.0,1.0,0
26,90.0,20.73965627,384.0,1.0,0.0,0.0,0.0,1
23,95.0,14.67251295,380.0,0.0,1.0,0.0,0.0,0
26,91.0,20.17964285,301.0,1.0,0.0,0.0,0.0,1
26,87.5,8.116146322,416.0,0.0,0.0,0.0,1.0,1
23,95.0,8.415248038,184.5,0.0,1.0,0.0,0.0,1
22,93.0,13.12676612,355.0,0.0,0.0,0.0,1.0,1
23,95.0,8.364807255,184.5,0.0,1.0,0.0,0.0,1
23,95.0,8.933015125,197.0,0.0,1.0,0.0,0.0,1
24,88.0,10.58215896,244.0,0.0,0.0,0.0,1.0,1
26,88.0,7.267899623,407.0,0.0,0.0,0.0,1.0,1
26,88.0,7.358649263,394.0,0.0,0.0,0.0,1.0,1
25,95.0,15.42113219,381.0,0.0,0.0,0.0,1.0,0
25,95.0,15.16773612,317.0,0.0,0.0,0.0,1.0,0
23,87.5,4.570643409,332.0,0.0,1.0,0.0,0.0,1
23,95.0,5.218112844,300.0,0.0,1.0,0.0,0.0,1
23,90.0,13.12676612,337.0,0.0,0.0,0.0,1.0,1
26,90.0,20.62641439,285.0,1.0,0.0,0.0,0.0,1
26,95.0,17.79130513,310.0,1.0,0.0,0.0,0.0,1
24,95.0,14.75399666,314.0,0.0,0.0,0.0,1.0,0
23,95.0,12.83585424,338.0,0.0,0.0,1.0,0.0,1
25,95.0,11.79502342,418.0,0.0,0.0,1.0,0.0,0
22,95.0,13.27441976,342.0,0.0,0.0,1.0,0.0,1
23,95.0,4.47356027,329.0,0.0,1.0,0.0,0.0,1
24,95.0,15.08413665,378.0,0.0,1.0,0.0,0.0,0
24,95.0,15.33623116,374.0,0.0,1.0,0.0,0.0,0
24,95.0,14.03538213,315.0,0.0,0.0,1.0,0.0,1
26,87.5,8.933015125,368.0,0.0,0.0,0.0,1.0,1
25,95.0,15.76515749,327.0,0.0,0.0,0.0,1.0,0
25,95.0,14.67251295,382.0,0.0,0.0,0.0,1.0,0
26,93.0,6.48823229,407.0,0.0,0.0,0.0,1.0,1
24,95.0,12.34050263,371.0,0.0,0.0,0.0,1.0,1
25,95.0,7.450253315,202.0,0.0,0.0,0.0,1.0,1
25,95.0,11.59594835,349.0,0.0,0.0,1.0,0.0,0
22,93.0,12.55068787,325.0,0.0,0.0,1.0,0.0,1
25,95.0,10.95309884,292.0,0.0,0.0,1.0,0.0,0
26,94.0,6.698275399,399.0,0.0,0.0,0.0,1.0,1
24,95.0,7.730278953,419.0,0.0,0.0,1.0,0.0,0
22,95.0,7.496378442,336.0,0.0,1.0,0.0,0.0,1
23,92.0,10.52137857,352.0,0.0,0.0,0.0,1.0,1
24,95.0,11.46485093,427.0,0.0,0.0,1.0,0.0,0
22,90.0,12.83585424,326.0,0.0,0.0,0.0,1.0,1
23,95.0,8.364807255,184.5,0.0,1.0,0.0,0.0,1
24,93.0,11.14266773,381.0,0.0,0.0,0.0,1.0,1
26,87.5,12.98058343,403.0,1.0,0.0,0.0,0.0,1
23,95.0,14.83589827,220.0,0.0,1.0,0.0,0.0,0
25,87.5,18.48706888,371.0,1.0,0.0,0.0,0.0,1
23,95.0,15.42113219,246.0,0.0,1.0,0.0,0.0,0
26,93.0,6.529850053,399.0,0.0,0.0,0.0,1.0,1
25,95.0,15.08413665,365.0,0.0,0.0,0.0,1.0,0
25,92.0,6.446808067,401.0,0.0,0.0,0.0,1.0,1
25,95.0,15.25176672,392.0,0.0,0.0,0.0,1.0,0
23,95.0,12.34050263,322.0,0.0,0.0,1.0,0.0,1
23,95.0,20.17964285,343.0,0.0,1.0,0.0,0.0,0
23,95.0,7.921396405,184.5,0.0,1.0,0.0,0.0,1
24,95.0,18.69070341,268.0,1.0,0.0,0.0,0.0,0
26,90.0,19.63480231,398.0,1.0,0.0,0.0,0.0,1
25,95.0,13.88010234,386.0,0.0,0.0,0.0,1.0,0
25,90.0,18.89654455,401.0,1.0,0.0,0.0,0.0,1
22,95.0,9.420521035,188.0,0.0,1.0,0.0,0.0,1
26,87.5,8.214906999,413.0,0.0,0.0,0.0,1.0,1
23,95.0,20.17964285,350.0,0.0,1.0,0.0,0.0,0
25,91.0,6.571662296,407.0,0.0,0.0,0.0,1.0,1
25,95.0,13.3488037,378.0,0.0,0.0,0.0,1.0,0
23,92.0,9.587732994,358.0,0.0,0.0,0.0,1.0,1
23,95.0,14.75399666,436.0,0.0,1.0,0.0,0.0,0
26,89.0,19.20950925,379.0,1.0,0.0,0.0,0.0,1
23,95.0,5.076997025,353.0,0.0,1.0,0.0,0.0,1
24,95.0,12.62144823,305.0,0.0,0.0,0.0,1.0,0
24,95.0,14.83589827,384.0,0.0,1.0,0.0,0.0,0
26,89.0,19.20950925,399.0,1.0,0.0,0.0,0.0,1
25,95.0,9.700549236,258.0,0.0,0.0,1.0,0.0,0
22,95.0,8.568009903,184.5,0.0,1.0,0.0,0.0,1
25,95.0,12.20210529,408.0,0.0,0.0,1.0,0.0,0
24,95.0,13.72638492,329.0,0.0,0.0,1.0,0.0,1
23,95.0,8.465927903,184.5,0.0,1.0,0.0,0.0,1
24,95.0,15.00096563,377.0,0.0,1.0,0.0,0.0,0
25,95.0,15.42113219,313.0,0.0,0.0,0.0,1.0,0
22,95.0,8.165410187,377.0,0.0,1.0,0.0,0.0,1
23,89.0,9.644005982,365.0,0.0,0.0,0.0,1.0,1
23,88.0,7.969740423,290.0,0.0,0.0,0.0,1.0,1
26,94.0,15.16773612,304.0,1.0,0.0,0.0,0.0,1
23,88.0,12.76402932,351.0,0.0,0.0,1.0,0.0,1
22,95.0,13.20040797,320.0,0.0,0.0,1.0,0.0,1
22,89.0,12.41021712,352.0,0.0,0.0,0.0,1.0,1
24,95.0,19.10462223,293.0,1.0,0.0,0.0,0.0,0
25,95.0,10.16280412,290.0,0.0,0.0,1.0,0.0,0
24,95.0,19.31496687,274.0,0.0,1.0,0.0,0.0,0
23,95.0,14.43054353,311.0,0.0,0.0,0.0,1.0,0
26,88.0,19.00030193,379.0,1.0,0.0,0.0,0.0,1
24,95.0,12.34050263,256.0,1.0,0.0,0.0,0.0,0
25,95.0,11.33503171,320.0,0.0,0.0,1.0,0.0,0
26,87.5,8.31460431,421.0,0.0,0.0,0.0,1.0,1
26,95.0,15.67848238,305.0,1.0,0.0,0.0,0.0,1
22,95.0,5.809598838,313.0,0.0,1.0,0.0,0.0,1
23,90.0,12.98058343,324.0,0.0,0.0,0.0,1.0,1
24,95.0,15.67848238,405.0,0.0,1.0,0.0,0.0,0
22,93.0,12.98058343,341.0,0.0,0.0,1.0,0.0,1
24,95.0,15.76515749,377.0,0.0,1.0,0.0,0.0,0
22,95.0,4.972872478,291.0,0.0,1.0,0.0,0.0,1
23,95.0,6.48823229,248.0,0.0,1.0,0.0,0.0,1
24,93.0,11.27059687,361.0,0.0,0.0,0.0,1.0,1
23,95.0,6.783674055,239.0,0.0,1.0,0.0,0.0,1
22,95.0,12.41021712,331.0,0.0,0.0,1.0,0.0,1
24,95.0,14.75399666,403.0,0.0,1.0,0.0,0.0,0
22,95.0,5.112029894,297.0,0.0,1.0,0.0,0.0,1
24,95.0,16.65717174,389.0,0.0,1.0,0.0,0.0,0
23,91.0,12.76402932,350.0,0.0,0.0,1.0,0.0,1
24,95.0,11.46485093,279.0,0.0,0.0,0.0,1.0,0
24,95.0,12.62144823,301.0,0.0,0.0,0.0,1.0,0
22,95.0,13.20040797,331.0,0.0,0.0,1.0,0.0,1
24,95.0,16.65717174,395.0,0.0,1.0,0.0,0.0,0
22,95.0,9.365314571,388.0,0.0,1.0,0.0,0.0,1
25,95.0,11.59594835,324.0,0.0,0.0,1.0,0.0,0
24,95.0,14.59144457,262.0,1.0,0.0,0.0,0.0,0
22,95.0,13.12676612,329.0,0.0,0.0,1.0,0.0,1
23,87.5,12.62144823,341.0,0.0,0.0,1.0,0.0,1
22,95.0,6.122270991,260.0,0.0,1.0,0.0,0.0,1
23,95.0,5.007419045,354.0,0.0,1.0,0.0,0.0,1
25,91.0,6.48823229,403.0,0.0,0.0,0.0,1.0,1
24,87.5,17.40523312,465.0,0.0,0.0,0.0,1.0,1
23,95.0,4.802535216,293.0,0.0,1.0,0.0,0.0,1
26,94.0,14.75399666,302.0,1.0,0.0,0.0,0.0,1
23,89.0,12.62144823,319.0,0.0,0.0,0.0,1.0,1
23,91.0,8.364807255,359.0,0.0,0.0,0.0,1.0,1
24,95.0,19.31496687,292.0,1.0,0.0,0.0,0.0,0
22,95.0,5.182587061,343.0,0.0,1.0,0.0,0.0,1
24,95.0,15.67848238,398.0,0.0,1.0,0.0,0.0,0
23,92.0,9.475991969,362.0,0.0,0.0,0.0,1.0,1
24,95.0,14.03538213,334.0,0.0,0.0,1.0,0.0,1
24,88.0,10.52137857,243.0,0.0,0.0,0.0,1.0,1
25,95.0,15.42113219,389.0,0.0,0.0,0.0,1.0,0
26,94.0,13.95754575,306.0,1.0,0.0,0.0,0.0,1
25,95.0,10.10404473,356.0,0.0,0.0,1.0,0.0,0
24,95.0,14.83589827,313.0,0.0,0.0,0.0,1.0,0
24,95.0,13.20040797,256.0,1.0,0.0,0.0,0.0,0
25,88.0,15.00096563,325.0,1.0,0.0,0.0,0.0,1
23,95.0,14.75399666,372.0,0.0,1.0,0.0,0.0,0
23,95.0,15.08413665,371.0,0.0,1.0,0.0,0.0,0
23,95.0,6.740875089,252.0,0.0,1.0,0.0,0.0,1
23,95.0,8.018312629,184.5,0.0,1.0,0.0,0.0,1
21,94.0,9.365314571,393.0,0.0,1.0,0.0,0.0,1
22,95.0,6.613669965,249.0,0.0,1.0,0.0,0.0,1
23,95.0,19.95991509,326.0,0.0,1.0,0.0,0.0,0
25,95.0,11.46485093,458.0,0.0,0.0,1.0,0.0,0
22,92.0,10.70460698,359.0,0.0,0.0,0.0,1.0,1
22,95.0,8.986156218,391.0,0.0,1.0,0.0,0.0,1
23,95.0,4.904260592,339.0,0.0,1.0,0.0,0.0,1
22,95.0,6.529850053,256.0,0.0,1.0,0.0,0.0,1
26,94.0,14.75399666,299.0,1.0,0.0,0.0,0.0,1
25,90.0,19.63480231,304.0,1.0,0.0,0.0,0.0,1
23,92.0,9.587732994,348.0,0.0,0.0,0.0,1.0,1
24,95.0,17.12100442,269.0,0.0,1.0,0.0,0.0,0
24,95.0,13.49869706,261.0,1.0,0.0,0.0,0.0,0
25,95.0,14.27127328,402.0,0.0,0.0,1.0,0.0,0
23,90.0,13.12676612,335.0,0.0,0.0,0.0,1.0,1
24,95.0,12.83585424,378.0,0.0,0.0,0.0,1.0,0
23,88.0,8.214906999,303.0,0.0,0.0,0.0,1.0,1
25,95.0,10.46089174,380.0,0.0,0.0,1.0,0.0,0
22,95.0,8.0671142,368.0,0.0,1.0,0.0,0.0,1
24,95.0,17.02725828,247.0,1.0,0.0,0.0,0.0,0
26,95.0,15.76515749,298.0,1.0,0.0,0.0,0.0,1
26,90.0,19.63480231,372.0,1.0,0.0,0.0,0.0,1
25,95.0,10.89052217,420.0,0.0,0.0,1.0,0.0,0
23,95.0,8.465927903,184.5,0.0,1.0,0.0,0.0,1
23,95.0,19.63480231,279.0,0.0,1.0,0.0,0.0,0
23,95.0,20.29041491,360.0,0.0,1.0,0.0,0.0,0
23,95.0,15.00096563,353.0,0.0,1.0,0.0,0.0,0
24,95.0,14.83589827,396.0,0.0,1.0,0.0,0.0,0
24,90.0,16.11639251,319.0,1.0,0.0,0.0,0.0,1
24,95.0,14.67251295,318.0,0.0,0.0,0.0,1.0,0
23,87.5,12.55068787,343.0,0.0,0.0,1.0,0.0,1
22,95.0,6.082547355,252.0,0.0,1.0,0.0,0.0,1
24,95.0,12.41021712,248.0,1.0,0.0,0.0,0.0,0
24,95.0,19.10462223,282.0,1.0,0.0,0.0,0.0,0
23,92.0,9.587732994,357.0,0.0,0.0,0.0,1.0,1
25,95.0,10.70460698,451.0,0.0,0.0,1.0,0.0,0
23,89.0,7.313168177,285.0,0.0,0.0,0.0,1.0,1
23,89.0,8.214906999,300.0,0.0,0.0,0.0,1.0,1
22,95.0,6.122270991,249.0,0.0,1.0,0.0,0.0,1
26,95.0,6.446808067,400.0,0.0,0.0,0.0,1.0,1
23,89.0,8.214906999,298.0,0.0,0.0,0.0,1.0,1
23,95.0,15.42113219,384.0,0.0,1.0,0.0,0.0,0
26,90.0,18.7933463,389.0,1.0,0.0,0.0,0.0,1
24,95.0,16.74896501,395.0,0.0,1.0,0.0,0.0,0
23,95.0,14.75399666,310.0,0.0,0.0,0.0,1.0,0
23,88.0,7.450253315,289.0,0.0,0.0,0.0,1.0,1
25,95.0,4.768941936,404.0,0.0,0.0,1.0,0.0,0
24,93.0,11.14266773,365.0,0.0,0.0,0.0,1.0,1
25,89.0,20.73965627,391.0,1.0,0.0,0.0,0.0,1
26,87.5,7.496378442,184.5,0.0,0.0,0.0,1.0,1
23,95.0,5.36188151,298.0,0.0,1.0,0.0,0.0,1
24,95.0,14.75399666,307.0,0.0,0.0,0.0,1.0,0
22,95.0,6.655874013,259.0,0.0,1.0,0.0,0.0,1
24,95.0,14.75399666,392.0,0.0,0.0,0.0,1.0,1
25,95.0,7.825388265,200.0,0.0,0.0,0.0,1.0,1
23,91.0,13.57421101,324.0,0.0,0.0,0.0,1.0,1
23,95.0,4.870193845,357.0,0.0,1.0,0.0,0.0,1
24,87.5,13.3488037,340.0,1.0,0.0,0.0,0.0,1
23,89.0,8.116146322,289.0,0.0,0.0,0.0,1.0,1
25,95.0,9.757364232,321.0,0.0,0.0,1.0,0.0,0
22,95.0,12.90803823,327.0,0.0,0.0,1.0,0.0,1
23,95.0,6.571662296,257.0,0.0,1.0,0.0,0.0,1
25,95.0,14.27127328,410.0,0.0,0.0,1.0,0.0,0
24,95.0,13.57421101,374.0,0.0,0.0,0.0,1.0,0
25,90.0,21.08316911,389.0,1.0,0.0,0.0,0.0,1
23,89.0,12.69256136,316.0,0.0,0.0,0.0,1.0,1
26,94.0,18.18569032,382.0,1.0,0.0,0.0,0.0,1
23,95.0,9.255689372,184.5,0.0,1.0,0.0,0.0,1
25,95.0,11.01598084,318.0,0.0,0.0,1.0,0.0,0
23,95.0,19.85095108,364.0,0.0,1.0,0.0,0.0,0
22,95.0,6.826673276,264.0,0.0,1.0,0.0,0.0,1
25,87.5,13.65010619,343.0,1.0,0.0,0.0,0.0,1
23,89.0,12.90803823,321.0,0.0,0.0,0.0,1.0,1
24,95.0,11.66198098,280.0,0.0,0.0,0.0,1.0,0
22,95.0,7.921396405,184.5,0.0,1.0,0.0,0.0,1
23,95.0,12.55068787,319.0,0.0,0.0,1.0,0.0,1
23,95.0,19.00030193,267.0,0.0,1.0,0.0,0.0,0
24,95.0,16.47502321,255.0,1.0,0.0,0.0,0.0,0
22,95.0,6.48823229,246.0,0.0,1.0,0.0,0.0,1
22,92.0,13.57421101,337.0,0.0,0.0,0.0,1.0,1
24,95.0,19.00030193,277.0,1.0,0.0,0.0,0.0,0
22,95.0,4.409591293,343.0,0.0,1.0,0.0,0.0,1
25,95.0,10.58215896,284.0,0.0,0.0,1.0,0.0,0
23,92.0,11.27059687,352.0,0.0,0.0,0.0,1.0,1
22,94.0,12.48027818,337.0,0.0,0.0,1.0,0.0,1
26,94.0,14.59144457,302.0,1.0,0.0,0.0,0.0,1
21,94.0,8.214906999,376.0,0.0,1.0,0.0,0.0,1
23,88.0,7.404343951,291.0,0.0,0.0,0.0,1.0,1
23,95.0,19.95991509,340.0,0.0,1.0,0.0,0.0,0
23,88.0,7.22284254,283.0,0.0,0.0,0.0,1.0,1
23,95.0,8.116146322,184.5,0.0,1.0,0.0,0.0,1
23,89.0,7.496378442,296.0,0.0,0.0,0.0,1.0,1
24,95.0,9.531728808,407.0,0.0,0.0,0.0,1.0,1
25,89.0,20.06947764,301.0,1.0,0.0,0.0,0.0,1
22,87.5,4.603308323,357.0,0.0,1.0,0.0,0.0,1
23,89.0,9.587732994,375.0,0.0,0.0,0.0,1.0,1
25,89.0,20.29041491,389.0,1.0,0.0,0.0,0.0,1
23,93.0,11.79502342,356.0,0.0,0.0,0.0,1.0,1
25,95.0,10.52137857,385.0,0.0,0.0,1.0,0.0,0
22,95.0,9.093199852,382.0,0.0,1.0,0.0,0.0,1
22,95.0,7.044707922,298.0,0.0,1.0,0.0,0.0,1
23,95.0,5.076997025,342.0,0.0,1.0,0.0,0.0,1
23,95.0,14.91822038,248.0,0.0,1.0,0.0,0.0,0
23,89.0,8.165410187,310.0,0.0,0.0,0.0,1.0,1
25,95.0,10.52137857,451.0,0.0,0.0,1.0,0.0,0
24,95.0,16.20534945,339.0,0.0,0.0,0.0,1.0,0
25,95.0,15.25176672,314.0,0.0,0.0,0.0,1.0,0
24,95.0,14.83589827,392.0,0.0,1.0,0.0,0.0,0
23,95.0,19.74258151,349.0,0.0,1.0,0.0,0.0,0
25,95.0,15.42113219,383.0,0.0,0.0,0.0,1.0,0
24,95.0,15.76515749,255.0,0.0,1.0,0.0,0.0,0
25,95.0,13.12676612,378.0,0.0,0.0,0.0,1.0,0
26,87.5,7.825388265,406.0,0.0,0.0,0.0,1.0,1
23,95.0,16.47502321,246.0,0.0,1.0,0.0,0.0,0
24,95.0,16.47502321,252.0,0.0,1.0,0.0,0.0,0
23,95.0,12.41021712,322.0,0.0,0.0,1.0,0.0,1
26,87.5,7.873279406,405.0,0.0,0.0,0.0,1.0,1
24,87.5,13.80304952,348.0,1.0,0.0,0.0,0.0,1
23,95.0,15.85228317,460.0,0.0,1.0,0.0,0.0,0
22,95.0,7.777721829,375.0,0.0,1.0,0.0,0.0,1
26,87.5,12.90803823,404.0,1.0,0.0,0.0,0.0,1
22,95.0,8.264637967,359.0,0.0,1.0,0.0,0.0,1
25,95.0,11.33503171,321.0,0.0,0.0,1.0,0.0,0
24,95.0,13.80304952,323.0,0.0,0.0,1.0,0.0,1
22,95.0,8.516848104,381.0,0.0,1.0,0.0,0.0,1
22,92.0,10.95309884,356.0,0.0,0.0,0.0,1.0,1
25,95.0,14.35070581,406.0,0.0,0.0,1.0,0.0,0
26,90.0,19.20950925,376.0,1.0,0.0,0.0,0.0,1
25,95.0,10.64323454,288.0,0.0,0.0,1.0,0.0,0
23,95.0,14.91822038,368.0,0.0,1.0,0.0,0.0,0
23,95.0,16.74896501,205.0,0.0,1.0,0.0,0.0,0
26,89.0,7.177995872,401.0,0.0,0.0,0.0,1.0,1
22,95.0,12.69256136,336.0,0.0,0.0,1.0,0.0,1
22,95.0,12.34050263,220.0,0.0,1.0,0.0,0.0,1
22,95.0,7.730278953,184.5,0.0,1.0,0.0,0.0,1
22,95.0,8.671063387,184.5,0.0,1.0,0.0,0.0,1
24,95.0,13.95754575,383.0,0.0,0.0,0.0,1.0,0
25,95.0,13.3488037,386.0,0.0,0.0,0.0,1.0,0
24,95.0,15.33623116,379.0,0.0,1.0,0.0,0.0,0
26,91.0,20.85352641,396.0,1.0,0.0,0.0,0.0,1
24,95.0,16.84124175,206.0,0.0,1.0,0.0,0.0,0
25,95.0,10.16280412,439.0,0.0,0.0,1.0,0.0,0
23,89.0,12.41021712,336.0,0.0,0.0,0.0,1.0,1
24,95.0,16.29477154,377.0,0.0,1.0,0.0,0.0,0
26,94.0,6.48823229,401.0,0.0,0.0,0.0,1.0,1
25,95.0,9.531728808,439.0,0.0,0.0,1.0,0.0,0
25,95.0,11.01598084,311.0,0.0,0.0,1.0,0.0,0
23,89.0,8.116146322,298.0,0.0,0.0,0.0,1.0,1
22,87.5,12.69256136,333.0,0.0,0.0,1.0,0.0,1
24,95.0,20.73965627,320.0,1.0,0.0,0.0,0.0,1
25,95.0,16.29477154,271.0,1.0,0.0,0.0,0.0,0
23,95.0,8.827487661,194.0,0.0,1.0,0.0,0.0,1
22,93.0,12.69256136,358.0,0.0,0.0,0.0,1.0,1
23,95.0,15.59225501,254.0,0.0,1.0,0.0,0.0,0
24,95.0,14.59144457,404.0,0.0,0.0,0.0,1.0,1
22,95.0,9.255689372,384.0,0.0,1.0,0.0,0.0,1
23,91.0,10.52137857,347.0,0.0,0.0,0.0,1.0,1
26,95.0,21.43245642,398.0,1.0,0.0,0.0,0.0,1
22,95.0,8.619414571,382.0,0.0,1.0,0.0,0.0,1
26,89.0,18.48706888,380.0,1.0,0.0,0.0,0.0,1
23,95.0,16.65717174,243.0,0.0,1.0,0.0,0.0,0
26,90.0,18.89654455,377.0,1.0,0.0,0.0,0.0,1
25,89.0,15.76515749,320.0,1.0,0.0,0.0,0.0,1
26,87.5,18.38606989,402.0,1.0,0.0,0.0,0.0,1
24,95.0,11.53023895,430.0,0.0,0.0,1.0,0.0,0
25,89.0,15.93986231,324.0,1.0,0.0,0.0,0.0,1
25,95.0,10.34079221,312.0,0.0,0.0,1.0,0.0,0
23,91.0,13.27441976,339.0,0.0,0.0,0.0,1.0,1
25,95.0,11.79502342,430.0,0.0,0.0,1.0,0.0,0
26,87.5,7.589280351,405.0,0.0,0.0,0.0,1.0,1
25,93.0,6.655874013,405.0,0.0,0.0,0.0,1.0,1
24,95.0,12.98058343,365.0,0.0,0.0,0.0,1.0,0
23,95.0,5.147226326,357.0,0.0,1.0,0.0,0.0,1
23,95.0,15.08413665,446.0,0.0,1.0,0.0,0.0,0
22,95.0,13.95754575,331.0,0.0,0.0,1.0,0.0,1
24,91.0,8.264637967,364.0,0.0,0.0,0.0,1.0,1
25,95.0,10.89052217,455.0,0.0,0.0,1.0,0.0,0
26,94.0,15.16773612,308.0,1.0,0.0,0.0,0.0,1
25,89.0,19.63480231,375.0,1.0,0.0,0.0,0.0,1
23,95.0,4.938486566,351.0,0.0,1.0,0.0,0.0,1
26,95.0,16.11639251,310.0,1.0,0.0,0.0,0.0,1
23,95.0,7.873279406,184.5,0.0,1.0,0.0,0.0,1
24,95.0,9.531728808,399.0,0.0,0.0,0.0,1.0,1
26,90.0,19.10462223,379.0,1.0,0.0,0.0,0.0,1
22,95.0,8.722957641,384.0,0.0,1.0,0.0,0.0,1
25,95.0,7.730278953,202.0,0.0,0.0,0.0,1.0,1
24,95.0,15.76515749,376.0,0.0,1.0,0.0,0.0,0
23,95.0,14.75399666,414.0,0.0,1.0,0.0,0.0,0
22,91.0,12.62144823,341.0,0.0,0.0,1.0,0.0,1
24,95.0,14.35070581,350.0,0.0,0.0,1.0,0.0,1
26,89.0,19.20950925,371.0,1.0,0.0,0.0,0.0,1
26,88.0,18.89654455,375.0,1.0,0.0,0.0,0.0,1
23,87.5,12.62144823,338.0,0.0,0.0,1.0,0.0,1
25,95.0,11.53023895,320.0,0.0,0.0,1.0,0.0,0
24,95.0,10.22184745,184.5,1.0,0.0,0.0,0.0,0
22,95.0,8.568009903,371.0,0.0,1.0,0.0,0.0,1
25,95.0,7.730278953,184.5,0.0,0.0,0.0,1.0,1
23,90.0,12.76402932,319.0,0.0,0.0,0.0,1.0,1
25,95.0,9.987371503,358.0,0.0,0.0,1.0,0.0,0
24,95.0,15.08413665,250.0,0.0,1.0,0.0,0.0,0
23,95.0,5.218112844,295.0,0.0,1.0,0.0,0.0,1
23,90.0,12.90803823,317.0,0.0,0.0,0.0,1.0,1
24,95.0,16.02789778,337.0,0.0,0.0,0.0,1.0,0
23,91.0,10.89052217,352.0,0.0,0.0,0.0,1.0,1
24,87.5,15.59225501,454.0,0.0,0.0,0.0,1.0,1
25,95.0,15.16773612,308.0,0.0,0.0,0.0,1.0,0
26,95.0,17.02725828,313.0,1.0,0.0,0.0,0.0,1
25,95.0,12.62144823,303.0,0.0,0.0,0.0,1.0,0
23,95.0,14.83589827,405.0,0.0,1.0,0.0,0.0,0
25,95.0,11.72833871,352.0,0.0,0.0,1.0,0.0,0
22,95.0,6.826673276,265.0,0.0,1.0,0.0,0.0,1
25,95.0,12.98058343,369.0,0.0,0.0,0.0,1.0,0
24,91.0,8.264637967,371.0,0.0,0.0,0.0,1.0,1
25,95.0,15.33623116,376.0,0.0,0.0,0.0,1.0,0
26,94.0,15.42113219,301.0,1.0,0.0,0.0,0.0,1
26,91.0,19.63480231,389.0,1.0,0.0,0.0,0.0,1
22,87.5,12.34050263,333.0,0.0,0.0,1.0,0.0,1
23,95.0,19.85095108,358.0,0.0,1.0,0.0,0.0,0
25,95.0,14.27127328,380.0,0.0,0.0,0.0,1.0,0
24,95.0,11.72833871,431.0,0.0,0.0,1.0,0.0,0
24,87.5,13.65010619,342.0,1.0,0.0,0.0,0.0,1
26,90.0,20.40179801,384.0,1.0,0.0,0.0,0.0,1
25,95.0,15.42113219,320.0,0.0,0.0,0.0,1.0,0
22,95.0,4.836285621,340.0,0.0,1.0,0.0,0.0,1
23,89.0,7.636059339,294.0,0.0,0.0,0.0,1.0,1
22,95.0,4.938486566,333.0,0.0,1.0,0.0,0.0,1
23,89.0,12.62144823,350.0,0.0,0.0,0.0,1.0,1
26,94.0,14.35070581,300.0,1.0,0.0,0.0,0.0,1
25,95.0,14.35070581,372.0,0.0,0.0,0.0,1.0,0
22,95.0,13.49869706,326.0,0.0,0.0,1.0,0.0,1
24,95.0,14.83589827,262.0,1.0,0.0,0.0,0.0,0
22,95.0,13.05349201,336.0,0.0,0.0,1.0,0.0,1
22,89.0,12.90803823,347.0,0.0,0.0,1.0,0.0,1
23,95.0,6.613669965,253.0,0.0,1.0,0.0,0.0,1
22,95.0,9.093199852,390.0,0.0,1.0,0.0,0.0,1
22,91.0,12.69256136,341.0,0.0,0.0,1.0,0.0,1
23,87.5,12.69256136,337.0,0.0,0.0,1.0,0.0,1
23,93.0,12.76402932,337.0,0.0,0.0,1.0,0.0,1
23,95.0,4.570643409,333.0,0.0,1.0,0.0,0.0,1
23,89.0,7.825388265,295.0,0.0,0.0,0.0,1.0,1
23,95.0,8.516848104,184.5,0.0,1.0,0.0,0.0,1
24,95.0,13.12676612,400.0,0.0,0.0,1.0,0.0,0
22,95.0,6.283027997,287.0,0.0,1.0,0.0,0.0,1
22,95.0,6.613669965,263.0,0.0,1.0,0.0,0.0,1
23,95.0,19.63480231,341.0,0.0,1.0,0.0,0.0,0
24,95.0,13.88010234,322.0,0.0,0.0,1.0,0.0,1
25,95.0,12.98058343,382.0,0.0,0.0,0.0,1.0,0
26,91.0,7.000692513,404.0,0.0,0.0,0.0,1.0,1
23,95.0,10.58215896,393.0,0.0,1.0,0.0,0.0,1
23,95.0,15.00096563,404.0,0.0,1.0,0.0,0.0,0
25,95.0,10.95309884,311.0,0.0,0.0,1.0,0.0,0
22,95.0,12.90803823,336.0,0.0,0.0,1.0,0.0,1
26,90.0,19.85095108,378.0,1.0,0.0,0.0,0.0,1
26,94.0,14.1136139,309.0,1.0,0.0,0.0,0.0,1
24,95.0,14.91822038,358.0,0.0,1.0,0.0,0.0,0
26,87.5,8.214906999,416.0,0.0,0.0,0.0,1.0,1
23,95.0,12.41021712,345.0,0.0,0.0,1.0,0.0,1
25,95.0,13.42356205,368.0,0.0,0.0,0.0,1.0,0
24,95.0,16.56585884,369.0,0.0,0.0,0.0,1.0,0
25,90.0,19.63480231,305.0,1.0,0.0,0.0,0.0,1
22,92.0,9.700549236,355.0,0.0,0.0,0.0,1.0,1
22,91.0,12.76402932,333.0,0.0,0.0,1.0,0.0,1
22,95.0,11.72833871,222.0,0.0,1.0,0.0,0.0,1
22,95.0,12.69256136,345.0,0.0,0.0,1.0,0.0,1
25,95.0,15.50647254,408.0,0.0,0.0,0.0,1.0,0
23,93.0,11.92938136,349.0,0.0,0.0,0.0,1.0,1
22,95.0,7.044707922,288.0,0.0,1.0,0.0,0.0,1
24,95.0,15.76515749,346.0,0.0,0.0,0.0,1.0,0
24,95.0,15.25176672,373.0,0.0,1.0,0.0,0.0,0
26,90.0,19.74258151,381.0,1.0,0.0,0.0,0.0,1
24,95.0,13.49869706,381.0,0.0,0.0,0.0,1.0,0
26,94.0,13.65010619,305.0,1.0,0.0,0.0,0.0,1
23,87.5,12.55068787,339.0,0.0,0.0,1.0,0.0,1
25,95.0,11.27059687,300.0,0.0,0.0,1.0,0.0,0
23,95.0,16.93400512,249.0,0.0,1.0,0.0,0.0,0
25,95.0,10.28117628,367.0,0.0,0.0,1.0,0.0,0
24,95.0,12.76402932,307.0,0.0,0.0,0.0,1.0,0
24,95.0,16.11639251,339.0,0.0,0.0,0.0,1.0,0
22,92.0,11.07916988,359.0,0.0,0.0,0.0,1.0,1
24,95.0,17.59724365,290.0,1.0,0.0,0.0,0.0,0
24,87.5,14.35070581,338.0,1.0,0.0,0.0,0.0,1
22,95.0,13.49869706,329.0,0.0,0.0,1.0,0.0,1
23,91.0,8.364807255,365.0,0.0,0.0,0.0,1.0,1
25,88.0,15.08413665,324.0,1.0,0.0,0.0,0.0,1
24,93.0,11.46485093,370.0,0.0,0.0,0.0,1.0,1
22,90.0,12.90803823,322.0,0.0,0.0,0.0,1.0,1
23,95.0,6.446808067,246.0,0.0,1.0,0.0,0.0,1
25,95.0,13.05349201,411.0,0.0,0.0,1.0,0.0,0
25,95.0,13.05349201,377.0,0.0,0.0,0.0,1.0,0
22,93.0,11.27059687,356.0,0.0,0.0,0.0,1.0,1
22,95.0,12.76402932,331.0,0.0,0.0,1.0,0.0,1
25,95.0,12.69256136,300.0,0.0,0.0,0.0,1.0,0
25,93.0,6.48823229,405.0,0.0,0.0,0.0,1.0,1
22,95.0,8.722957641,382.0,0.0,1.0,0.0,0.0,1
25,95.0,11.53023895,408.0,0.0,0.0,1.0,0.0,0
22,92.0,10.76627794,360.0,0.0,0.0,0.0,1.0,1
22,95.0,8.0671142,184.5,0.0,1.0,0.0,0.0,1
22,95.0,6.446808067,340.0,0.0,1.0,0.0,0.0,1
22,95.0,8.671063387,375.0,0.0,1.0,0.0,0.0,1
26,90.0,20.96802921,395.0,1.0,0.0,0.0,0.0,1
22,94.0,12.13341843,347.0,0.0,0.0,0.0,1.0,1
22,95.0,4.505770041,333.0,0.0,1.0,0.0,0.0,1
25,95.0,13.05349201,387.0,0.0,0.0,0.0,1.0,0
24,90.0,12.34050263,331.0,0.0,0.0,0.0,1.0,1
23,92.0,10.16280412,359.0,0.0,0.0,0.0,1.0,1
22,95.0,6.405576451,254.0,0.0,1.0,0.0,0.0,1
25,95.0,10.64323454,450.0,0.0,0.0,1.0,0.0,0
23,87.5,6.405576451,286.0,0.0,0.0,0.0,1.0,1
25,87.5,14.27127328,335.0,1.0,0.0,0.0,0.0,1
23,95.0,20.17964285,354.0,0.0,1.0,0.0,0.0,0
25,93.0,6.529850053,403.0,0.0,0.0,0.0,1.0,1
23,92.0,9.814452454,359.0,0.0,0.0,0.0,1.0,1
22,95.0,12.41021712,326.0,0.0,0.0,1.0,0.0,1
23,90.0,12.98058343,331.0,0.0,0.0,0.0,1.0,1
22,95.0,6.783674055,327.0,0.0,1.0,0.0,0.0,1
24,95.0,14.83589827,414.0,0.0,1.0,0.0,0.0,0
22,95.0,13.3488037,328.0,0.0,0.0,1.0,0.0,1
24,95.0,11.79502342,280.0,0.0,0.0,0.0,1.0,0
25,95.0,11.46485093,290.0,0.0,0.0,1.0,0.0,0
24,95.0,18.58861217,259.0,0.0,1.0,0.0,0.0,0
22,95.0,8.165410187,375.0,0.0,1.0,0.0,0.0,1
24,88.0,10.40069682,242.0,0.0,0.0,0.0,1.0,1
23,95.0,8.933015125,184.5,0.0,1.0,0.0,0.0,1
23,88.0,7.358649263,290.0,0.0,0.0,0.0,1.0,1
24,95.0,14.03538213,308.0,0.0,0.0,1.0,0.0,1
26,95.0,16.20534945,307.0,1.0,0.0,0.0,0.0,1
23,89.0,7.825388265,300.0,0.0,0.0,0.0,1.0,1
23,88.0,7.404343951,288.0,0.0,0.0,0.0,1.0,1
22,95.0,6.698275399,234.0,0.0,1.0,0.0,0.0,1
24,95.0,16.11639251,344.0,0.0,0.0,0.0,1.0,0
23,95.0,12.55068787,336.0,0.0,0.0,1.0,0.0,1
23,95.0,19.95991509,335.0,0.0,1.0,0.0,0.0,0
25,90.0,16.56585884,323.0,1.0,0.0,0.0,0.0,1
24,95.0,18.48706888,255.0,1.0,0.0,0.0,0.0,0
26,94.0,14.19224347,303.0,1.0,0.0,0.0,0.0,1
24,95.0,14.19224347,323.0,0.0,0.0,1.0,0.0,1
23,95.0,6.323687334,257.0,0.0,1.0,0.0,0.0,1
25,95.0,11.07916988,317.0,0.0,0.0,1.0,0.0,0
24,87.5,13.42356205,332.0,1.0,0.0,0.0,0.0,1
24,89.0,15.50647254,316.0,1.0,0.0,0.0,0.0,1
23,92.0,12.76402932,352.0,0.0,0.0,1.0,0.0,1
24,89.0,16.29477154,320.0,1.0,0.0,0.0,0.0,1
24,95.0,19.31496687,313.0,1.0,0.0,0.0,0.0,0
23,95.0,14.67251295,371.0,0.0,1.0,0.0,0.0,0
23,95.0,13.65010619,357.0,0.0,0.0,1.0,0.0,1
25,87.5,14.03538213,333.0,1.0,0.0,0.0,0.0,1
23,95.0,8.116146322,184.5,0.0,1.0,0.0,0.0,1
23,89.0,9.093199852,348.0,0.0,0.0,0.0,1.0,1
25,87.5,7.921396405,401.0,0.0,0.0,0.0,1.0,1
23,90.0,12.90803823,335.0,0.0,0.0,0.0,1.0,1
24,89.0,13.49869706,404.0,0.0,0.0,0.0,1.0,1
24,95.0,16.02789778,409.0,0.0,1.0,0.0,0.0,0
24,90.0,12.83585424,332.0,0.0,0.0,0.0,1.0,1
26,94.0,16.74896501,309.0,1.0,0.0,0.0,0.0,1
22,95.0,7.873279406,327.0,0.0,1.0,0.0,0.0,1
25,95.0,16.38466179,363.0,0.0,0.0,0.0,1.0,0
24,95.0,14.19224347,333.0,0.0,0.0,1.0,0.0,1
25,89.0,20.73965627,392.0,1.0,0.0,0.0,0.0,1
23,95.0,14.91822038,402.0,0.0,1.0,0.0,0.0,0
26,95.0,20.17964285,391.0,1.0,0.0,0.0,0.0,1
22,87.5,12.55068787,342.0,0.0,0.0,1.0,0.0,1
24,95.0,16.38466179,414.0,0.0,1.0,0.0,0.0,0
25,90.0,20.17964285,297.0,1.0,0.0,0.0,0.0,1
23,95.0,14.91822038,371.0,0.0,1.0,0.0,0.0,0
23,95.0,13.12676612,365.0,0.0,0.0,1.0,0.0,1
22,92.0,9.757364232,355.0,0.0,0.0,0.0,1.0,1
25,95.0,11.53023895,340.0,0.0,0.0,1.0,0.0,0
25,87.5,13.72638492,352.0,1.0,0.0,0.0,0.0,1
22,95.0,7.496378442,297.0,0.0,1.0,0.0,0.0,1
25,95.0,15.08413665,413.0,0.0,0.0,1.0,0.0,0
22,95.0,6.826673276,293.0,0.0,1.0,0.0,0.0,1
22,95.0,12.90803823,324.0,0.0,0.0,1.0,0.0,1
23,95.0,6.202275223,239.0,0.0,1.0,0.0,0.0,1
25,95.0,15.25176672,311.0,0.0,0.0,0.0,1.0,0
22,92.0,12.69256136,336.0,0.0,0.0,1.0,0.0,1
26,90.0,19.31496687,395.0,1.0,0.0,0.0,0.0,1
25,95.0,15.00096563,403.0,0.0,0.0,1.0,0.0,0
22,95.0,6.783674055,263.0,0.0,1.0,0.0,0.0,1
23,92.0,10.46089174,363.0,0.0,0.0,0.0,1.0,1
23,89.0,7.969740423,288.0,0.0,0.0,0.0,1.0,1
23,95.0,20.17964285,340.0,0.0,1.0,0.0,0.0,0
26,87.5,8.116146322,409.0,0.0,0.0,0.0,1.0,1
22,95.0,13.42356205,184.5,0.0,0.0,1.0,0.0,1
22,92.0,13.57421101,323.0,0.0,0.0,0.0,1.0,1
24,95.0,14.27127328,308.0,0.0,0.0,1.0,0.0,1
24,94.0,11.59594835,378.0,0.0,0.0,0.0,1.0,1
22,95.0,13.42356205,325.0,0.0,0.0,1.0,0.0,1
24,95.0,11.99705843,378.0,0.0,0.0,0.0,1.0,1
22,93.0,12.34050263,353.0,0.0,0.0,0.0,1.0,1
25,92.0,6.48823229,412.0,0.0,0.0,0.0,1.0,1
22,95.0,6.956882353,291.0,0.0,1.0,0.0,0.0,1
22,95.0,7.496378442,362.0,0.0,1.0,0.0,0.0,1
22,95.0,13.72638492,339.0,0.0,0.0,1.0,0.0,1
25,95.0,7.636059339,193.0,0.0,0.0,0.0,1.0,1
25,95.0,16.29477154,316.0,0.0,0.0,0.0,1.0,0
23,90.0,12.62144823,332.0,0.0,0.0,0.0,1.0,1
23,95.0,15.00096563,388.0,0.0,1.0,0.0,0.0,0
23,95.0,5.112029894,352.0,0.0,1.0,0.0,0.0,1
23,89.0,8.671063387,314.0,0.0,0.0,0.0,1.0,1
22,95.0,5.848049252,257.0,0.0,1.0,0.0,0.0,1
24,95.0,18.08630257,252.0,1.0,0.0,0.0,0.0,0
25,95.0,10.58215896,449.0,0.0,0.0,1.0,0.0,0
23,95.0,19.74258151,343.0,0.0,1.0,0.0,0.0,0
23,91.0,13.42356205,325.0,0.0,0.0,0.0,1.0,1
22,95.0,4.938486566,359.0,0.0,1.0,0.0,0.0,1
24,95.0,16.47502321,372.0,0.0,0.0,0.0,1.0,0
23,95.0,20.17964285,349.0,0.0,1.0,0.0,0.0,0
24,95.0,15.16773612,247.0,1.0,0.0,0.0,0.0,0
22,93.0,11.72833871,353.0,0.0,0.0,0.0,1.0,1
25,95.0,14.83589827,266.0,1.0,0.0,0.0,0.0,0
23,88.0,8.116146322,292.0,0.0,0.0,0.0,1.0,1
24,90.0,8.018312629,291.0,0.0,0.0,0.0,1.0,1
24,95.0,17.30998858,218.0,0.0,1.0,0.0,0.0,0
24,95.0,13.65010619,259.0,1.0,0.0,0.0,0.0,0
24,88.0,10.76627794,240.0,0.0,0.0,0.0,1.0,1
23,95.0,9.700549236,385.0,0.0,1.0,0.0,0.0,1
23,88.0,8.018312629,293.0,0.0,0.0,0.0,1.0,1
23,92.0,9.757364232,353.0,0.0,0.0,0.0,1.0,1
24,95.0,15.42113219,375.0,0.0,1.0,0.0,0.0,0
24,95.0,14.83589827,450.0,0.0,1.0,0.0,0.0,0
25,95.0,14.91822038,383.0,0.0,0.0,0.0,1.0,0
24,95.0,18.89654455,267.0,0.0,1.0,0.0,0.0,0
22,95.0,12.76402932,333.0,0.0,0.0,1.0,0.0,1
26,95.0,17.59724365,319.0,1.0,0.0,0.0,0.0,1
23,95.0,12.27113269,321.0,0.0,0.0,1.0,0.0,1
25,95.0,12.27113269,410.0,0.0,0.0,1.0,0.0,0
26,87.5,9.310371154,384.0,0.0,0.0,0.0,1.0,1
23,95.0,16.56585884,245.0,0.0,1.0,0.0,0.0,0
26,89.0,7.044707922,421.0,0.0,0.0,0.0,1.0,1
22,95.0,8.31460431,184.5,0.0,1.0,0.0,0.0,1
24,95.0,16.74896501,251.0,1.0,0.0,0.0,0.0,0
24,95.0,13.20040797,303.0,0.0,0.0,0.0,1.0,0
23,95.0,12.69256136,345.0,0.0,0.0,1.0,0.0,1
22,95.0,7.000692513,293.0,0.0,1.0,0.0,0.0,1
23,87.5,4.441500903,327.0,0.0,1.0,0.0,0.0,1
22,90.0,13.05349201,334.0,0.0,0.0,0.0,1.0,1
25,95.0,12.76402932,372.0,0.0,0.0,0.0,1.0,0
22,95.0,6.405576451,245.0,0.0,1.0,0.0,0.0,1
24,89.0,8.116146322,290.0,0.0,0.0,0.0,1.0,1
25,95.0,11.07916988,411.0,0.0,0.0,1.0,0.0,0
22,94.0,8.165410187,379.0,0.0,1.0,0.0,0.0,1
24,95.0,16.02789778,340.0,0.0,0.0,0.0,1.0,0
23,95.0,12.27113269,329.0,0.0,0.0,1.0,0.0,1
23,95.0,15.08413665,364.0,0.0,1.0,0.0,0.0,0
25,95.0,13.72638492,376.0,0.0,0.0,0.0,1.0,0
23,91.0,9.757364232,355.0,0.0,0.0,0.0,1.0,1
25,95.0,9.700549236,262.0,0.0,0.0,1.0,0.0,0
26,91.0,7.044707922,402.0,0.0,0.0,0.0,1.0,1
24,95.0,14.51078894,400.0,0.0,0.0,0.0,1.0,1
22,95.0,9.310371154,387.0,0.0,1.0,0.0,0.0,1
24,95.0,11.33503171,324.0,0.0,0.0,1.0,0.0,0
24,89.0,8.116146322,320.0,0.0,0.0,0.0,1.0,1
23,95.0,4.938486566,341.0,0.0,1.0,0.0,0.0,1
24,95.0,15.59225501,378.0,0.0,1.0,0.0,0.0,0
24,95.0,16.56585884,386.0,0.0,1.0,0.0,0.0,0
25,93.0,6.323687334,400.0,0.0,0.0,0.0,1.0,1
23,89.0,12.69256136,342.0,0.0,0.0,0.0,1.0,1
22,95.0,9.147105109,185.0,0.0,1.0,0.0,0.0,1
22,95.0,4.636126276,346.0,0.0,1.0,0.0,0.0,1
24,95.0,15.25176672,248.0,0.0,1.0,0.0,0.0,0
26,87.5,13.12676612,407.0,1.0,0.0,0.0,0.0,1
25,95.0,13.49869706,378.0,0.0,0.0,0.0,1.0,0
23,90.0,13.12676612,320.0,0.0,0.0,0.0,1.0,1
25,95.0,13.88010234,387.0,0.0,0.0,0.0,1.0,0
26,91.0,20.06947764,293.0,1.0,0.0,0.0,0.0,1
22,92.0,13.65010619,333.0,0.0,0.0,0.0,1.0,1
25,95.0,7.730278953,214.0,0.0,0.0,0.0,1.0,1
24,95.0,16.56585884,344.0,0.0,0.0,0.0,1.0,0
23,95.0,5.582615631,252.0,0.0,1.0,0.0,0.0,1
23,95.0,14.43054353,306.0,0.0,0.0,0.0,1.0,0
22,95.0,12.83585424,323.0,0.0,0.0,1.0,0.0,1
23,91.0,8.165410187,368.0,0.0,0.0,0.0,1.0,1
22,93.0,12.76402932,356.0,0.0,0.0,0.0,1.0,1
23,91.0,10.64323454,345.0,0.0,0.0,0.0,1.0,1
24,89.0,13.3488037,394.0,0.0,0.0,0.0,1.0,1
25,95.0,11.53023895,410.0,0.0,0.0,1.0,0.0,0
25,87.5,13.72638492,337.0,1.0,0.0,0.0,0.0,1
24,95.0,14.75399666,370.0,0.0,1.0,0.0,0.0,0
22,95.0,4.904260592,358.0,0.0,1.0,0.0,0.0,1
22,95.0,9.8718154,194.0,0.0,1.0,0.0,0.0,1
22,93.0,11.27059687,358.0,0.0,0.0,0.0,1.0,1
23,89.0,9.587732994,366.0,0.0,0.0,0.0,1.0,1
23,95.0,14.91822038,417.0,0.0,1.0,0.0,0.0,0
22,95.0,13.57421101,340.0,0.0,0.0,1.0,0.0,1
24,89.0,13.05349201,413.0,0.0,0.0,0.0,1.0,1
24,95.0,12.98058343,370.0,0.0,0.0,0.0,1.0,0
24,95.0,19.00030193,273.0,1.0,0.0,0.0,0.0,0
21,94.0,9.255689372,386.0,0.0,1.0,0.0,0.0,1
23,95.0,19.74258151,323.0,0.0,1.0,0.0,0.0,0
25,95.0,11.14266773,321.0,0.0,0.0,1.0,0.0,0
22,95.0,4.938486566,353.0,0.0,1.0,0.0,0.0,1
25,95.0,11.99705843,419.0,0.0,0.0,1.0,0.0,0
23,95.0,12.76402932,337.0,0.0,0.0,1.0,0.0,1
23,91.0,8.31460431,184.5,0.0,0.0,0.0,1.0,1
24,95.0,11.92938136,290.0,0.0,0.0,0.0,1.0,0
25,95.0,11.39978246,433.0,0.0,0.0,1.0,0.0,0
24,87.5,18.38606989,467.0,0.0,0.0,0.0,1.0,1
24,95.0,16.11639251,251.0,0.0,1.0,0.0,0.0,0
25,90.0,20.06947764,302.0,1.0,0.0,0.0,0.0,1
23,95.0,15.08413665,246.0,0.0,1.0,0.0,0.0,0
25,95.0,13.05349201,383.0,0.0,0.0,0.0,1.0,0
25,95.0,10.10404473,271.0,0.0,0.0,1.0,0.0,0
22,95.0,7.450253315,348.0,0.0,1.0,0.0,0.0,1
25,95.0,13.05349201,379.0,0.0,0.0,0.0,1.0,0
23,89.0,8.264637967,308.0,0.0,0.0,0.0,1.0,1
23,90.0,12.27113269,325.0,0.0,0.0,0.0,1.0,1
22,95.0,4.505770041,344.0,0.0,1.0,0.0,0.0,1
22,95.0,8.364807255,184.5,0.0,1.0,0.0,0.0,1
22,95.0,8.516848104,184.5,0.0,1.0,0.0,0.0,1
23,92.0,9.814452454,352.0,0.0,0.0,0.0,1.0,1
24,95.0,15.42113219,394.0,0.0,1.0,0.0,0.0,0
24,95.0,12.06507013,366.0,0.0,0.0,0.0,1.0,1
25,95.0,14.35070581,403.0,0.0,0.0,1.0,0.0,0
23,95.0,15.25176672,389.0,0.0,1.0,0.0,0.0,0
23,95.0,8.0671142,184.5,0.0,1.0,0.0,0.0,1
23,95.0,4.636126276,335.0,0.0,1.0,0.0,0.0,1
25,95.0,11.14266773,312.0,0.0,0.0,1.0,0.0,0
23,95.0,16.65717174,259.0,0.0,1.0,0.0,0.0,0
23,95.0,20.06947764,337.0,0.0,1.0,0.0,0.0,0
24,87.5,13.80304952,336.0,1.0,0.0,0.0,0.0,1
23,95.0,15.08413665,399.0,0.0,1.0,0.0,0.0,0
26,95.0,6.446808067,388.0,0.0,0.0,0.0,1.0,1
23,87.5,12.76402932,348.0,0.0,0.0,1.0,0.0,1
25,95.0,11.46485093,463.0,0.0,0.0,1.0,0.0,0
25,95.0,12.48027818,436.0,0.0,0.0,1.0,0.0,0
23,91.0,13.49869706,326.0,0.0,0.0,0.0,1.0,1
22,87.5,12.62144823,335.0,0.0,0.0,1.0,0.0,1
23,95.0,15.25176672,385.0,0.0,1.0,0.0,0.0,0
23,95.0,4.836285621,290.0,0.0,1.0,0.0,0.0,1
22,87.5,12.48027818,335.0,0.0,0.0,1.0,0.0,1
25,95.0,13.65010619,383.0,0.0,0.0,0.0,1.0,0
25,95.0,13.20040797,383.0,0.0,0.0,0.0,1.0,0
24,95.0,19.20950925,311.0,1.0,0.0,0.0,0.0,0
22,92.0,12.69256136,322.0,0.0,0.0,1.0,0.0,1
23,95.0,17.98744479,353.0,0.0,1.0,0.0,0.0,0
24,95.0,12.62144823,254.0,1.0,0.0,0.0,0.0,0
23,95.0,12.27113269,335.0,0.0,0.0,1.0,0.0,1
23,95.0,15.59225501,459.0,0.0,1.0,0.0,0.0,0
23,95.0,14.75399666,368.0,0.0,1.0,0.0,0.0,0
22,92.0,10.04556771,351.0,0.0,0.0,0.0,1.0,1
23,88.0,7.177995872,284.0,0.0,0.0,0.0,1.0,1
25,87.5,18.58861217,388.0,1.0,0.0,0.0,0.0,1
25,95.0,10.82824911,448.0,0.0,0.0,1.0,0.0,0
24,95.0,11.99705843,407.0,0.0,0.0,1.0,0.0,0
23,95.0,12.27113269,325.0,0.0,0.0,1.0,0.0,1
23,95.0,19.63480231,337.0,0.0,1.0,0.0,0.0,0
26,92.0,6.613669965,396.0,0.0,0.0,0.0,1.0,1
25,95.0,12.83585424,375.0,0.0,0.0,0.0,1.0,0
22,95.0,7.450253315,339.0,0.0,1.0,0.0,0.0,1
24,89.0,13.72638492,399.0,0.0,0.0,0.0,1.0,1
23,95.0,14.75399666,321.0,0.0,0.0,0.0,1.0,0
24,95.0,11.33503171,281.0,0.0,0.0,0.0,1.0,0
22,95.0,8.671063387,184.5,0.0,1.0,0.0,0.0,1
25,95.0,11.53023895,431.0,0.0,0.0,1.0,0.0,0
23,95.0,14.83589827,248.0,0.0,1.0,0.0,0.0,0
25,95.0,11.53023895,435.0,0.0,0.0,1.0,0.0,0
24,95.0,15.16773612,365.0,0.0,1.0,0.0,0.0,0
24,95.0,19.10462223,309.0,1.0,0.0,0.0,0.0,0
22,93.0,14.03538213,328.0,0.0,0.0,0.0,1.0,1
22,95.0,8.165410187,184.5,0.0,1.0,0.0,0.0,1
23,95.0,14.75399666,447.0,0.0,1.0,0.0,0.0,0
25,95.0,10.58215896,363.0,0.0,0.0,1.0,0.0,0
25,87.5,14.51078894,328.0,1.0,0.0,0.0,0.0,1
22,93.0,12.20210529,355.0,0.0,0.0,0.0,1.0,1
22,94.0,12.41021712,349.0,0.0,0.0,0.0,1.0,1
23,95.0,14.75399666,399.0,0.0,1.0,0.0,0.0,0
23,95.0,4.47356027,354.0,0.0,1.0,0.0,0.0,1
22,95.0,4.636126276,337.0,0.0,1.0,0.0,0.0,1
23,91.0,9.365314571,362.0,0.0,0.0,0.0,1.0,1
23,95.0,4.47356027,311.0,0.0,1.0,0.0,0.0,1
22,95.0,8.827487661,381.0,0.0,1.0,0.0,0.0,1
26,93.0,6.529850053,390.0,0.0,0.0,0.0,1.0,1
25,95.0,11.33503171,294.0,0.0,0.0,1.0,0.0,0
25,95.0,15.59225501,308.0,0.0,0.0,0.0,1.0,0
22,95.0,10.04556771,198.0,0.0,1.0,0.0,0.0,1
25,95.0,12.06507013,410.0,0.0,0.0,1.0,0.0,0
25,95.0,9.814452454,305.0,0.0,0.0,1.0,0.0,0
26,91.0,6.698275399,401.0,0.0,0.0,0.0,1.0,1
24,95.0,14.59144457,248.0,1.0,0.0,0.0,0.0,0
24,95.0,14.19224347,351.0,0.0,0.0,1.0,0.0,1
22,95.0,4.538130868,338.0,0.0,1.0,0.0,0.0,1
24,95.0,12.69256136,248.0,1.0,0.0,0.0,0.0,0
24,95.0,14.43054353,314.0,0.0,0.0,0.0,1.0,0
23,91.0,10.58215896,198.0,0.0,0.0,0.0,1.0,1
24,95.0,13.12676612,381.0,0.0,0.0,0.0,1.0,0
22,95.0,8.465927903,184.5,0.0,1.0,0.0,0.0,1
24,95.0,15.25176672,449.0,0.0,1.0,0.0,0.0,0
24,95.0,17.79130513,267.0,0.0,1.0,0.0,0.0,0
25,95.0,15.16773612,313.0,0.0,0.0,0.0,1.0,0
25,95.0,11.99705843,413.0,0.0,0.0,1.0,0.0,0
23,89.0,7.921396405,296.0,0.0,0.0,0.0,1.0,1
24,95.0,14.75399666,420.0,0.0,1.0,0.0,0.0,0
22,95.0,8.0671142,376.0,0.0,1.0,0.0,0.0,1
24,95.0,16.47502321,202.0,0.0,1.0,0.0,0.0,0
23,89.0,12.48027818,339.0,0.0,0.0,0.0,1.0,1
24,87.5,13.3488037,351.0,1.0,0.0,0.0,0.0,1
24,95.0,16.20534945,347.0,0.0,0.0,0.0,1.0,0
24,95.0,12.62144823,409.0,0.0,0.0,1.0,0.0,0
24,95.0,15.59225501,398.0,0.0,1.0,0.0,0.0,0
24,95.0,13.95754575,309.0,0.0,0.0,1.0,0.0,1
26,94.0,15.25176672,302.0,1.0,0.0,0.0,0.0,1
25,95.0,12.76402932,410.0,0.0,0.0,1.0,0.0,0
26,87.5,8.165410187,415.0,0.0,0.0,0.0,1.0,1
23,95.0,12.34050263,313.0,0.0,0.0,1.0,0.0,1
25,89.0,19.95991509,299.0,1.0,0.0,0.0,0.0,1
25,95.0,14.03538213,405.0,0.0,0.0,1.0,0.0,0
23,95.0,15.16773612,220.0,0.0,1.0,0.0,0.0,0
24,95.0,14.1136139,332.0,0.0,0.0,1.0,0.0,1
22,90.0,12.41021712,340.0,0.0,0.0,1.0,0.0,1
24,95.0,15.08413665,409.0,0.0,1.0,0.0,0.0,0
22,95.0,8.415248038,184.5,0.0,1.0,0.0,0.0,1
25,95.0,9.987371503,339.0,0.0,0.0,1.0,0.0,0
24,95.0,14.67251295,384.0,0.0,1.0,0.0,0.0,0
23,89.0,12.83585424,314.0,0.0,0.0,0.0,1.0,1
24,92.0,11.01598084,361.0,0.0,0.0,0.0,1.0,1
26,93.0,6.655874013,392.0,0.0,0.0,0.0,1.0,1
25,95.0,14.91822038,378.0,0.0,0.0,0.0,1.0,0
22,95.0,4.836285621,347.0,0.0,1.0,0.0,0.0,1
22,95.0,8.619414571,184.5,0.0,1.0,0.0,0.0,1
22,95.0,8.415248038,184.5,0.0,1.0,0.0,0.0,1
22,95.0,8.116146322,377.0,0.0,1.0,0.0,0.0,1
24,95.0,13.3488037,256.0,1.0,0.0,0.0,0.0,0
23,95.0,14.83589827,390.0,0.0,1.0,0.0,0.0,0
22,95.0,5.809598838,266.0,0.0,1.0,0.0,0.0,1
24,95.0,13.88010234,317.0,0.0,0.0,1.0,0.0,1
23,88.0,7.313168177,291.0,0.0,0.0,0.0,1.0,1
22,87.5,5.076997025,355.0,0.0,1.0,0.0,0.0,1
26,95.0,14.03538213,304.0,1.0,0.0,0.0,0.0,1
23,87.5,6.613669965,287.0,0.0,0.0,0.0,1.0,1
23,95.0,13.27441976,385.0,0.0,1.0,0.0,0.0,1
23,89.0,8.671063387,310.0,0.0,0.0,0.0,1.0,1
24,95.0,19.10462223,268.0,0.0,1.0,0.0,0.0,0
24,95.0,11.46485093,281.0,0.0,0.0,0.0,1.0,0
22,93.0,12.06507013,349.0,0.0,0.0,0.0,1.0,1
24,95.0,18.58861217,254.0,1.0,0.0,0.0,0.0,0
24,95.0,20.62641439,320.0,1.0,0.0,0.0,0.0,1
22,92.0,9.700549236,354.0,0.0,0.0,0.0,1.0,1
23,95.0,14.59144457,378.0,0.0,1.0,0.0,0.0,0
23,87.5,12.62144823,333.0,0.0,0.0,1.0,0.0,1
25,87.5,14.43054353,339.0,1.0,0.0,0.0,0.0,1
25,95.0,4.870193845,406.0,0.0,0.0,1.0,0.0,0
22,95.0,8.116146322,184.5,0.0,1.0,0.0,0.0,1
25,95.0,11.20647613,292.0,0.0,0.0,1.0,0.0,0
26,90.0,20.40179801,376.0,1.0,0.0,0.0,0.0,1
25,95.0,15.33623116,384.0,0.0,0.0,0.0,1.0,0
23,95.0,15.00096563,379.0,0.0,1.0,0.0,0.0,0
23,95.0,12.41021712,336.0,0.0,0.0,1.0,0.0,1
25,95.0,13.65010619,387.0,0.0,0.0,0.0,1.0,0
22,95.0,7.589280351,301.0,0.0,1.0,0.0,0.0,1
23,95.0,4.904260592,343.0,0.0,1.0,0.0,0.0,1
26,95.0,17.21524677,315.0,1.0,0.0,0.0,0.0,1
25,89.0,15.50647254,324.0,1.0,0.0,0.0,0.0,1
23,95.0,14.67251295,403.0,0.0,1.0,0.0,0.0,0
24,93.0,18.69070341,319.0,1.0,0.0,0.0,0.0,1
23,95.0,12.76402932,352.0,0.0,0.0,1.0,0.0,1
22,92.0,10.04556771,354.0,0.0,0.0,0.0,1.0,1
23,95.0,19.95991509,334.0,0.0,1.0,0.0,0.0,0
26,94.0,15.50647254,301.0,1.0,0.0,0.0,0.0,1
23,95.0,4.836285621,288.0,0.0,1.0,0.0,0.0,1
26,93.0,14.67251295,301.0,1.0,0.0,0.0,0.0,1
23,95.0,10.52137857,389.0,0.0,1.0,0.0,0.0,1
25,87.5,13.88010234,325.0,1.0,0.0,0.0,0.0,1
26,93.0,14.35070581,303.0,1.0,0.0,0.0,0.0,1
23,95.0,9.475991969,184.5,0.0,1.0,0.0,0.0,1
25,95.0,14.75399666,388.0,0.0,0.0,0.0,1.0,0
23,87.5,6.364536513,291.0,0.0,0.0,0.0,1.0,1
23,95.0,4.904260592,347.0,0.0,1.0,0.0,0.0,1
22,95.0,7.267899623,290.0,0.0,1.0,0.0,0.0,1
24,95.0,12.62144823,302.0,0.0,0.0,0.0,1.0,0
25,87.5,12.55068787,349.0,1.0,0.0,0.0,0.0,1
26,90.0,19.63480231,385.0,1.0,0.0,0.0,0.0,1
26,94.0,6.48823229,406.0,0.0,0.0,0.0,1.0,1
22,90.0,12.83585424,336.0,0.0,0.0,0.0,1.0,1
22,95.0,7.044707922,291.0,0.0,1.0,0.0,0.0,1
25,95.0,10.95309884,415.0,0.0,0.0,1.0,0.0,0
23,95.0,8.465927903,184.5,0.0,1.0,0.0,0.0,1
22,95.0,6.613669965,260.0,0.0,1.0,0.0,0.0,1
24,95.0,14.75399666,319.0,0.0,0.0,0.0,1.0,0
26,95.0,16.93400512,307.0,1.0,0.0,0.0,0.0,1
26,90.0,18.7933463,379.0,1.0,0.0,0.0,0.0,1
23,95.0,19.95991509,366.0,0.0,1.0,0.0,0.0,0
22,93.0,11.92938136,356.0,0.0,0.0,0.0,1.0,1
23,90.0,12.76402932,326.0,0.0,0.0,0.0,1.0,1
23,95.0,12.76402932,347.0,0.0,0.0,1.0,0.0,1
23,92.0,9.757364232,352.0,0.0,0.0,0.0,1.0,1
23,89.0,12.48027818,355.0,0.0,0.0,0.0,1.0,1
23,89.0,8.264637967,353.0,0.0,0.0,0.0,1.0,1
22,95.0,6.698275399,258.0,0.0,1.0,0.0,0.0,1
22,95.0,6.613669965,252.0,0.0,1.0,0.0,0.0,1
24,95.0,14.51078894,311.0,0.0,0.0,0.0,1.0,0
22,92.0,9.644005982,350.0,0.0,0.0,0.0,1.0,1
24,95.0,20.29041491,273.0,0.0,1.0,0.0,0.0,0
24,89.0,13.65010619,405.0,0.0,0.0,0.0,1.0,1
24,95.0,14.67251295,368.0,0.0,1.0,0.0,0.0,0
22,95.0,8.933015125,184.5,0.0,1.0,0.0,0.0,1
21,94.0,9.093199852,393.0,0.0,1.0,0.0,0.0,1
23,95.0,20.06947764,339.0,0.0,1.0,0.0,0.0,0
25,95.0,9.929454577,351.0,0.0,0.0,1.0,0.0,0
24,95.0,13.05349201,249.0,1.0,0.0,0.0,0.0,0
24,95.0,11.14266773,339.0,0.0,0.0,0.0,1.0,1
23,95.0,20.17964285,332.0,0.0,1.0,0.0,0.0,0
23,95.0,15.67848238,461.0,0.0,1.0,0.0,0.0,0
24,95.0,16.74896501,365.0,0.0,0.0,0.0,1.0,0
25,88.0,19.52760946,392.0,1.0,0.0,0.0,0.0,1
23,90.0,13.27441976,335.0,0.0,0.0,0.0,1.0,1
25,89.0,18.58861217,396.0,1.0,0.0,0.0,0.0,1
23,95.0,16.47502321,242.0,0.0,1.0,0.0,0.0,0
25,95.0,14.83589827,370.0,0.0,0.0,0.0,1.0,0
23,95.0,8.31460431,184.5,0.0,1.0,0.0,0.0,1
22,95.0,9.700549236,189.0,0.0,1.0,0.0,0.0,1
26,94.0,14.43054353,301.0,1.0,0.0,0.0,0.0,1
25,89.0,19.85095108,303.0,1.0,0.0,0.0,0.0,1
25,88.0,15.42113219,314.0,1.0,0.0,0.0,0.0,1
23,90.0,13.12676612,338.0,0.0,0.0,0.0,1.0,1
25,95.0,11.14266773,289.0,0.0,0.0,1.0,0.0,0
25,95.0,10.58215896,383.0,0.0,0.0,1.0,0.0,0
22,92.0,10.76627794,353.0,0.0,0.0,0.0,1.0,1
22,92.0,12.62144823,330.0,0.0,0.0,1.0,0.0,1
22,95.0,12.76402932,319.0,0.0,0.0,1.0,0.0,1
23,93.0,13.80304952,323.0,0.0,0.0,0.0,1.0,1
23,95.0,14.75399666,312.0,0.0,0.0,0.0,1.0,0
25,95.0,10.40069682,378.0,0.0,0.0,1.0,0.0,0
23,88.0,6.783674055,289.0,0.0,0.0,0.0,1.0,1
23,88.0,12.76402932,333.0,0.0,0.0,1.0,0.0,1
24,95.0,10.76627794,435.0,0.0,0.0,1.0,0.0,0
22,95.0,8.671063387,376.0,0.0,1.0,0.0,0.0,1
24,95.0,14.75399666,371.0,0.0,1.0,0.0,0.0,0
23,95.0,7.542720421,298.0,0.0,1.0,0.0,0.0,1
24,90.0,16.38466179,320.0,1.0,0.0,0.0,0.0,1
25,95.0,11.79502342,437.0,0.0,0.0,1.0,0.0,0
22,95.0,7.450253315,364.0,0.0,1.0,0.0,0.0,1
23,95.0,4.570643409,331.0,0.0,1.0,0.0,0.0,1
22,93.0,13.57421101,347.0,0.0,0.0,0.0,1.0,1
25,89.0,19.95991509,384.0,1.0,0.0,0.0,0.0,1
24,95.0,19.52760946,272.0,0.0,1.0,0.0,0.0,0
25,95.0,9.814452454,330.0,0.0,0.0,1.0,0.0,0
23,95.0,14.67251295,387.0,0.0,1.0,0.0,0.0,0
24,95.0,14.03538213,304.0,0.0,0.0,1.0,0.0,1
23,92.0,10.89052217,357.0,0.0,0.0,0.0,1.0,1
25,95.0,15.76515749,310.0,0.0,0.0,0.0,1.0,0
22,95.0,8.31460431,370.0,0.0,1.0,0.0,0.0,1
23,87.5,6.202275223,287.0,0.0,0.0,0.0,1.0,1
25,95.0,12.98058343,375.0,0.0,0.0,0.0,1.0,0
23,95.0,15.93986231,251.0,0.0,1.0,0.0,0.0,0
24,95.0,18.7933463,258.0,0.0,1.0,0.0,0.0,0
25,87.5,18.69070341,390.0,1.0,0.0,0.0,0.0,1
23,89.0,7.358649263,289.0,0.0,0.0,0.0,1.0,1
23,95.0,12.83585424,354.0,0.0,0.0,1.0,0.0,1
23,95.0,12.13341843,324.0,0.0,0.0,1.0,0.0,1
22,95.0,5.925488904,264.0,0.0,1.0,0.0,0.0,1
23,89.0,8.722957641,318.0,0.0,0.0,0.0,1.0,1
25,87.5,14.1136139,341.0,1.0,0.0,0.0,0.0,1
22,95.0,4.538130868,346.0,0.0,1.0,0.0,0.0,1
24,89.0,13.49869706,408.0,0.0,0.0,0.0,1.0,1
26,90.0,20.17964285,393.0,1.0,0.0,0.0,0.0,1
25,87.5,13.95754575,341.0,1.0,0.0,0.0,0.0,1
25,90.0,16.20534945,312.0,1.0,0.0,0.0,0.0,1
22,92.0,10.82824911,351.0,0.0,0.0,0.0,1.0,1
25,95.0,10.52137857,387.0,0.0,0.0,1.0,0.0,0
26,95.0,14.1136139,309.0,1.0,0.0,0.0,0.0,1
24,90.0,12.90803823,332.0,0.0,0.0,0.0,1.0,1
23,95.0,12.34050263,332.0,0.0,0.0,1.0,0.0,1
25,95.0,10.46089174,450.0,0.0,0.0,1.0,0.0,0
22,95.0,6.283027997,249.0,0.0,1.0,0.0,0.0,1
22,93.0,12.69256136,334.0,0.0,0.0,1.0,0.0,1
24,87.5,7.542720421,390.0,0.0,0.0,0.0,1.0,1
24,95.0,15.67848238,402.0,0.0,1.0,0.0,0.0,0
25,95.0,11.92938136,409.0,0.0,0.0,1.0,0.0,0
25,95.0,10.70460698,305.0,0.0,0.0,1.0,0.0,0
24,93.0,10.95309884,381.0,0.0,0.0,0.0,1.0,1
22,95.0,12.83585424,317.0,0.0,0.0,1.0,0.0,1
24,95.0,19.52760946,224.0,0.0,1.0,0.0,0.0,0
25,95.0,11.07916988,414.0,0.0,0.0,1.0,0.0,0
22,95.0,8.214906999,184.5,0.0,1.0,0.0,0.0,1
22,95.0,6.613669965,282.0,0.0,1.0,0.0,0.0,1
23,95.0,5.809598838,261.0,0.0,1.0,0.0,0.0,1
22,95.0,8.364807255,381.0,0.0,1.0,0.0,0.0,1
23,91.0,10.64323454,351.0,0.0,0.0,0.0,1.0,1
23,95.0,14.59144457,388.0,0.0,1.0,0.0,0.0,0
23,92.0,13.57421101,326.0,0.0,0.0,0.0,1.0,1
24,87.5,12.41021712,339.0,1.0,0.0,0.0,0.0,1
24,95.0,14.51078894,388.0,0.0,1.0,0.0,0.0,0
25,95.0,13.27441976,374.0,0.0,0.0,0.0,1.0,0
26,93.0,14.35070581,300.0,1.0,0.0,0.0,0.0,1
25,95.0,16.11639251,308.0,0.0,0.0,0.0,1.0,0
22,95.0,6.364536513,254.0,0.0,1.0,0.0,0.0,1
23,95.0,17.30998858,397.0,0.0,1.0,0.0,0.0,0
23,92.0,13.57421101,332.0,0.0,0.0,0.0,1.0,1
24,95.0,11.66198098,437.0,0.0,0.0,1.0,0.0,0
24,95.0,17.21524677,250.0,1.0,0.0,0.0,0.0,0
25,95.0,14.75399666,377.0,0.0,0.0,0.0,1.0,0
23,95.0,4.47356027,334.0,0.0,1.0,0.0,0.0,1
23,89.0,12.62144823,349.0,0.0,0.0,0.0,1.0,1
24,89.0,12.69256136,402.0,0.0,0.0,0.0,1.0,1
23,94.0,11.33503171,389.0,0.0,0.0,0.0,1.0,1
24,88.0,10.40069682,246.0,0.0,0.0,0.0,1.0,1
22,95.0,7.969740423,184.5,0.0,1.0,0.0,0.0,1
25,95.0,9.8718154,330.0,0.0,0.0,1.0,0.0,0
24,87.5,8.31460431,395.0,0.0,0.0,0.0,1.0,1
24,95.0,15.16773612,360.0,0.0,1.0,0.0,0.0,0
22,95.0,4.570643409,343.0,0.0,1.0,0.0,0.0,1
25,87.5,13.05349201,341.0,1.0,0.0,0.0,0.0,1
24,95.0,14.35070581,314.0,0.0,0.0,0.0,1.0,0
22,92.0,13.72638492,320.0,0.0,0.0,0.0,1.0,1
24,95.0,14.75399666,410.0,0.0,1.0,0.0,0.0,0
23,95.0,15.25176672,247.0,0.0,1.0,0.0,0.0,0
25,90.0,20.06947764,300.0,1.0,0.0,0.0,0.0,1
25,87.5,13.42356205,344.0,1.0,0.0,0.0,0.0,1
23,88.0,7.267899623,296.0,0.0,0.0,0.0,1.0,1
23,95.0,16.11639251,255.0,0.0,1.0,0.0,0.0,0
23,95.0,7.177995872,291.0,0.0,1.0,0.0,0.0,1
23,89.0,12.76402932,309.0,0.0,0.0,0.0,1.0,1
24,95.0,12.27113269,360.0,0.0,0.0,0.0,1.0,1
24,87.5,7.777721829,407.0,0.0,0.0,0.0,1.0,1
26,90.0,19.00030193,377.0,1.0,0.0,0.0,0.0,1
22,94.0,12.55068787,335.0,0.0,0.0,1.0,0.0,1
24,95.0,15.16773612,377.0,0.0,1.0,0.0,0.0,0
22,93.0,13.95754575,329.0,0.0,0.0,0.0,1.0,1
24,95.0,17.12100442,393.0,0.0,1.0,0.0,0.0,0
22,93.0,11.862037,353.0,0.0,0.0,0.0,1.0,1
24,95.0,13.3488037,402.0,0.0,0.0,1.0,0.0,0
23,89.0,7.450253315,296.0,0.0,0.0,0.0,1.0,1
24,95.0,14.67251295,264.0,1.0,0.0,0.0,0.0,0
25,87.5,14.27127328,336.0,1.0,0.0,0.0,0.0,1
23,95.0,16.02789778,260.0,0.0,1.0,0.0,0.0,0
23,95.0,15.08413665,391.0,0.0,1.0,0.0,0.0,0
25,95.0,11.59594835,455.0,0.0,0.0,1.0,0.0,0
23,92.0,9.8718154,350.0,0.0,0.0,0.0,1.0,1
22,95.0,13.88010234,348.0,0.0,0.0,1.0,0.0,1
24,94.0,19.52760946,312.0,1.0,0.0,0.0,0.0,1
23,95.0,8.986156218,184.5,0.0,1.0,0.0,0.0,1
25,95.0,14.91822038,387.0,0.0,0.0,0.0,1.0,0
23,95.0,4.972872478,358.0,0.0,1.0,0.0,0.0,1
25,95.0,12.55068787,445.0,0.0,0.0,1.0,0.0,0
23,95.0,4.904260592,346.0,0.0,1.0,0.0,0.0,1
24,95.0,19.42099897,304.0,1.0,0.0,0.0,0.0,0
24,87.5,13.95754575,325.0,1.0,0.0,0.0,0.0,1
24,89.0,12.69256136,327.0,0.0,0.0,0.0,1.0,1
24,95.0,15.08413665,359.0,0.0,1.0,0.0,0.0,0
22,95.0,7.177995872,300.0,0.0,1.0,0.0,0.0,1
25,89.0,19.74258151,372.0,1.0,0.0,0.0,0.0,1
23,95.0,12.20210529,327.0,0.0,0.0,1.0,0.0,1
24,95.0,11.72833871,279.0,0.0,0.0,0.0,1.0,0
24,95.0,15.25176672,371.0,0.0,1.0,0.0,0.0,0
24,95.0,13.3488037,257.0,1.0,0.0,0.0,0.0,0
26,95.0,17.88911347,317.0,1.0,0.0,0.0,0.0,1
24,95.0,11.99705843,356.0,0.0,0.0,0.0,1.0,1
22,95.0,5.925488904,257.0,0.0,1.0,0.0,0.0,1
26,87.5,18.28561157,385.0,1.0,0.0,0.0,0.0,1
25,90.0,20.17964285,305.0,1.0,0.0,0.0,0.0,1
22,95.0,9.365314571,386.0,0.0,1.0,0.0,0.0,1
22,91.0,12.55068787,326.0,0.0,0.0,1.0,0.0,1
22,94.0,13.27441976,330.0,0.0,0.0,1.0,0.0,1
23,92.0,10.46089174,361.0,0.0,0.0,0.0,1.0,1
25,95.0,10.82824911,450.0,0.0,0.0,1.0,0.0,0
23,95.0,19.10462223,358.0,0.0,1.0,0.0,0.0,0
23,93.0,11.53023895,359.0,0.0,0.0,0.0,1.0,1
23,95.0,16.93400512,244.0,0.0,1.0,0.0,0.0,0
22,95.0,7.000692513,367.0,0.0,1.0,0.0,0.0,1
24,95.0,12.13341843,410.0,0.0,0.0,1.0,0.0,0
24,89.0,15.67848238,318.0,1.0,0.0,0.0,0.0,1
25,90.0,16.29477154,315.0,1.0,0.0,0.0,0.0,1
23,91.0,10.40069682,354.0,0.0,0.0,0.0,1.0,1
26,91.0,6.913276429,388.0,0.0,0.0,0.0,1.0,1
25,95.0,11.79502342,383.0,0.0,0.0,1.0,0.0,0
25,95.0,10.52137857,447.0,0.0,0.0,1.0,0.0,0
24,95.0,16.65717174,244.0,1.0,0.0,0.0,0.0,0
22,95.0,4.409591293,345.0,0.0,1.0,0.0,0.0,1
25,95.0,11.46485093,414.0,0.0,0.0,1.0,0.0,0
23,93.0,11.46485093,353.0,0.0,0.0,0.0,1.0,1
25,95.0,12.98058343,376.0,0.0,0.0,0.0,1.0,0
24,95.0,13.95754575,306.0,0.0,0.0,1.0,0.0,1
23,89.0,7.825388265,292.0,0.0,0.0,0.0,1.0,1
23,95.0,12.76402932,395.0,0.0,0.0,1.0,0.0,1
25,87.5,13.65010619,344.0,1.0,0.0,0.0,0.0,1
25,88.0,19.20950925,379.0,1.0,0.0,0.0,0.0,1
23,95.0,14.83589827,404.0,0.0,1.0,0.0,0.0,0
23,89.0,8.018312629,297.0,0.0,0.0,0.0,1.0,1
24,95.0,14.27127328,347.0,0.0,0.0,1.0,0.0,1
25,95.0,13.95754575,371.0,0.0,0.0,0.0,1.0,0
23,95.0,15.00096563,363.0,0.0,1.0,0.0,0.0,0
23,95.0,18.48706888,264.0,0.0,1.0,0.0,0.0,0
26,95.0,24.300172377000003,184.5,0.0,0.0,0.0,1.0,0
26,95.0,24.300172377000003,281.0,0.0,0.0,0.0,1.0,0
26,95.0,24.300172377000003,270.0,0.0,0.0,0.0,1.0,0
26,95.0,24.300172377000003,276.0,0.0,0.0,0.0,1.0,0
26,95.0,24.300172377000003,274.0,0.0,0.0,0.0,1.0,0
26,95.0,24.300172377000003,265.0,0.0,0.0,0.0,1.0,0
26,95.0,24.300172377000003,274.0,0.0,0.0,0.0,1.0,0
26,95.0,24.300172377000003,279.0,0.0,0.0,0.0,1.0,0
26,95.0,24.300172377000003,282.0,0.0,0.0,0.0,1.0,0
26,95.0,24.300172377000003,280.0,0.0,0.0,0.0,1.0,0
25,95.0,24.300172377000003,287.0,0.0,0.0,0.0,1.0,0
26,95.0,24.300172377000003,281.0,0.0,0.0,0.0,1.0,0
26,95.0,24.300172377000003,278.0,0.0,0.0,0.0,1.0,0
25,95.0,24.300172377000003,290.0,0.0,0.0,0.0,1.0,0
26,95.0,24.300172377000003,290.0,0.0,0.0,0.0,1.0,0
26,95.0,24.300172377000003,285.0,0.0,0.0,0.0,1.0,0
25,95.0,24.300172377000003,288.0,0.0,0.0,0.0,1.0,0
25,95.0,24.300172377000003,289.0,0.0,0.0,0.0,1.0,0
25,95.0,24.300172377000003,294.0,0.0,0.0,0.0,1.0,0
25,95.0,24.300172377000003,291.0,0.0,0.0,0.0,1.0,0
26,95.0,24.300172377000003,289.0,0.0,0.0,0.0,1.0,0
25,95.0,24.300172377000003,285.0,0.0,0.0,0.0,1.0,0
25,95.0,24.300172377000003,290.0,0.0,0.0,0.0,1.0,0
25,95.0,24.300172377000003,299.0,0.0,0.0,0.0,1.0,0
26,95.0,24.300172377000003,291.0,0.0,0.0,0.0,1.0,0
25,95.0,24.300172377000003,296.0,0.0,0.0,0.0,1.0,0
25,95.0,24.300172377000003,297.0,0.0,0.0,0.0,1.0,0
25,95.0,24.300172377000003,301.0,0.0,0.0,0.0,1.0,0
25,95.0,24.300172377000003,302.0,0.0,0.0,0.0,1.0,0
26,95.0,24.300172377000003,296.0,0.0,0.0,0.0,1.0,0
25,95.0,24.300172377000003,309.0,0.0,0.0,0.0,1.0,0
25,95.0,24.300172377000003,298.0,0.0,0.0,0.0,1.0,0
26,95.0,24.300172377000003,288.0,0.0,0.0,0.0,1.0,0
25,95.0,24.300172377000003,295.0,0.0,0.0,0.0,1.0,0
25,95.0,24.300172377000003,305.0,0.0,0.0,0.0,1.0,0
25,95.0,24.300172377000003,298.0,0.0,0.0,0.0,1.0,0
25,95.0,24.300172377000003,300.0,0.0,0.0,0.0,1.0,0
25,95.0,24.300172377000003,304.0,0.0,0.0,0.0,1.0,0
25,95.0,24.300172377000003,292.0,0.0,0.0,0.0,1.0,0
25,95.0,24.300172377000003,289.0,0.0,0.0,0.0,1.0,0
26,95.0,24.300172377000003,285.0,0.0,0.0,0.0,1.0,0
25,95.0,24.300172377000003,301.0,0.0,0.0,0.0,1.0,0
25,95.0,24.300172377000003,292.0,0.0,0.0,0.0,1.0,0
26,95.0,24.300172377000003,294.0,0.0,0.0,0.0,1.0,0
25,95.0,24.300172377000003,301.0,0.0,0.0,0.0,1.0,0
25,95.0,24.300172377000003,295.0,0.0,0.0,0.0,1.0,0
25,95.0,24.300172377000003,299.0,0.0,0.0,0.0,1.0,0
25,95.0,24.300172377000003,291.0,0.0,0.0,0.0,1.0,0
25,95.0,24.300172377000003,295.0,0.0,0.0,0.0,1.0,0
25,95.0,24.300172377000003,290.0,0.0,0.0,0.0,1.0,0
26,95.0,24.300172377000003,312.0,0.0,0.0,0.0,1.0,0
25,95.0,24.300172377000003,301.0,0.0,0.0,0.0,1.0,0
25,95.0,24.300172377000003,308.0,0.0,0.0,0.0,1.0,0
25,95.0,24.300172377000003,309.0,0.0,0.0,0.0,1.0,0
25,95.0,24.300172377000003,313.0,0.0,0.0,0.0,1.0,0
25,95.0,24.300172377000003,295.0,0.0,0.0,0.0,1.0,0
25,95.0,24.300172377000003,307.0,0.0,0.0,0.0,1.0,0
25,95.0,24.300172377000003,306.0,0.0,0.0,0.0,1.0,0
25,95.0,24.300172377000003,305.0,0.0,0.0,0.0,1.0,0
25,95.0,24.300172377000003,305.0,0.0,0.0,0.0,1.0,0
25,95.0,24.300172377000003,306.0,0.0,0.0,0.0,1.0,0
25,95.0,24.300172377000003,317.0,0.0,0.0,0.0,1.0,0
25,95.0,24.300172377000003,299.0,0.0,0.0,0.0,1.0,0
25,95.0,24.300172377000003,312.0,0.0,0.0,0.0,1.0,0
25,95.0,24.300172377000003,297.0,0.0,0.0,0.0,1.0,0
25,95.0,24.300172377000003,299.0,0.0,0.0,0.0,1.0,0
25,95.0,24.300172377000003,304.0,0.0,0.0,0.0,1.0,0
25,95.0,24.300172377000003,304.0,0.0,0.0,0.0,1.0,0
25,95.0,24.300172377000003,306.0,0.0,0.0,0.0,1.0,0
25,95.0,24.300172377000003,314.0,0.0,0.0,0.0,1.0,0
25,95.0,24.300172377000003,296.0,0.0,0.0,0.0,1.0,0
25,95.0,24.300172377000003,287.0,0.0,0.0,0.0,1.0,0
25,95.0,24.300172377000003,288.0,0.0,0.0,0.0,1.0,0
25,95.0,24.300172377000003,281.0,0.0,0.0,0.0,1.0,0
25,95.0,24.300172377000003,281.0,0.0,0.0,0.0,1.0,0
25,95.0,24.300172377000003,284.0,0.0,0.0,0.0,1.0,0
25,95.0,24.300172377000003,280.0,0.0,0.0,0.0,1.0,0
25,95.0,24.300172377000003,294.0,0.0,0.0,0.0,1.0,0
25,95.0,24.300172377000003,293.0,0.0,0.0,0.0,1.0,0
25,95.0,24.300172377000003,287.0,0.0,0.0,0.0,1.0,0
25,95.0,24.300172377000003,279.0,0.0,0.0,0.0,1.0,0
25,95.0,24.300172377000003,282.0,0.0,0.0,0.0,1.0,0
25,95.0,24.300172377000003,281.0,0.0,0.0,0.0,1.0,0
25,95.0,24.300172377000003,278.0,0.0,0.0,0.0,1.0,0
25,95.0,24.300172377000003,280.0,0.0,0.0,0.0,1.0,0
25,95.0,24.300172377000003,277.0,0.0,0.0,0.0,1.0,0
25,95.0,24.300172377000003,286.0,0.0,0.0,0.0,1.0,0
25,95.0,24.300172377000003,272.0,0.0,0.0,0.0,1.0,0
25,95.0,24.300172377000003,278.0,0.0,0.0,0.0,1.0,0
25,95.0,24.300172377000003,272.0,0.0,0.0,0.0,1.0,0
25,95.0,24.300172377000003,277.0,0.0,0.0,0.0,1.0,0
25,95.0,24.300172377000003,274.0,0.0,0.0,0.0,1.0,0
25,95.0,24.300172377000003,279.0,0.0,0.0,0.0,1.0,0
25,95.0,24.300172377000003,278.0,0.0,0.0,0.0,1.0,0
25,95.0,24.300172377000003,283.0,0.0,0.0,0.0,1.0,0
25,95.0,24.300172377000003,285.0,0.0,0.0,0.0,1.0,0
25,95.0,24.300172377000003,271.0,0.0,0.0,0.0,1.0,0
25,95.0,24.300172377000003,275.0,0.0,0.0,0.0,1.0,0
25,95.0,24.300172377000003,273.0,0.0,0.0,0.0,1.0,0
26,95.0,24.300172377000003,276.0,0.0,0.0,0.0,1.0,0
25,95.0,24.300172377000003,276.0,0.0,0.0,0.0,1.0,0
25,95.0,24.300172377000003,287.0,0.0,0.0,0.0,1.0,0
25,95.0,24.300172377000003,284.0,0.0,0.0,0.0,1.0,0
25,95.0,24.300172377000003,280.0,0.0,0.0,0.0,1.0,0
25,95.0,24.300172377000003,286.0,0.0,0.0,0.0,1.0,0
25,95.0,24.300172377000003,286.0,0.0,0.0,0.0,1.0,0
25,95.0,24.300172377000003,289.0,0.0,0.0,0.0,1.0,0
25,95.0,24.300172377000003,285.0,0.0,0.0,0.0,1.0,0
26,95.0,24.300172377000003,288.0,0.0,0.0,0.0,1.0,0
25,95.0,24.300172377000003,274.0,0.0,0.0,0.0,1.0,0
25,95.0,24.300172377000003,280.0,0.0,0.0,0.0,1.0,0
25,95.0,24.300172377000003,293.0,0.0,0.0,0.0,1.0,0
25,95.0,24.300172377000003,284.0,0.0,0.0,0.0,1.0,0
25,95.0,24.300172377000003,287.0,0.0,0.0,0.0,1.0,0
25,95.0,24.300172377000003,283.0,0.0,0.0,0.0,1.0,0
25,95.0,24.300172377000003,288.0,0.0,0.0,0.0,1.0,0
25,95.0,24.300172377000003,291.0,0.0,0.0,0.0,1.0,0
25,95.0,24.300172377000003,276.0,0.0,0.0,0.0,1.0,0
25,95.0,24.300172377000003,290.0,0.0,0.0,0.0,1.0,0
25,95.0,24.300172377000003,296.0,0.0,0.0,0.0,1.0,0
25,95.0,24.300172377000003,292.0,0.0,0.0,0.0,1.0,0
25,95.0,24.300172377000003,293.0,0.0,0.0,0.0,1.0,0
25,95.0,24.300172377000003,291.0,0.0,0.0,0.0,1.0,0
26,95.0,24.300172377000003,286.0,0.0,0.0,0.0,1.0,0
25,95.0,24.300172377000003,280.0,0.0,0.0,0.0,1.0,0
25,95.0,24.300172377000003,294.0,0.0,0.0,0.0,1.0,0
25,95.0,24.300172377000003,299.0,0.0,0.0,0.0,1.0,0
25,95.0,24.300172377000003,310.0,0.0,0.0,0.0,1.0,0
25,95.0,24.300172377000003,307.0,0.0,0.0,0.0,1.0,0
25,95.0,24.300172377000003,311.0,0.0,0.0,0.0,1.0,0
25,95.0,24.300172377000003,303.0,0.0,0.0,0.0,1.0,0
25,95.0,24.300172377000003,311.0,0.0,0.0,0.0,1.0,0
25,95.0,24.300172377000003,307.0,0.0,0.0,0.0,1.0,0
25,95.0,24.300172377000003,297.0,0.0,0.0,0.0,1.0,0
25,95.0,24.300172377000003,304.0,0.0,0.0,0.0,1.0,0
25,95.0,24.300172377000003,305.0,0.0,0.0,0.0,1.0,0
25,95.0,24.300172377000003,309.0,0.0,0.0,0.0,1.0,0
25,95.0,24.300172377000003,307.0,0.0,0.0,0.0,1.0,0
25,95.0,24.300172377000003,306.0,0.0,0.0,0.0,1.0,0
25,95.0,24.300172377000003,307.0,0.0,0.0,0.0,1.0,0
25,95.0,24.300172377000003,308.0,0.0,0.0,0.0,1.0,0
25,95.0,24.300172377000003,319.0,0.0,0.0,0.0,1.0,0
25,95.0,24.300172377000003,301.0,0.0,0.0,0.0,1.0,0
25,95.0,24.300172377000003,315.0,0.0,0.0,0.0,1.0,0
26,95.0,24.300172377000003,309.0,0.0,0.0,0.0,1.0,0
25,95.0,24.300172377000003,308.0,0.0,0.0,0.0,1.0,0
25,95.0,24.300172377000003,313.0,0.0,0.0,0.0,1.0,0
25,95.0,24.300172377000003,302.0,0.0,0.0,0.0,1.0,0
25,95.0,24.300172377000003,313.0,0.0,0.0,0.0,1.0,0
25,95.0,24.300172377000003,309.0,0.0,0.0,0.0,1.0,0
25,95.0,24.300172377000003,304.0,0.0,0.0,0.0,1.0,0
25,95.0,24.300172377000003,320.0,0.0,0.0,0.0,1.0,0
26,95.0,24.300172377000003,311.0,0.0,0.0,0.0,1.0,0
25,95.0,24.300172377000003,310.0,0.0,0.0,0.0,1.0,0
25,95.0,24.300172377000003,302.0,0.0,0.0,0.0,1.0,0
25,95.0,24.300172377000003,316.0,0.0,0.0,0.0,1.0,0
25,95.0,24.300172377000003,305.0,0.0,0.0,0.0,1.0,0
25,95.0,24.300172377000003,306.0,0.0,0.0,0.0,1.0,0
25,95.0,24.300172377000003,309.0,0.0,0.0,0.0,1.0,0
25,95.0,24.300172377000003,303.0,0.0,0.0,0.0,1.0,0
25,95.0,24.300172377000003,313.0,0.0,0.0,0.0,1.0,0
25,95.0,24.300172377000003,314.0,0.0,0.0,0.0,1.0,0
25,95.0,24.300172377000003,317.0,0.0,0.0,0.0,1.0,0
25,95.0,24.300172377000003,312.0,0.0,0.0,0.0,1.0,0
26,95.0,24.300172377000003,313.0,0.0,0.0,0.0,1.0,0
26,95.0,24.300172377000003,306.0,0.0,0.0,0.0,1.0,0
26,95.0,24.300172377000003,314.0,0.0,0.0,0.0,1.0,0
25,95.0,24.300172377000003,300.0,0.0,0.0,0.0,1.0,0
25,95.0,24.300172377000003,303.0,0.0,0.0,0.0,1.0,0
25,95.0,24.300172377000003,294.0,0.0,0.0,0.0,1.0,0
26,95.0,24.300172377000003,254.0,0.0,0.0,0.0,1.0,0
26,95.0,24.300172377000003,338.0,0.0,0.0,0.0,1.0,0
26,95.0,24.300172377000003,332.0,0.0,0.0,0.0,1.0,0
26,95.0,24.300172377000003,328.0,0.0,0.0,0.0,1.0,0
26,95.0,24.300172377000003,331.0,0.0,0.0,0.0,1.0,0
26,95.0,24.300172377000003,330.0,0.0,0.0,0.0,1.0,0
26,95.0,24.300172377000003,331.0,0.0,0.0,0.0,1.0,0
26,95.0,24.300172377000003,322.0,0.0,0.0,0.0,1.0,0
26,95.0,24.300172377000003,325.0,0.0,0.0,0.0,1.0,0
26,95.0,24.300172377000003,328.0,0.0,0.0,0.0,1.0,0
26,95.0,24.300172377000003,327.0,0.0,0.0,0.0,1.0,0
26,95.0,24.300172377000003,325.0,0.0,0.0,0.0,1.0,0
26,95.0,24.300172377000003,321.0,0.0,0.0,0.0,1.0,0
26,95.0,24.300172377000003,329.0,0.0,0.0,0.0,1.0,0
26,95.0,24.300172377000003,338.0,0.0,0.0,0.0,1.0,0
26,95.0,24.300172377000003,327.0,0.0,0.0,0.0,1.0,0
26,95.0,24.300172377000003,329.0,0.0,0.0,0.0,1.0,0
26,95.0,24.300172377000003,322.0,0.0,0.0,0.0,1.0,0
26,95.0,24.300172377000003,339.0,0.0,0.0,0.0,1.0,0
26,95.0,24.300172377000003,327.0,0.0,0.0,0.0,1.0,0
26,95.0,24.300172377000003,322.0,0.0,0.0,0.0,1.0,0
26,95.0,24.300172377000003,320.0,0.0,0.0,0.0,1.0,0
26,95.0,24.300172377000003,331.0,0.0,0.0,0.0,1.0,0
26,95.0,24.300172377000003,326.0,0.0,0.0,0.0,1.0,0
26,95.0,24.300172377000003,333.0,0.0,0.0,0.0,1.0,0
26,95.0,24.300172377000003,324.0,0.0,0.0,0.0,1.0,0
26,95.0,24.300172377000003,326.0,0.0,0.0,0.0,1.0,0
26,95.0,24.300172377000003,325.0,0.0,0.0,0.0,1.0,0
26,95.0,24.300172377000003,332.0,0.0,0.0,0.0,1.0,0
26,95.0,24.300172377000003,332.0,0.0,0.0,0.0,1.0,0
26,95.0,24.300172377000003,325.0,0.0,0.0,0.0,1.0,0
26,95.0,24.300172377000003,338.0,0.0,0.0,0.0,1.0,0
26,95.0,24.300172377000003,327.0,0.0,0.0,0.0,1.0,0
26,95.0,24.300172377000003,329.0,0.0,0.0,0.0,1.0,0
26,95.0,24.300172377000003,323.0,0.0,0.0,0.0,1.0,0
26,95.0,24.300172377000003,327.0,0.0,0.0,0.0,1.0,0
26,95.0,24.300172377000003,324.0,0.0,0.0,0.0,1.0,0
26,95.0,24.300172377000003,330.0,0.0,0.0,0.0,1.0,0
26,95.0,24.300172377000003,331.0,0.0,0.0,0.0,1.0,0
26,95.0,24.300172377000003,324.0,0.0,0.0,0.0,1.0,0
26,95.0,24.300172377000003,333.0,0.0,0.0,0.0,1.0,0
26,95.0,24.300172377000003,323.0,0.0,0.0,0.0,1.0,0
26,95.0,24.300172377000003,317.0,0.0,0.0,0.0,1.0,0
26,95.0,24.300172377000003,317.0,0.0,0.0,0.0,1.0,0
26,95.0,24.300172377000003,322.0,0.0,0.0,0.0,1.0,0
26,95.0,24.300172377000003,321.0,0.0,0.0,0.0,1.0,0
26,95.0,24.300172377000003,336.0,0.0,0.0,0.0,1.0,0
26,95.0,24.300172377000003,329.0,0.0,0.0,0.0,1.0,0
26,95.0,24.300172377000003,324.0,0.0,0.0,0.0,1.0,0
26,95.0,24.300172377000003,315.0,0.0,0.0,0.0,1.0,0
26,95.0,24.300172377000003,326.0,0.0,0.0,0.0,1.0,0
26,95.0,24.300172377000003,331.0,0.0,0.0,0.0,1.0,0
26,95.0,24.300172377000003,318.0,0.0,0.0,0.0,1.0,0
26,95.0,24.300172377000003,323.0,0.0,0.0,0.0,1.0,0
26,95.0,24.300172377000003,323.0,0.0,0.0,0.0,1.0,0
26,95.0,24.300172377000003,317.0,0.0,0.0,0.0,1.0,0
26,95.0,24.300172377000003,333.0,0.0,0.0,0.0,1.0,0
26,95.0,24.300172377000003,327.0,0.0,0.0,0.0,1.0,0
26,95.0,24.300172377000003,314.0,0.0,0.0,0.0,1.0,0
26,95.0,24.300172377000003,315.0,0.0,0.0,0.0,1.0,0
26,95.0,24.300172377000003,320.0,0.0,0.0,0.0,1.0,0
26,95.0,24.300172377000003,322.0,0.0,0.0,0.0,1.0,0
26,95.0,24.300172377000003,329.0,0.0,0.0,0.0,1.0,0
26,95.0,24.300172377000003,318.0,0.0,0.0,0.0,1.0,0
26,95.0,24.300172377000003,326.0,0.0,0.0,0.0,1.0,0
26,95.0,24.300172377000003,330.0,0.0,0.0,0.0,1.0,0
26,95.0,24.300172377000003,324.0,0.0,0.0,0.0,1.0,0
26,95.0,24.300172377000003,313.0,0.0,0.0,0.0,1.0,0
26,95.0,24.300172377000003,315.0,0.0,0.0,0.0,1.0,0
26,95.0,24.300172377000003,321.0,0.0,0.0,0.0,1.0,0
26,95.0,24.300172377000003,322.0,0.0,0.0,0.0,1.0,0
26,95.0,24.300172377000003,309.0,0.0,0.0,0.0,1.0,0
26,95.0,24.300172377000003,314.0,0.0,0.0,0.0,1.0,0
26,94.0,24.300172377000003,317.0,0.0,0.0,0.0,1.0,0
26,91.0,24.300172377000003,328.0,0.0,0.0,0.0,1.0,0
26,89.0,24.300172377000003,331.0,0.0,0.0,0.0,1.0,0
26,87.5,24.300172377000003,328.0,0.0,0.0,0.0,1.0,0
26,87.5,24.300172377000003,328.0,0.0,0.0,0.0,1.0,0
26,87.5,24.300172377000003,317.0,0.0,0.0,0.0,1.0,0
26,87.5,24.300172377000003,322.0,0.0,0.0,0.0,1.0,0
26,87.5,24.300172377000003,319.0,0.0,0.0,0.0,1.0,0
26,95.0,24.300172377000003,328.0,0.0,0.0,0.0,1.0,0
26,95.0,24.300172377000003,313.0,0.0,0.0,0.0,1.0,0
26,95.0,24.300172377000003,316.0,0.0,0.0,0.0,1.0,0
26,95.0,24.300172377000003,326.0,0.0,0.0,0.0,1.0,0
26,95.0,24.300172377000003,318.0,0.0,0.0,0.0,1.0,0
26,95.0,24.300172377000003,321.0,0.0,0.0,0.0,1.0,0
26,95.0,24.300172377000003,325.0,0.0,0.0,0.0,1.0,0
26,95.0,24.300172377000003,320.0,0.0,0.0,0.0,1.0,0
26,95.0,24.300172377000003,310.0,0.0,0.0,0.0,1.0,0
26,95.0,24.300172377000003,307.0,0.0,0.0,0.0,1.0,0
26,95.0,24.300172377000003,312.0,0.0,0.0,0.0,1.0,0
26,95.0,24.300172377000003,310.0,0.0,0.0,0.0,1.0,0
26,95.0,24.300172377000003,317.0,0.0,0.0,0.0,1.0,0
26,95.0,24.300172377000003,311.0,0.0,0.0,0.0,1.0,0
26,95.0,24.300172377000003,321.0,0.0,0.0,0.0,1.0,0
26,95.0,24.300172377000003,318.0,0.0,0.0,0.0,1.0,0
26,95.0,24.300172377000003,319.0,0.0,0.0,0.0,1.0,0
26,95.0,24.300172377000003,313.0,0.0,0.0,0.0,1.0,0
26,95.0,24.300172377000003,307.0,0.0,0.0,0.0,1.0,0
26,95.0,24.300172377000003,321.0,0.0,0.0,0.0,1.0,0
26,95.0,24.300172377000003,312.0,0.0,0.0,0.0,1.0,0
26,95.0,24.300172377000003,314.0,0.0,0.0,0.0,1.0,0
26,95.0,24.300172377000003,314.0,0.0,0.0,0.0,1.0,0
26,95.0,24.300172377000003,324.0,0.0,0.0,0.0,1.0,0
26,95.0,24.300172377000003,314.0,0.0,0.0,0.0,1.0,0
26,95.0,24.300172377000003,310.0,0.0,0.0,0.0,1.0,0
26,95.0,24.300172377000003,316.0,0.0,0.0,0.0,1.0,0
26,95.0,24.300172377000003,310.0,0.0,0.0,0.0,1.0,0
26,95.0,24.300172377000003,315.0,0.0,0.0,0.0,1.0,0
26,95.0,24.300172377000003,307.0,0.0,0.0,0.0,1.0,0
26,95.0,24.300172377000003,319.0,0.0,0.0,0.0,1.0,0
26,95.0,24.300172377000003,302.0,0.0,0.0,0.0,1.0,0
26,95.0,24.300172377000003,317.0,0.0,0.0,0.0,1.0,0
26,95.0,24.300172377000003,307.0,0.0,0.0,0.0,1.0,0
26,95.0,24.300172377000003,308.0,0.0,0.0,0.0,1.0,0
26,95.0,24.300172377000003,305.0,0.0,0.0,0.0,1.0,0
26,95.0,24.300172377000003,309.0,0.0,0.0,0.0,1.0,0
26,95.0,24.300172377000003,316.0,0.0,0.0,0.0,1.0,0
26,95.0,24.300172377000003,297.0,0.0,0.0,0.0,1.0,0
26,95.0,24.300172377000003,307.0,0.0,0.0,0.0,1.0,0
26,95.0,24.300172377000003,302.0,0.0,0.0,0.0,1.0,0
26,95.0,24.300172377000003,300.0,0.0,0.0,0.0,1.0,0
26,95.0,24.300172377000003,296.0,0.0,0.0,0.0,1.0,0
26,95.0,24.300172377000003,294.0,0.0,0.0,0.0,1.0,0
26,95.0,24.300172377000003,301.0,0.0,0.0,0.0,1.0,0
26,95.0,24.300172377000003,298.0,0.0,0.0,0.0,1.0,0
26,95.0,24.300172377000003,302.0,0.0,0.0,0.0,1.0,0
26,95.0,24.300172377000003,294.0,0.0,0.0,0.0,1.0,0
26,95.0,24.300172377000003,300.0,0.0,0.0,0.0,1.0,0
26,95.0,24.300172377000003,294.0,0.0,0.0,0.0,1.0,0
26,95.0,24.300172377000003,301.0,0.0,0.0,0.0,1.0,0
26,95.0,24.300172377000003,292.0,0.0,0.0,0.0,1.0,0
26,95.0,24.300172377000003,299.0,0.0,0.0,0.0,1.0,0
26,95.0,24.300172377000003,299.0,0.0,0.0,0.0,1.0,0
26,95.0,24.300172377000003,312.0,0.0,0.0,0.0,1.0,0
26,95.0,24.300172377000003,310.0,0.0,0.0,0.0,1.0,0
26,95.0,24.300172377000003,310.0,0.0,0.0,0.0,1.0,0
26,95.0,24.300172377000003,309.0,0.0,0.0,0.0,1.0,0
26,95.0,24.300172377000003,301.0,0.0,0.0,0.0,1.0,0
26,95.0,24.300172377000003,293.0,0.0,0.0,0.0,1.0,0
26,95.0,24.300172377000003,291.0,0.0,0.0,0.0,1.0,0
26,95.0,24.300172377000003,296.0,0.0,0.0,0.0,1.0,0
26,95.0,24.300172377000003,297.0,0.0,0.0,0.0,1.0,0
26,95.0,24.300172377000003,303.0,0.0,0.0,0.0,1.0,0
26,95.0,24.300172377000003,302.0,0.0,0.0,0.0,1.0,0
26,95.0,24.300172377000003,306.0,0.0,0.0,0.0,1.0,0
26,95.0,24.300172377000003,295.0,0.0,0.0,0.0,1.0,0
26,95.0,24.300172377000003,294.0,0.0,0.0,0.0,1.0,0
26,95.0,24.300172377000003,296.0,0.0,0.0,0.0,1.0,0
26,95.0,24.300172377000003,302.0,0.0,0.0,0.0,1.0,0
26,95.0,24.300172377000003,292.0,0.0,0.0,0.0,1.0,0
26,95.0,24.300172377000003,288.0,0.0,0.0,0.0,1.0,0
26,95.0,24.300172377000003,295.0,0.0,0.0,0.0,1.0,0
26,95.0,24.300172377000003,304.0,0.0,0.0,0.0,1.0,0
26,95.0,24.300172377000003,303.0,0.0,0.0,0.0,1.0,0
26,95.0,24.300172377000003,304.0,0.0,0.0,0.0,1.0,0
26,95.0,24.300172377000003,287.0,0.0,0.0,0.0,1.0,0
26,95.0,24.300172377000003,290.0,0.0,0.0,0.0,1.0,0
26,95.0,24.300172377000003,299.0,0.0,0.0,0.0,1.0,0
26,95.0,24.300172377000003,300.0,0.0,0.0,0.0,1.0,0
26,95.0,24.300172377000003,299.0,0.0,0.0,0.0,1.0,0
26,95.0,24.300172377000003,303.0,0.0,0.0,0.0,1.0,0
26,95.0,24.300172377000003,294.0,0.0,0.0,0.0,1.0,0
26,95.0,24.300172377000003,293.0,0.0,0.0,0.0,1.0,0
26,95.0,24.300172377000003,283.0,0.0,0.0,0.0,1.0,0
26,95.0,24.300172377000003,297.0,0.0,0.0,0.0,1.0,0
26,95.0,24.300172377000003,304.0,0.0,0.0,0.0,1.0,0
26,95.0,24.300172377000003,289.0,0.0,0.0,0.0,1.0,0
26,95.0,24.300172377000003,296.0,0.0,0.0,0.0,1.0,0
26,95.0,24.300172377000003,292.0,0.0,0.0,0.0,1.0,0
26,95.0,24.300172377000003,290.0,0.0,0.0,0.0,1.0,0
26,95.0,24.300172377000003,286.0,0.0,0.0,0.0,1.0,0
26,95.0,24.300172377000003,287.0,0.0,0.0,0.0,1.0,0
26,95.0,24.300172377000003,293.0,0.0,0.0,0.0,1.0,0
26,95.0,24.300172377000003,288.0,0.0,0.0,0.0,1.0,0
26,95.0,24.300172377000003,292.0,0.0,0.0,0.0,1.0,0
26,95.0,24.300172377000003,297.0,0.0,0.0,0.0,1.0,0
26,95.0,24.300172377000003,284.0,0.0,0.0,0.0,1.0,0
26,95.0,24.300172377000003,296.0,0.0,0.0,0.0,1.0,0
26,95.0,24.300172377000003,281.0,0.0,0.0,0.0,1.0,0
26,95.0,24.300172377000003,289.0,0.0,0.0,0.0,1.0,0
26,95.0,24.300172377000003,292.0,0.0,0.0,0.0,1.0,0
26,95.0,24.300172377000003,290.0,0.0,0.0,0.0,1.0,0
26,95.0,24.300172377000003,291.0,0.0,0.0,0.0,1.0,0
26,95.0,24.300172377000003,294.0,0.0,0.0,0.0,1.0,0
26,95.0,24.300172377000003,290.0,0.0,0.0,0.0,1.0,0
26,95.0,24.300172377000003,293.0,0.0,0.0,0.0,1.0,0
26,95.0,24.300172377000003,294.0,0.0,0.0,0.0,1.0,0
26,95.0,24.300172377000003,305.0,0.0,0.0,0.0,1.0,0
26,95.0,24.300172377000003,300.0,0.0,0.0,0.0,1.0,0
26,95.0,24.300172377000003,298.0,0.0,0.0,0.0,1.0,0
26,95.0,24.300172377000003,309.0,0.0,0.0,0.0,1.0,0
26,95.0,24.300172377000003,301.0,0.0,0.0,0.0,1.0,0
26,95.0,24.300172377000003,305.0,0.0,0.0,0.0,1.0,0
26,95.0,24.300172377000003,309.0,0.0,0.0,0.0,1.0,0
26,95.0,24.300172377000003,296.0,0.0,0.0,0.0,1.0,0
26,95.0,24.300172377000003,297.0,0.0,0.0,0.0,1.0,0
26,95.0,24.300172377000003,300.0,0.0,0.0,0.0,1.0,0
26,95.0,24.300172377000003,302.0,0.0,0.0,0.0,1.0,0
26,95.0,24.300172377000003,297.0,0.0,0.0,0.0,1.0,0
26,95.0,24.300172377000003,289.0,0.0,0.0,0.0,1.0,0
26,95.0,24.300172377000003,293.0,0.0,0.0,0.0,1.0,0
26,95.0,24.300172377000003,293.0,0.0,0.0,0.0,1.0,0
26,95.0,24.300172377000003,291.0,0.0,0.0,0.0,1.0,0
26,95.0,24.300172377000003,291.0,0.0,0.0,0.0,1.0,0
26,95.0,24.300172377000003,293.0,0.0,0.0,0.0,1.0,0
26,95.0,24.300172377000003,295.0,0.0,0.0,0.0,1.0,0
26,95.0,24.300172377000003,300.0,0.0,0.0,0.0,1.0,0
26,95.0,24.300172377000003,290.0,0.0,0.0,0.0,1.0,0
26,95.0,24.300172377000003,292.0,0.0,0.0,0.0,1.0,0
26,95.0,24.300172377000003,298.0,0.0,0.0,0.0,1.0,0
26,95.0,24.300172377000003,300.0,0.0,0.0,0.0,1.0,0
26,95.0,24.300172377000003,303.0,0.0,0.0,0.0,1.0,0
26,95.0,24.300172377000003,297.0,0.0,0.0,0.0,1.0,0
26,95.0,24.300172377000003,292.0,0.0,0.0,0.0,1.0,0
26,95.0,24.300172377000003,291.0,0.0,0.0,0.0,1.0,0
26,95.0,24.300172377000003,292.0,0.0,0.0,0.0,1.0,0
26,95.0,24.300172377000003,298.0,0.0,0.0,0.0,1.0,0
26,95.0,24.300172377000003,286.0,0.0,0.0,0.0,1.0,0
26,95.0,24.300172377000003,298.0,0.0,0.0,0.0,1.0,0
26,95.0,24.300172377000003,286.0,0.0,0.0,0.0,1.0,0
26,95.0,24.300172377000003,293.0,0.0,0.0,0.0,1.0,0
26,95.0,24.300172377000003,298.0,0.0,0.0,0.0,1.0,0
26,95.0,24.300172377000003,285.0,0.0,0.0,0.0,1.0,0
26,95.0,24.300172377000003,301.0,0.0,0.0,0.0,1.0,0
26,95.0,24.300172377000003,283.0,0.0,0.0,0.0,1.0,0
26,95.0,24.300172377000003,291.0,0.0,0.0,0.0,1.0,0
26,95.0,24.300172377000003,295.0,0.0,0.0,0.0,1.0,0
26,95.0,24.300172377000003,284.0,0.0,0.0,0.0,1.0,0
26,95.0,24.300172377000003,285.0,0.0,0.0,0.0,1.0,0
26,95.0,24.300172377000003,280.0,0.0,0.0,0.0,1.0,0
26,95.0,24.300172377000003,284.0,0.0,0.0,0.0,1.0,0
26,95.0,24.300172377000003,279.0,0.0,0.0,0.0,1.0,0
26,95.0,24.300172377000003,277.0,0.0,0.0,0.0,1.0,0
26,95.0,24.300172377000003,272.0,0.0,0.0,0.0,1.0,0
26,95.0,24.300172377000003,277.0,0.0,0.0,0.0,1.0,0
26,95.0,24.300172377000003,270.0,0.0,0.0,0.0,1.0,0
26,95.0,24.300172377000003,276.0,0.0,0.0,0.0,1.0,0
26,95.0,24.300172377000003,279.0,0.0,0.0,0.0,1.0,0
26,95.0,24.300172377000003,281.0,0.0,0.0,0.0,1.0,0
26,95.0,24.300172377000003,276.0,0.0,0.0,0.0,1.0,0
26,95.0,24.300172377000003,272.0,0.0,0.0,0.0,1.0,0
26,95.0,24.300172377000003,277.0,0.0,0.0,0.0,1.0,0
26,95.0,24.300172377000003,274.0,0.0,0.0,0.0,1.0,0
26,95.0,24.300172377000003,275.0,0.0,0.0,0.0,1.0,0
26,95.0,24.300172377000003,276.0,0.0,0.0,0.0,1.0,0
26,95.0,24.300172377000003,271.0,0.0,0.0,0.0,1.0,0
26,95.0,24.300172377000003,273.0,0.0,0.0,0.0,1.0,0
26,95.0,24.300172377000003,278.0,0.0,0.0,0.0,1.0,0
26,95.0,24.300172377000003,274.0,0.0,0.0,0.0,1.0,0
26,95.0,24.300172377000003,279.0,0.0,0.0,0.0,1.0,0
26,95.0,24.300172377000003,278.0,0.0,0.0,0.0,1.0,0
26,95.0,24.300172377000003,275.0,0.0,0.0,0.0,1.0,0
26,95.0,24.300172377000003,281.0,0.0,0.0,0.0,1.0,0
26,95.0,24.300172377000003,272.0,0.0,0.0,0.0,1.0,0
26,95.0,24.300172377000003,278.0,0.0,0.0,0.0,1.0,0
26,95.0,24.300172377000003,276.0,0.0,0.0,0.0,1.0,0
26,95.0,24.300172377000003,276.0,0.0,0.0,0.0,1.0,0
26,95.0,24.300172377000003,272.0,0.0,0.0,0.0,1.0,0
26,95.0,24.300172377000003,274.0,0.0,0.0,0.0,1.0,0
26,95.0,24.300172377000003,278.0,0.0,0.0,0.0,1.0,0
26,95.0,24.300172377000003,280.0,0.0,0.0,0.0,1.0,0
26,95.0,24.300172377000003,272.0,0.0,0.0,0.0,1.0,0
26,95.0,24.300172377000003,279.0,0.0,0.0,0.0,1.0,0
26,95.0,24.300172377000003,273.0,0.0,0.0,0.0,1.0,0
26,95.0,24.300172377000003,279.0,0.0,0.0,0.0,1.0,0
26,95.0,24.300172377000003,280.0,0.0,0.0,0.0,1.0,0
26,95.0,24.300172377000003,276.0,0.0,0.0,0.0,1.0,0
26,95.0,24.300172377000003,275.0,0.0,0.0,0.0,1.0,0
26,95.0,24.300172377000003,278.0,0.0,0.0,0.0,1.0,0
26,95.0,24.300172377000003,280.0,0.0,0.0,0.0,1.0,0
26,95.0,24.300172377000003,281.0,0.0,0.0,0.0,1.0,0
26,95.0,24.300172377000003,272.0,0.0,0.0,0.0,1.0,0
26,95.0,24.300172377000003,277.0,0.0,0.0,0.0,1.0,0
26,95.0,24.300172377000003,274.0,0.0,0.0,0.0,1.0,0
26,95.0,24.300172377000003,282.0,0.0,0.0,0.0,1.0,0
26,95.0,24.300172377000003,277.0,0.0,0.0,0.0,1.0,0
26,95.0,24.300172377000003,274.0,0.0,0.0,0.0,1.0,0
26,95.0,24.300172377000003,230.0,0.0,0.0,0.0,1.0,0
26,95.0,24.300172377000003,312.0,0.0,0.0,0.0,1.0,0
26,95.0,24.300172377000003,306.0,0.0,0.0,0.0,1.0,0
26,95.0,24.300172377000003,304.0,0.0,0.0,0.0,1.0,0
26,95.0,24.300172377000003,308.0,0.0,0.0,0.0,1.0,0
25,95.0,24.300172377000003,296.0,0.0,0.0,0.0,1.0,0
25,95.0,24.300172377000003,362.0,0.0,0.0,0.0,1.0,0
25,95.0,24.300172377000003,358.0,0.0,0.0,0.0,1.0,0
25,95.0,24.300172377000003,355.0,0.0,0.0,0.0,1.0,0
25,95.0,24.300172377000003,349.0,0.0,0.0,0.0,1.0,0
25,95.0,24.300172377000003,362.0,0.0,0.0,0.0,1.0,0
25,95.0,24.300172377000003,344.0,0.0,0.0,0.0,1.0,0
25,95.0,24.300172377000003,350.0,0.0,0.0,0.0,1.0,0
25,95.0,24.300172377000003,353.0,0.0,0.0,0.0,1.0,0
25,95.0,24.300172377000003,345.0,0.0,0.0,0.0,1.0,0
25,95.0,24.300172377000003,340.0,0.0,0.0,0.0,1.0,0
25,95.0,24.300172377000003,341.0,0.0,0.0,0.0,1.0,0
25,95.0,24.300172377000003,332.0,0.0,0.0,0.0,1.0,0
25,95.0,24.300172377000003,344.0,0.0,0.0,0.0,1.0,0
25,95.0,24.300172377000003,333.0,0.0,0.0,0.0,1.0,0
25,95.0,24.300172377000003,336.0,0.0,0.0,0.0,1.0,0
25,95.0,24.300172377000003,326.0,0.0,0.0,0.0,1.0,0
25,95.0,24.300172377000003,330.0,0.0,0.0,0.0,1.0,0
25,95.0,24.300172377000003,317.0,0.0,0.0,0.0,1.0,0
25,95.0,24.300172377000003,327.0,0.0,0.0,0.0,1.0,0
25,95.0,24.300172377000003,319.0,0.0,0.0,0.0,1.0,0
25,95.0,24.300172377000003,312.0,0.0,0.0,0.0,1.0,0
25,95.0,24.300172377000003,321.0,0.0,0.0,0.0,1.0,0
25,95.0,24.300172377000003,321.0,0.0,0.0,0.0,1.0,0
25,95.0,24.300172377000003,314.0,0.0,0.0,0.0,1.0,0
26,95.0,24.300172377000003,324.0,0.0,0.0,0.0,1.0,0
25,95.0,24.300172377000003,316.0,0.0,0.0,0.0,1.0,0
25,95.0,24.300172377000003,313.0,0.0,0.0,0.0,1.0,0
